"Market and Exchange Names","As of Date in Form YYMMDD","As of Date in Form YYYY-MM-DD","CFTC Contract Market Code","CFTC Market Code in Initials","CFTC Region Code","CFTC Commodity Code","Open Interest (All)","Noncommercial Positions-Long (All)","Noncommercial Positions-Short (All)","Noncommercial Positions-Spreading (All)","Commercial Positions-Long (All)","Commercial Positions-Short (All)"," Total Reportable Positions-Long (All)","Total Reportable Positions-Short (All)","Nonreportable Positions-Long (All)","Nonreportable Positions-Short (All)","Open Interest (Old)","Noncommercial Positions-Long (Old)","Noncommercial Positions-Short (Old)","Noncommercial Positions-Spreading (Old)","Commercial Positions-Long (Old)","Commercial Positions-Short (Old)","Total Reportable Positions-Long (Old)","Total Reportable Positions-Short (Old)","Nonreportable Positions-Long (Old)","Nonreportable Positions-Short (Old)","Open Interest (Other)","Noncommercial Positions-Long (Other)","Noncommercial Positions-Short (Other)","Noncommercial Positions-Spreading (Other)","Commercial Positions-Long (Other)","Commercial Positions-Short (Other)","Total Reportable Positions-Long (Other)","Total Reportable Positions-Short (Other)","Nonreportable Positions-Long (Other)","Nonreportable Positions-Short (Other)","Change in Open Interest (All)","Change in Noncommercial-Long (All)","Change in Noncommercial-Short (All)","Change in Noncommercial-Spreading (All)","Change in Commercial-Long (All)","Change in Commercial-Short (All)","Change in Total Reportable-Long (All)","Change in Total Reportable-Short (All)","Change in Nonreportable-Long (All)","Change in Nonreportable-Short (All)","% of Open Interest (OI) (All)","% of OI-Noncommercial-Long (All)","% of OI-Noncommercial-Short (All)","% of OI-Noncommercial-Spreading (All)","% of OI-Commercial-Long (All)","% of OI-Commercial-Short (All)","% of OI-Total Reportable-Long (All)","% of OI-Total Reportable-Short (All)","% of OI-Nonreportable-Long (All)","% of OI-Nonreportable-Short (All)","% of Open Interest (OI)(Old)","% of OI-Noncommercial-Long (Old)","% of OI-Noncommercial-Short (Old)","% of OI-Noncommercial-Spreading (Old)","% of OI-Commercial-Long (Old)","% of OI-Commercial-Short (Old)","% of OI-Total Reportable-Long (Old)","% of OI-Total Reportable-Short (Old)","% of OI-Nonreportable-Long (Old)","% of OI-Nonreportable-Short (Old)","% of Open Interest (OI) (Other)","% of OI-Noncommercial-Long (Other)","% of OI-Noncommercial-Short (Other)","% of OI-Noncommercial-Spreading (Other)","% of OI-Commercial-Long (Other)","% of OI-Commercial-Short (Other)","% of OI-Total Reportable-Long (Other)","% of OI-Total Reportable-Short (Other)","% of OI-Nonreportable-Long (Other)","% of OI-Nonreportable-Short (Other)","Traders-Total (All)","Traders-Noncommercial-Long (All)","Traders-Noncommercial-Short (All)","Traders-Noncommercial-Spreading (All)","Traders-Commercial-Long (All)","Traders-Commercial-Short (All)","Traders-Total Reportable-Long (All)","Traders-Total Reportable-Short (All)","Traders-Total (Old)","Traders-Noncommercial-Long (Old)","Traders-Noncommercial-Short (Old)","Traders-Noncommercial-Spreading (Old)","Traders-Commercial-Long (Old)","Traders-Commercial-Short (Old)","Traders-Total Reportable-Long (Old)","Traders-Total Reportable-Short (Old)","Traders-Total (Other)","Traders-Noncommercial-Long (Other)","Traders-Noncommercial-Short (Other)","Traders-Noncommercial-Spreading (Other)","Traders-Commercial-Long (Other)","Traders-Commercial-Short (Other)","Traders-Total Reportable-Long (Other)","Traders-Total Reportable-Short (Other)","Concentration-Gross LT = 4 TDR-Long (All)","Concentration-Gross LT =4 TDR-Short (All)","Concentration-Gross LT =8 TDR-Long (All)","Concentration-Gross LT =8 TDR-Short (All)","Concentration-Net LT =4 TDR-Long (All)","Concentration-Net LT =4 TDR-Short (All)","Concentration-Net LT =8 TDR-Long (All)","Concentration-Net LT =8 TDR-Short (All)","Concentration-Gross LT =4 TDR-Long (Old)","Concentration-Gross LT =4 TDR-Short (Old)","Concentration-Gross LT =8 TDR-Long (Old)","Concentration-Gross LT =8 TDR-Short (Old)","Concentration-Net LT =4 TDR-Long (Old)","Concentration-Net LT =4 TDR-Short (Old)","Concentration-Net LT =8 TDR-Long (Old)","Concentration-Net LT =8 TDR-Short (Old)","Concentration-Gross LT =4 TDR-Long (Other)","Concentration-Gross LT =4 TDR-Short(Other)","Concentration-Gross LT =8 TDR-Long (Other)","Concentration-Gross LT =8 TDR-Short(Other)","Concentration-Net LT =4 TDR-Long (Other)","Concentration-Net LT =4 TDR-Short (Other)","Concentration-Net LT =8 TDR-Long (Other)","Concentration-Net LT =8 TDR-Short (Other)","Contract Units","CFTC Contract Market Code (Quotes)","CFTC Market Code in Initials (Quotes)","CFTC Commodity Code (Quotes)"
"WHEAT-SRW - CHICAGO BOARD OF TRADE",260106,2026-01-06,001602,CBT ,00,001 ,  500768,  127991,  216082,  156654,  183409,   98439,  468054,  471175,   32714,   29593,  386749,  140825,  195165,   95747,  123720,   73569,  360292,  364481,   26457,   22268,  114019,   31770,   65521,   16303,   59689,   24870,  107762,  106694,    6257,    7325,   12280,   -4124,   12976,    4769,    8192,   -6802,    8837,   10943,    3443,    1337,  100.0,   25.6,   43.2,   31.3,   36.6,   19.7,   93.5,   94.1,    6.5,    5.9,  100.0,   36.4,   50.5,   24.8,   32.0,   19.0,   93.2,   94.2,    6.8,    5.8,  100.0,   27.9,   57.5,   14.3,   52.4,   21.8,   94.5,   93.6,    5.5,    6.4,    374,    118,    126,    118,     94,     91,    269,    282,    364,    119,    120,     86,     86,     75,    240,    247,    215,     55,     61,     41,     59,     66,    137,    149,    13.0,    15.4,    21.6,    25.3,     9.2,    10.7,    14.1,    17.8,    14.9,    18.0,    24.1,    28.3,    10.0,    12.9,    16.1,    21.3,    23.7,    24.8,    38.3,    40.4,    23.6,    24.7,    38.0,    39.9,"(CONTRACTS OF 5,000 BUSHELS)","001602","CBT ","001 "
"WHEAT-HRW - CHICAGO BOARD OF TRADE",260106,2026-01-06,001612,CBT ,00,001 ,  301270,   89618,   87988,   76978,  117893,  115283,  284489,  280249,   16781,   21021,  235688,  103357,   79783,   41898,   77384,   97568,  222639,  219249,   13049,   16439,   65582,   13666,   35610,    7675,   40509,   17715,   61850,   61000,    3732,    4582,    6888,    5103,    1673,    1343,    -822,    4531,    5624,    7547,    1264,    -659,  100.0,   29.7,   29.2,   25.6,   39.1,   38.3,   94.4,   93.0,    5.6,    7.0,  100.0,   43.9,   33.9,   17.8,   32.8,   41.4,   94.5,   93.0,    5.5,    7.0,  100.0,   20.8,   54.3,   11.7,   61.8,   27.0,   94.3,   93.0,    5.7,    7.0,    250,     70,     77,     72,     73,     71,    188,    179,    245,     77,     70,     56,     58,     65,    161,    166,    148,     34,     36,     27,     53,     46,    104,     92,    12.8,    13.8,    23.9,    22.6,    12.4,    12.1,    21.1,    19.4,    15.5,    16.1,    26.9,    26.6,    14.1,    15.2,    24.3,    24.7,    22.0,    25.4,    36.3,    40.9,    19.5,    22.3,    31.8,    36.2,"(CONTRACTS OF 5,000 BUSHELS)","001612","CBT ","001 "
"WHEAT-HRSpring - MIAX FUTURES EXCHANGE",260106,2026-01-06,001626,MGE ,00,001 ,   68827,   12847,   29122,    7529,   38664,   22653,   59040,   59304,    9787,    9523,   63706,   14515,   29009,    5613,   34716,   20512,   54844,   55134,    8862,    8572,    5121,     203,    1984,      45,    3948,    2141,    4196,    4170,     925,     951,     659,    -717,     -39,     521,     -59,    -591,    -255,    -109,     914,     768,  100.0,   18.7,   42.3,   10.9,   56.2,   32.9,   85.8,   86.2,   14.2,   13.8,  100.0,   22.8,   45.5,    8.8,   54.5,   32.2,   86.1,   86.5,   13.9,   13.5,  100.0,    4.0,   38.7,    0.9,   77.1,   41.8,   81.9,   81.4,   18.1,   18.6,     99,     18,     25,     17,     43,     37,     70,     72,     99,     19,     25,     16,     42,     33,     69,     67,     35,      1,      6,      2,     17,     16,     20,     22,    18.5,    27.0,    31.8,    42.9,    17.4,    26.1,    30.6,    39.5,    19.7,    28.2,    32.6,    44.4,    18.6,    28.2,    31.4,    42.0,    61.3,    60.0,    73.9,    73.7,    60.0,    59.4,    71.0,    73.0,"(CONTRACTS OF 5,000 BUSHELS)","001626","MGE ","001 "
"CORN - CHICAGO BOARD OF TRADE",260106,2026-01-06,002602,CBT ,00,002 , 1537728,  363722,  303610,  345918,  691692,  733545, 1401332, 1383073,  136396,  154655, 1323059,  383183,  339488,  213198,  601530,  640698, 1197911, 1193384,  125148,  129675,  214669,  106953,   90536,    6306,   90162,   92847,  203421,  189689,   11248,   24980,   -5287,    1347,   -5573,   -1485,   -8085,    7417,   -8223,     359,    2936,   -5646,  100.0,   23.7,   19.7,   22.5,   45.0,   47.7,   91.1,   89.9,    8.9,   10.1,  100.0,   29.0,   25.7,   16.1,   45.5,   48.4,   90.5,   90.2,    9.5,    9.8,  100.0,   49.8,   42.2,    2.9,   42.0,   43.3,   94.8,   88.4,    5.2,   11.6,    761,    146,    151,    156,    280,    359,    514,    591,    756,    151,    148,    141,    271,    344,    495,    568,    444,     38,     81,     31,     92,    266,    152,    358,    10.5,    10.4,    18.5,    16.4,     9.1,     6.0,    15.3,    10.4,    10.7,    10.8,    18.9,    17.4,    10.6,     9.6,    17.7,    14.6,    42.3,    21.0,    54.8,    33.1,    42.3,    20.9,    54.8,    32.4,"(CONTRACTS OF 5,000 BUSHELS)","002602","CBT ","002 "
"SOYBEANS - CHICAGO BOARD OF TRADE",260106,2026-01-06,005602,CBT ,00,005 ,  782429,  189681,   84911,  153159,  386231,  476546,  729071,  714616,   53358,   67813,  673492,  184361,   80698,  114341,  328951,  425562,  627653,  620601,   45839,   52891,  108937,   27893,   26786,   16245,   57280,   50984,  101418,   94015,    7519,   14922,    5830,  -14162,    2879,   12556,    9430,  -12144,    7824,    3291,   -1994,    2539,  100.0,   24.2,   10.9,   19.6,   49.4,   60.9,   93.2,   91.3,    6.8,    8.7,  100.0,   27.4,   12.0,   17.0,   48.8,   63.2,   93.2,   92.1,    6.8,    7.9,  100.0,   25.6,   24.6,   14.9,   52.6,   46.8,   93.1,   86.3,    6.9,   13.7,    567,    152,    114,    152,    179,    256,    407,    461,    561,    155,    115,    133,    169,    247,    386,    439,    338,     54,     68,     46,     80,    176,    160,    267,    12.4,    14.9,    20.9,    24.3,    11.1,    14.0,    17.6,    22.5,    14.0,    16.6,    23.3,    26.7,    12.3,    15.8,    19.3,    25.4,    16.6,    16.4,    28.5,    25.8,    14.9,    11.9,    25.9,    19.6,"(CONTRACTS OF 5,000 BUSHELS)","005602","CBT ","005 "
"NJ SRECS - ICE FUTURES ENERGY DIV",260106,2026-01-06,0063CC,IFED,01,006 ,  109708,   45001,   59791,    5755,   58952,   44162,  109708,  109708,       0,       0,  109708,   45001,   59791,    5755,   58952,   44162,  109708,  109708,       0,       0,       0,       0,       0,       0,       0,       0,       0,       0,       0,       0,       0,       0,       0,       0,       0,       0,       0,       0,       0,       0,  100.0,   41.0,   54.5,    5.2,   53.7,   40.3,  100.0,  100.0,    0.0,    0.0,  100.0,   41.0,   54.5,    5.2,   53.7,   40.3,  100.0,  100.0,    0.0,    0.0,    0.0,    0.0,    0.0,    0.0,    0.0,    0.0,    0.0,    0.0,    0.0,    0.0,     34,      5,      9,      7,     13,     11,     23,     22,     34,      5,      9,      7,     13,     11,     23,     22,      0,      0,      0,      0,      0,      0,      0,      0,    58.3,    73.5,    81.4,    89.1,    58.3,    73.5,    80.5,    84.8,    58.3,    73.5,    81.4,    89.1,    58.3,    73.5,    80.5,    84.8,     0.0,     0.0,     0.0,     0.0,     0.0,     0.0,     0.0,     0.0,"(10 SRECs)","0063CC","IFED","006 "
"PJM TRI-RECs CLASS 1 - ICE FUTURES ENERGY DIV",260106,2026-01-06,0063CH,IFED,01,006 ,  245567,   52298,   65304,   16386,  176872,  163877,  245556,  245567,      11,       0,  245567,   52298,   65304,   16386,  176872,  163877,  245556,  245567,      11,       0,       0,       0,       0,       0,       0,       0,       0,       0,       0,       0,    2297,     981,      69,     -95,    1411,    2323,    2297,    2297,       0,       0,  100.0,   21.3,   26.6,    6.7,   72.0,   66.7,  100.0,  100.0,    0.0,    0.0,  100.0,   21.3,   26.6,    6.7,   72.0,   66.7,  100.0,  100.0,    0.0,    0.0,    0.0,    0.0,    0.0,    0.0,    0.0,    0.0,    0.0,    0.0,    0.0,    0.0,     50,     13,     10,     10,     18,     17,     35,     33,     50,     13,     10,     10,     18,     17,     35,     33,      0,      0,      0,      0,      0,      0,      0,      0,    47.7,    46.5,    73.6,    72.6,    46.5,    45.9,    69.8,    71.4,    47.7,    46.5,    73.6,    72.6,    46.5,    45.9,    69.8,    71.4,     0.0,     0.0,     0.0,     0.0,     0.0,     0.0,     0.0,     0.0,"(100 MWh of renewable energy certificate","0063CH","IFED","006 "
"CALIF LOW CARBON FSC-OPIS - ICE FUTURES ENERGY DIV",260106,2026-01-06,0063CU,IFED,01,006 ,  104229,   69460,   12614,    1500,   33267,   90112,  104227,  104226,       2,       3,  104229,   69460,   12614,    1500,   33267,   90112,  104227,  104226,       2,       3,       0,       0,       0,       0,       0,       0,       0,       0,       0,       0,  -29798,  -23081,    4647,   -8625,    1908,  -25820,  -29798,  -29798,       0,       0,  100.0,   66.6,   12.1,    1.4,   31.9,   86.5,  100.0,  100.0,    0.0,    0.0,  100.0,   66.6,   12.1,    1.4,   31.9,   86.5,  100.0,  100.0,    0.0,    0.0,    0.0,    0.0,    0.0,    0.0,    0.0,    0.0,    0.0,    0.0,    0.0,    0.0,     54,     26,      5,      1,     13,     11,     39,     17,     54,     26,      5,      1,     13,     11,     39,     17,      0,      0,      0,      0,      0,      0,      0,      0,    49.0,    90.3,    76.2,    96.4,    47.5,    90.3,    74.8,    95.8,    49.0,    90.3,    76.2,    96.4,    47.5,    90.3,    74.8,    95.8,     0.0,     0.0,     0.0,     0.0,     0.0,     0.0,     0.0,     0.0,"(100 LCFS Credits- each of 1 MT)","0063CU","IFED","006 "
"D6 RINs OPIS CURRENT YEAR - ICE FUTURES ENERGY DIV",260106,2026-01-06,0063CW,IFED,01,006 ,   14931,    8032,    5943,     245,    6518,    8646,   14795,   14834,     136,      97,   14931,    8032,    5943,     245,    6518,    8646,   14795,   14834,     136,      97,       0,       0,       0,       0,       0,       0,       0,       0,       0,       0,   -4362,   -2641,   -2475,   -1237,    -517,    -659,   -4395,   -4371,      33,       9,  100.0,   53.8,   39.8,    1.6,   43.7,   57.9,   99.1,   99.4,    0.9,    0.6,  100.0,   53.8,   39.8,    1.6,   43.7,   57.9,   99.1,   99.4,    0.9,    0.6,    0.0,    0.0,    0.0,    0.0,    0.0,    0.0,    0.0,    0.0,    0.0,    0.0,     55,     11,     22,      4,     13,     13,     28,     35,     55,     11,     22,      4,     13,     13,     28,     35,      0,      0,      0,      0,      0,      0,      0,      0,    61.8,    48.3,    84.3,    68.1,    61.8,    47.9,    84.3,    67.8,    61.8,    48.3,    84.3,    68.1,    61.8,    47.9,    84.3,    67.8,     0.0,     0.0,     0.0,     0.0,     0.0,     0.0,     0.0,     0.0,"(50,000 RINs)","0063CW","IFED","006 "
"PA SOLAR ALTER ENERGY CREDIT - ICE FUTURES ENERGY DIV",260106,2026-01-06,0063DA,IFED,01,006 ,   20255,    5805,    1120,       0,   14450,   19135,   20255,   20255,       0,       0,   20255,    5805,    1120,       0,   14450,   19135,   20255,   20255,       0,       0,       0,       0,       0,       0,       0,       0,       0,       0,       0,       0,       0,    -300,       0,       0,     300,       0,       0,       0,       0,       0,  100.0,   28.7,    5.5,    0.0,   71.3,   94.5,  100.0,  100.0,    0.0,    0.0,  100.0,   28.7,    5.5,    0.0,   71.3,   94.5,  100.0,  100.0,    0.0,    0.0,    0.0,    0.0,    0.0,    0.0,    0.0,    0.0,    0.0,    0.0,    0.0,    0.0,     26,      6,      4,      0,     11,      6,     17,     10,     26,      6,      4,      0,     11,      6,     17,     10,      0,      0,      0,      0,      0,      0,      0,      0,    55.8,    89.5,    82.1,    98.9,    55.8,    89.5,    82.1,    97.0,    55.8,    89.5,    82.1,    98.9,    55.8,    89.5,    82.1,    97.0,     0.0,     0.0,     0.0,     0.0,     0.0,     0.0,     0.0,     0.0,"(10 PA SRECs)","0063DA","IFED","006 "
"CALIF CARBON CURRENT AUCTION - ICE FUTURES ENERGY DIV",260106,2026-01-06,0063DB,IFED,01,006 ,   52419,    6780,   49454,     235,   45385,    2730,   52400,   52419,      19,       0,   52419,    6780,   49454,     235,   45385,    2730,   52400,   52419,      19,       0,       0,       0,       0,       0,       0,       0,       0,       0,       0,       0,   -1050,    -500,   -1650,     100,    -650,     500,   -1050,   -1050,       0,       0,  100.0,   12.9,   94.3,    0.4,   86.6,    5.2,  100.0,  100.0,    0.0,    0.0,  100.0,   12.9,   94.3,    0.4,   86.6,    5.2,  100.0,  100.0,    0.0,    0.0,    0.0,    0.0,    0.0,    0.0,    0.0,    0.0,    0.0,    0.0,    0.0,    0.0,     34,      8,     12,      3,     10,      5,     21,     17,     34,      8,     12,      3,     10,      5,     21,     17,      0,      0,      0,      0,      0,      0,      0,      0,    80.2,    86.0,    94.2,    95.5,    80.2,    85.7,    94.2,    95.2,    80.2,    86.0,    94.2,    95.5,    80.2,    85.7,    94.2,    95.2,     0.0,     0.0,     0.0,     0.0,     0.0,     0.0,     0.0,     0.0,"(1,000 California carbon allowances)","0063DB","IFED","006 "
"D4 BIODIESEL RINs OPIS CURR YR - ICE FUTURES ENERGY DIV",260106,2026-01-06,0063DG,IFED,01,006 ,   13143,    9336,    5939,     213,    3453,    6918,   13002,   13070,     141,      73,   13143,    9336,    5939,     213,    3453,    6918,   13002,   13070,     141,      73,       0,       0,       0,       0,       0,       0,       0,       0,       0,       0,   -3434,   -1475,   -1983,    -618,   -1341,    -843,   -3434,   -3444,       0,      10,  100.0,   71.0,   45.2,    1.6,   26.3,   52.6,   98.9,   99.4,    1.1,    0.6,  100.0,   71.0,   45.2,    1.6,   26.3,   52.6,   98.9,   99.4,    1.1,    0.6,    0.0,    0.0,    0.0,    0.0,    0.0,    0.0,    0.0,    0.0,    0.0,    0.0,     58,     27,     10,      5,      8,     14,     36,     28,     58,     27,     10,      5,      8,     14,     36,     28,      0,      0,      0,      0,      0,      0,      0,      0,    41.1,    64.0,    63.0,    82.2,    41.1,    64.0,    62.4,    82.2,    41.1,    64.0,    63.0,    82.2,    41.1,    64.0,    62.4,    82.2,     0.0,     0.0,     0.0,     0.0,     0.0,     0.0,     0.0,     0.0,"(50,000 RINs)","0063DG","IFED","006 "
"CT RECs CLASS 1 - ICE FUTURES ENERGY DIV",260106,2026-01-06,0063DK,IFED,01,006 ,    9690,    3700,    1625,       0,    5990,    8065,    9690,    9690,       0,       0,    9690,    3700,    1625,       0,    5990,    8065,    9690,    9690,       0,       0,       0,       0,       0,       0,       0,       0,       0,       0,       0,       0,       0,       0,       0,       0,       0,       0,       0,       0,       0,       0,  100.0,   38.2,   16.8,    0.0,   61.8,   83.2,  100.0,  100.0,    0.0,    0.0,  100.0,   38.2,   16.8,    0.0,   61.8,   83.2,  100.0,  100.0,    0.0,    0.0,    0.0,    0.0,    0.0,    0.0,    0.0,    0.0,    0.0,    0.0,    0.0,    0.0,     25,      3,      5,      0,      8,     11,     11,     16,     25,      3,      5,      0,      8,     11,     11,     16,      0,      0,      0,      0,      0,      0,      0,      0,    76.4,    61.3,    93.6,    86.5,    75.3,    61.3,    91.0,    86.5,    76.4,    61.3,    93.6,    86.5,    75.3,    61.3,    91.0,    86.5,     0.0,     0.0,     0.0,     0.0,     0.0,     0.0,     0.0,     0.0,"(100 MWh of Class 1 Renewable Energy Cer","0063DK","IFED","006 "
"MASS COMPLIANCE RECs CLASS 1 - ICE FUTURES ENERGY DIV",260106,2026-01-06,0063DL,IFED,01,006 ,   17808,     150,    5450,     600,   17058,   11708,   17808,   17758,       0,      50,   17808,     150,    5450,     600,   17058,   11708,   17808,   17758,       0,      50,       0,       0,       0,       0,       0,       0,       0,       0,       0,       0,       0,       0,       0,       0,       0,       0,       0,       0,       0,       0,  100.0,    0.8,   30.6,    3.4,   95.8,   65.7,  100.0,   99.7,    0.0,    0.3,  100.0,    0.8,   30.6,    3.4,   95.8,   65.7,  100.0,   99.7,    0.0,    0.3,    0.0,    0.0,    0.0,    0.0,    0.0,    0.0,    0.0,    0.0,    0.0,    0.0,     25,      1,      6,      2,      9,     11,     11,     18,     25,      1,      6,      2,      9,     11,     11,     18,      0,      0,      0,      0,      0,      0,      0,      0,    83.5,    53.7,    96.8,    79.5,    83.5,    53.0,    92.6,    77.1,    83.5,    53.7,    96.8,    79.5,    83.5,    53.0,    92.6,    77.1,     0.0,     0.0,     0.0,     0.0,     0.0,     0.0,     0.0,     0.0,"100 MWh of Class 1 Renewable Energy Cert","0063DL","IFED","006 "
"MARYLAND COMPLIANCE REC TIER1 - ICE FUTURES ENERGY DIV",260106,2026-01-06,0063DM,IFED,01,006 ,   12257,    1900,    3804,       0,   10357,    8453,   12257,   12257,       0,       0,   12257,    1900,    3804,       0,   10357,    8453,   12257,   12257,       0,       0,       0,       0,       0,       0,       0,       0,       0,       0,       0,       0,    -856,       0,    -176,       0,    -856,    -680,    -856,    -856,       0,       0,  100.0,   15.5,   31.0,    0.0,   84.5,   69.0,  100.0,  100.0,    0.0,    0.0,  100.0,   15.5,   31.0,    0.0,   84.5,   69.0,  100.0,  100.0,    0.0,    0.0,    0.0,    0.0,    0.0,    0.0,    0.0,    0.0,    0.0,    0.0,    0.0,    0.0,     23,      3,      4,      0,      8,      9,     11,     13,     23,      3,      4,      0,      8,      9,     11,     13,      0,      0,      0,      0,      0,      0,      0,      0,    71.5,    76.2,    93.1,    93.9,    71.5,    76.2,    93.1,    93.9,    71.5,    76.2,    93.1,    93.9,    71.5,    76.2,    93.1,    93.9,     0.0,     0.0,     0.0,     0.0,     0.0,     0.0,     0.0,     0.0,"(100 Tier 1 RECs)","0063DM","IFED","006 "
"NEPOOL DUAL RECs CLASS 1 - ICE FUTURES ENERGY DIV",260106,2026-01-06,0063DQ,IFED,01,006 ,   13635,    1750,    7646,      55,   11805,    5934,   13610,   13635,      25,       0,   13635,    1750,    7646,      55,   11805,    5934,   13610,   13635,      25,       0,       0,       0,       0,       0,       0,       0,       0,       0,       0,       0,       0,       0,       0,       0,       0,       0,       0,       0,       0,       0,  100.0,   12.8,   56.1,    0.4,   86.6,   43.5,   99.8,  100.0,    0.2,    0.0,  100.0,   12.8,   56.1,    0.4,   86.6,   43.5,   99.8,  100.0,    0.2,    0.0,    0.0,    0.0,    0.0,    0.0,    0.0,    0.0,    0.0,    0.0,    0.0,    0.0,     21,      2,      3,      1,     11,      8,     13,     12,     21,      2,      3,      1,     11,      8,     13,     12,      0,      0,      0,      0,      0,      0,      0,      0,    58.7,    79.9,    85.8,    96.5,    58.3,    79.9,    83.1,    94.4,    58.7,    79.9,    85.8,    96.5,    58.3,    79.9,    83.1,    94.4,     0.0,     0.0,     0.0,     0.0,     0.0,     0.0,     0.0,     0.0,"100 MWh of Class 1 Renewable Energy Cert","0063DQ","IFED","006 "
"PA COMPLIANCE AECs TIER1 - ICE FUTURES ENERGY DIV",260106,2026-01-06,0063DT,IFED,01,006 ,   57284,   19243,   14688,    1946,   36095,   40650,   57284,   57284,       0,       0,   57284,   19243,   14688,    1946,   36095,   40650,   57284,   57284,       0,       0,       0,       0,       0,       0,       0,       0,       0,       0,       0,       0,     286,       0,     162,    -277,     563,     401,     286,     286,       0,       0,  100.0,   33.6,   25.6,    3.4,   63.0,   71.0,  100.0,  100.0,    0.0,    0.0,  100.0,   33.6,   25.6,    3.4,   63.0,   71.0,  100.0,  100.0,    0.0,    0.0,    0.0,    0.0,    0.0,    0.0,    0.0,    0.0,    0.0,    0.0,    0.0,    0.0,     41,     13,      6,      4,     16,     11,     31,     19,     41,     13,      6,      4,     16,     11,     31,     19,      0,      0,      0,      0,      0,      0,      0,      0,    46.4,    71.7,    65.4,    92.6,    46.4,    71.7,    65.4,    90.6,    46.4,    71.7,    65.4,    92.6,    46.4,    71.7,    65.4,    90.6,     0.0,     0.0,     0.0,     0.0,     0.0,     0.0,     0.0,     0.0,"(100 AECs)","0063DT","IFED","006 "
"CALIF CARBON ALL VINTAGE 2026 - ICE FUTURES ENERGY DIV",260106,2026-01-06,0063EE,IFED,01,006 ,  187762,  143702,   53138,    9942,   33999,  124631,  187643,  187711,     119,      51,  187762,  143702,   53138,    9942,   33999,  124631,  187643,  187711,     119,      51,       0,       0,       0,       0,       0,       0,       0,       0,       0,       0,    -632,   -1513,   -1791,     160,     721,     988,    -632,    -643,       0,      11,  100.0,   76.5,   28.3,    5.3,   18.1,   66.4,   99.9,  100.0,    0.1,    0.0,  100.0,   76.5,   28.3,    5.3,   18.1,   66.4,   99.9,  100.0,    0.1,    0.0,    0.0,    0.0,    0.0,    0.0,    0.0,    0.0,    0.0,    0.0,    0.0,    0.0,    143,     75,     25,     11,     26,     27,    107,     57,    143,     75,     25,     11,     26,     27,    107,     57,      0,      0,      0,      0,      0,      0,      0,      0,    40.5,    29.4,    52.3,    48.8,    40.3,    29.3,    50.8,    48.7,    40.5,    29.4,    52.3,    48.8,    40.3,    29.3,    50.8,    48.7,     0.0,     0.0,     0.0,     0.0,     0.0,     0.0,     0.0,     0.0,"1,000 California carbon allowances","0063EE","IFED","006 "
"CALIF CARBON ALLOWANCE V2026 - NODAL EXCHANGE",260106,2026-01-06,0063EL,NODX,01,006 ,    6574,    5609,    3666,       0,     950,    2890,    6559,    6556,      15,      18,    6574,    5609,    3666,       0,     950,    2890,    6559,    6556,      15,      18,       0,       0,       0,       0,       0,       0,       0,       0,       0,       0,.,.,.,.,.,.,.,.,.,.,  100.0,   85.3,   55.8,    0.0,   14.5,   44.0,   99.8,   99.7,    0.2,    0.3,  100.0,   85.3,   55.8,    0.0,   14.5,   44.0,   99.8,   99.7,    0.2,    0.3,    0.0,    0.0,    0.0,    0.0,    0.0,    0.0,    0.0,    0.0,    0.0,    0.0,     21,      8,      4,      0,      4,      5,     12,      9,     21,      8,      4,      0,      4,      5,     12,      9,      0,      0,      0,      0,      0,      0,      0,      0,    84.0,    86.7,    96.0,    99.7,    84.0,    86.7,    96.0,    99.7,    84.0,    86.7,    96.0,    99.7,    84.0,    86.7,    96.0,    99.7,     0.0,     0.0,     0.0,     0.0,     0.0,     0.0,     0.0,     0.0,"(1,000 California carbon allowances)","0063EL","NODX","006 "
"RGGI V2026 - ICE FUTURES ENERGY DIV",260106,2026-01-06,0063EM,IFED,01,006 ,   61430,   15695,   10592,   10189,   35482,   40632,   61366,   61413,      64,      17,   61430,   15695,   10592,   10189,   35482,   40632,   61366,   61413,      64,      17,       0,       0,       0,       0,       0,       0,       0,       0,       0,       0,     878,     524,     274,     472,    -111,     122,     885,     868,      -7,      10,  100.0,   25.5,   17.2,   16.6,   57.8,   66.1,   99.9,  100.0,    0.1,    0.0,  100.0,   25.5,   17.2,   16.6,   57.8,   66.1,   99.9,  100.0,    0.1,    0.0,    0.0,    0.0,    0.0,    0.0,    0.0,    0.0,    0.0,    0.0,    0.0,    0.0,     55,     18,     15,      7,     19,     13,     41,     31,     55,     18,     15,      7,     19,     13,     41,     31,      0,      0,      0,      0,      0,      0,      0,      0,    53.7,    74.6,    71.8,    86.5,    46.8,    60.2,    58.8,    65.6,    53.7,    74.6,    71.8,    86.5,    46.8,    60.2,    58.8,    65.6,     0.0,     0.0,     0.0,     0.0,     0.0,     0.0,     0.0,     0.0,"1,000 RGGI CO2 Allowances","0063EM","IFED","006 "
"TX GREEN-E REC V25 BACK HALF - NODAL EXCHANGE",260106,2026-01-06,006NG4,NODX,01,006 ,    8006,    1786,    4050,       0,    5524,    3305,    7310,    7355,     696,     651,    8006,    1786,    4050,       0,    5524,    3305,    7310,    7355,     696,     651,       0,       0,       0,       0,       0,       0,       0,       0,       0,       0,       0,       0,     -35,       0,       0,      35,       0,       0,       0,       0,  100.0,   22.3,   50.6,    0.0,   69.0,   41.3,   91.3,   91.9,    8.7,    8.1,  100.0,   22.3,   50.6,    0.0,   69.0,   41.3,   91.3,   91.9,    8.7,    8.1,    0.0,    0.0,    0.0,    0.0,    0.0,    0.0,    0.0,    0.0,    0.0,    0.0,     34,      5,      9,      0,     11,      9,     16,     18,     34,      5,      9,      0,     11,      9,     16,     18,      0,      0,      0,      0,      0,      0,      0,      0,    68.4,    54.5,    82.1,    75.6,    68.4,    54.5,    82.1,    75.6,    68.4,    54.5,    82.1,    75.6,    68.4,    54.5,    82.1,    75.6,     0.0,     0.0,     0.0,     0.0,     0.0,     0.0,     0.0,     0.0,"1000 Texas Green-e RECs","006NG4","NODX","006 "
"TX REC CRS V26 BACK HALF - NODAL EXCHANGE",260106,2026-01-06,006NHT,NODX,01,006 ,    9079,     190,    5994,       0,    8686,    2866,    8876,    8860,     203,     219,    9079,     190,    5994,       0,    8686,    2866,    8876,    8860,     203,     219,       0,       0,       0,       0,       0,       0,       0,       0,       0,       0,       0,       0,       0,       0,       0,       0,       0,       0,       0,       0,  100.0,    2.1,   66.0,    0.0,   95.7,   31.6,   97.8,   97.6,    2.2,    2.4,  100.0,    2.1,   66.0,    0.0,   95.7,   31.6,   97.8,   97.6,    2.2,    2.4,    0.0,    0.0,    0.0,    0.0,    0.0,    0.0,    0.0,    0.0,    0.0,    0.0,     34,      3,      9,      0,     14,      8,     17,     17,     34,      3,      9,      0,     14,      8,     17,     17,      0,      0,      0,      0,      0,      0,      0,      0,    71.7,    66.7,    86.3,    87.2,    71.7,    66.7,    86.3,    87.2,    71.7,    66.7,    86.3,    87.2,    71.7,    66.7,    86.3,    87.2,     0.0,     0.0,     0.0,     0.0,     0.0,     0.0,     0.0,     0.0,"1000 Texas RECs","006NHT","NODX","006 "
"TX REC CRS V27 BACK HALF - NODAL EXCHANGE",260106,2026-01-06,006NHU,NODX,01,006 ,    6348,     698,    3931,       0,    5377,    2140,    6075,    6071,     273,     277,    6348,     698,    3931,       0,    5377,    2140,    6075,    6071,     273,     277,       0,       0,       0,       0,       0,       0,       0,       0,       0,       0,       0,       0,       0,       0,       0,       0,       0,       0,       0,       0,  100.0,   11.0,   61.9,    0.0,   84.7,   33.7,   95.7,   95.6,    4.3,    4.4,  100.0,   11.0,   61.9,    0.0,   84.7,   33.7,   95.7,   95.6,    4.3,    4.4,    0.0,    0.0,    0.0,    0.0,    0.0,    0.0,    0.0,    0.0,    0.0,    0.0,     33,      7,      5,      0,     14,      7,     21,     12,     33,      7,      5,      0,     14,      7,     21,     12,      0,      0,      0,      0,      0,      0,      0,      0,    60.3,    79.0,    79.1,    94.1,    60.3,    79.0,    79.1,    94.1,    60.3,    79.0,    79.1,    94.1,    60.3,    79.0,    79.1,    94.1,     0.0,     0.0,     0.0,     0.0,     0.0,     0.0,     0.0,     0.0,"1000 Texas RECs","006NHU","NODX","006 "
"TX REC CRS V28 BACK HALF - NODAL EXCHANGE",260106,2026-01-06,006NHV,NODX,01,006 ,    5141,    1476,    2610,       0,    3429,    2288,    4905,    4898,     236,     243,    5141,    1476,    2610,       0,    3429,    2288,    4905,    4898,     236,     243,       0,       0,       0,       0,       0,       0,       0,       0,       0,       0,     -55,     112,     -55,       0,    -175,       0,     -63,     -55,       8,       0,  100.0,   28.7,   50.8,    0.0,   66.7,   44.5,   95.4,   95.3,    4.6,    4.7,  100.0,   28.7,   50.8,    0.0,   66.7,   44.5,   95.4,   95.3,    4.6,    4.7,    0.0,    0.0,    0.0,    0.0,    0.0,    0.0,    0.0,    0.0,    0.0,    0.0,     30,      8,      2,      0,     14,      7,     22,      9,     30,      8,      2,      0,     14,      7,     22,      9,      0,      0,      0,      0,      0,      0,      0,      0,    50.5,    83.7,    76.2,    95.1,    50.5,    82.9,    76.2,    94.2,    50.5,    83.7,    76.2,    95.1,    50.5,    82.9,    76.2,    94.2,     0.0,     0.0,     0.0,     0.0,     0.0,     0.0,     0.0,     0.0,"1000 Texas RECs","006NHV","NODX","006 "
"TX REC CRS V29 BACK HALF - NODAL EXCHANGE",260106,2026-01-06,006NHW,NODX,01,006 ,    4697,     786,    2644,       0,    3763,    1930,    4549,    4574,     148,     123,    4697,     786,    2644,       0,    3763,    1930,    4549,    4574,     148,     123,       0,       0,       0,       0,       0,       0,       0,       0,       0,       0,    -123,     -51,      22,       0,     -72,    -145,    -123,    -123,       0,       0,  100.0,   16.7,   56.3,    0.0,   80.1,   41.1,   96.8,   97.4,    3.2,    2.6,  100.0,   16.7,   56.3,    0.0,   80.1,   41.1,   96.8,   97.4,    3.2,    2.6,    0.0,    0.0,    0.0,    0.0,    0.0,    0.0,    0.0,    0.0,    0.0,    0.0,     27,      6,      5,      0,      8,      8,     14,     13,     27,      6,      5,      0,      8,      8,     14,     13,      0,      0,      0,      0,      0,      0,      0,      0,    75.7,    82.3,    90.5,    93.3,    75.7,    82.3,    90.5,    93.3,    75.7,    82.3,    90.5,    93.3,    75.7,    82.3,    90.5,    93.3,     0.0,     0.0,     0.0,     0.0,     0.0,     0.0,     0.0,     0.0,"1000 Texas RECs","006NHW","NODX","006 "
"TX REC CRS V30 BACK HALF - NODAL EXCHANGE",260106,2026-01-06,006NHX,NODX,01,006 ,    3247,    1207,    1135,       0,    1905,    1985,    3112,    3120,     135,     127,    3247,    1207,    1135,       0,    1905,    1985,    3112,    3120,     135,     127,       0,       0,       0,       0,       0,       0,       0,       0,       0,       0,       0,       0,       0,       0,       0,       0,       0,       0,       0,       0,  100.0,   37.2,   35.0,    0.0,   58.7,   61.1,   95.8,   96.1,    4.2,    3.9,  100.0,   37.2,   35.0,    0.0,   58.7,   61.1,   95.8,   96.1,    4.2,    3.9,    0.0,    0.0,    0.0,    0.0,    0.0,    0.0,    0.0,    0.0,    0.0,    0.0,     24,      6,      3,      0,      8,      9,     14,     12,     24,      6,      3,      0,      8,      9,     14,     12,      0,      0,      0,      0,      0,      0,      0,      0,    69.6,    84.0,    85.9,    92.9,    67.7,    84.0,    84.0,    92.6,    69.6,    84.0,    85.9,    92.9,    67.7,    84.0,    84.0,    92.6,     0.0,     0.0,     0.0,     0.0,     0.0,     0.0,     0.0,     0.0,"(1,000 MWh representing 1,000 Texas RECs","006NHX","NODX","006 "
"TX REC CRS V26 FRONT HALF - NODAL EXCHANGE",260106,2026-01-06,006NHY,NODX,01,006 ,    8118,     408,    4352,       0,    7549,    3622,    7957,    7974,     161,     144,    8118,     408,    4352,       0,    7549,    3622,    7957,    7974,     161,     144,       0,       0,       0,       0,       0,       0,       0,       0,       0,       0,       0,       0,       0,       0,       0,       0,       0,       0,       0,       0,  100.0,    5.0,   53.6,    0.0,   93.0,   44.6,   98.0,   98.2,    2.0,    1.8,  100.0,    5.0,   53.6,    0.0,   93.0,   44.6,   98.0,   98.2,    2.0,    1.8,    0.0,    0.0,    0.0,    0.0,    0.0,    0.0,    0.0,    0.0,    0.0,    0.0,     32,      4,      6,      0,     14,      9,     18,     15,     32,      4,      6,      0,     14,      9,     18,     15,      0,      0,      0,      0,      0,      0,      0,      0,    64.4,    62.5,    84.6,    83.0,    64.0,    62.5,    84.1,    83.0,    64.4,    62.5,    84.6,    83.0,    64.0,    62.5,    84.1,    83.0,     0.0,     0.0,     0.0,     0.0,     0.0,     0.0,     0.0,     0.0,"1000 Texas RECs","006NHY","NODX","006 "
"TX REC CRS V27 FRONT HALF - NODAL EXCHANGE",260106,2026-01-06,006NHZ,NODX,01,006 ,    6648,     670,    4040,       0,    5892,    2524,    6562,    6564,      86,      84,    6648,     670,    4040,       0,    5892,    2524,    6562,    6564,      86,      84,       0,       0,       0,       0,       0,       0,       0,       0,       0,       0,    -150,     -50,       0,       0,    -100,    -150,    -150,    -150,       0,       0,  100.0,   10.1,   60.8,    0.0,   88.6,   38.0,   98.7,   98.7,    1.3,    1.3,  100.0,   10.1,   60.8,    0.0,   88.6,   38.0,   98.7,   98.7,    1.3,    1.3,    0.0,    0.0,    0.0,    0.0,    0.0,    0.0,    0.0,    0.0,    0.0,    0.0,     33,      4,      6,      0,     15,      9,     19,     15,     33,      4,      6,      0,     15,      9,     19,     15,      0,      0,      0,      0,      0,      0,      0,      0,    64.0,    72.1,    83.5,    90.8,    64.0,    72.1,    83.5,    90.4,    64.0,    72.1,    83.5,    90.8,    64.0,    72.1,    83.5,    90.4,     0.0,     0.0,     0.0,     0.0,     0.0,     0.0,     0.0,     0.0,"1000 Texas RECs","006NHZ","NODX","006 "
"TX REC CRS V28 FRONT HALF - NODAL EXCHANGE",260106,2026-01-06,006NJ1,NODX,01,006 ,    6303,     491,    2856,       0,    5565,    3240,    6056,    6096,     247,     207,    6303,     491,    2856,       0,    5565,    3240,    6056,    6096,     247,     207,       0,       0,       0,       0,       0,       0,       0,       0,       0,       0,       0,      -1,       0,       0,       0,       0,      -1,       0,       1,       0,  100.0,    7.8,   45.3,    0.0,   88.3,   51.4,   96.1,   96.7,    3.9,    3.3,  100.0,    7.8,   45.3,    0.0,   88.3,   51.4,   96.1,   96.7,    3.9,    3.3,    0.0,    0.0,    0.0,    0.0,    0.0,    0.0,    0.0,    0.0,    0.0,    0.0,     26,      4,      4,      0,     12,      7,     16,     11,     26,      4,      4,      0,     12,      7,     16,     11,      0,      0,      0,      0,      0,      0,      0,      0,    62.2,    79.3,    82.5,    94.2,    61.4,    79.3,    81.7,    94.2,    62.2,    79.3,    82.5,    94.2,    61.4,    79.3,    81.7,    94.2,     0.0,     0.0,     0.0,     0.0,     0.0,     0.0,     0.0,     0.0,"1000 Texas RECs","006NJ1","NODX","006 "
"TX REC CRS V29 FRONT HALF - NODAL EXCHANGE",260106,2026-01-06,006NJ2,NODX,01,006 ,    6512,    1404,    2333,       0,    4972,    4057,    6376,    6390,     136,     122,    6512,    1404,    2333,       0,    4972,    4057,    6376,    6390,     136,     122,       0,       0,       0,       0,       0,       0,       0,       0,       0,       0,     -86,    -103,      25,       0,      17,    -103,     -86,     -78,       0,      -8,  100.0,   21.6,   35.8,    0.0,   76.4,   62.3,   97.9,   98.1,    2.1,    1.9,  100.0,   21.6,   35.8,    0.0,   76.4,   62.3,   97.9,   98.1,    2.1,    1.9,    0.0,    0.0,    0.0,    0.0,    0.0,    0.0,    0.0,    0.0,    0.0,    0.0,     29,      7,      3,      0,      9,     10,     16,     13,     29,      7,      3,      0,      9,     10,     16,     13,      0,      0,      0,      0,      0,      0,      0,      0,    64.1,    84.9,    86.4,    93.9,    64.1,    84.9,    86.4,    93.9,    64.1,    84.9,    86.4,    93.9,    64.1,    84.9,    86.4,    93.9,     0.0,     0.0,     0.0,     0.0,     0.0,     0.0,     0.0,     0.0,"1000 Texas RECs","006NJ2","NODX","006 "
"TX REC CRS V30 FRONT HALF - NODAL EXCHANGE",260106,2026-01-06,006NJ3,NODX,01,006 ,    3458,    1038,    1097,       0,    2280,    2225,    3318,    3322,     140,     136,    3458,    1038,    1097,       0,    2280,    2225,    3318,    3322,     140,     136,       0,       0,       0,       0,       0,       0,       0,       0,       0,       0,       0,       0,       0,       0,       0,       0,       0,       0,       0,       0,  100.0,   30.0,   31.7,    0.0,   65.9,   64.3,   96.0,   96.1,    4.0,    3.9,  100.0,   30.0,   31.7,    0.0,   65.9,   64.3,   96.0,   96.1,    4.0,    3.9,    0.0,    0.0,    0.0,    0.0,    0.0,    0.0,    0.0,    0.0,    0.0,    0.0,     25,      6,      4,      0,      9,      8,     15,     12,     25,      6,      4,      0,      9,      8,     15,     12,      0,      0,      0,      0,      0,      0,      0,      0,    68.2,    79.9,    82.9,    92.7,    67.4,    77.7,    82.2,    90.5,    68.2,    79.9,    82.9,    92.7,    67.4,    77.7,    82.2,    90.5,     0.0,     0.0,     0.0,     0.0,     0.0,     0.0,     0.0,     0.0,"1000 Texas RECs","006NJ3","NODX","006 "
"NEW JERSEY RECs CLASS 2 V2026 - NODAL EXCHANGE",260106,2026-01-06,006NLD,NODX,01,006 ,    9930,    3770,       0,       0,    6145,    9930,    9915,    9930,      15,       0,    9930,    3770,       0,       0,    6145,    9930,    9915,    9930,      15,       0,       0,       0,       0,       0,       0,       0,       0,       0,       0,       0,       0,       0,       0,       0,       0,       0,       0,       0,       0,       0,  100.0,   38.0,    0.0,    0.0,   61.9,  100.0,   99.8,  100.0,    0.2,    0.0,  100.0,   38.0,    0.0,    0.0,   61.9,  100.0,   99.8,  100.0,    0.2,    0.0,    0.0,    0.0,    0.0,    0.0,    0.0,    0.0,    0.0,    0.0,    0.0,    0.0,     20,      5,      0,      0,     11,      4,     16,      4,     20,      5,      0,      0,     11,      4,     16,      4,      0,      0,      0,      0,      0,      0,      0,      0,    51.6,   100.0,    84.2,   100.0,    51.6,   100.0,    84.2,   100.0,    51.6,   100.0,    84.2,   100.0,    51.6,   100.0,    84.2,   100.0,     0.0,     0.0,     0.0,     0.0,     0.0,     0.0,     0.0,     0.0,"100 MWh representing 100 NJ Class 2 RECs","006NLD","NODX","006 "
"PENNSYLVANIA AEC TIER 2-V2026 - NODAL EXCHANGE",260106,2026-01-06,006NLV,NODX,01,006 ,   27545,    9936,   11642,       0,   17609,   15903,   27545,   27545,       0,       0,   27545,    9936,   11642,       0,   17609,   15903,   27545,   27545,       0,       0,       0,       0,       0,       0,       0,       0,       0,       0,       0,       0,       0,       0,       0,       0,       0,       0,       0,       0,       0,       0,  100.0,   36.1,   42.3,    0.0,   63.9,   57.7,  100.0,  100.0,    0.0,    0.0,  100.0,   36.1,   42.3,    0.0,   63.9,   57.7,  100.0,  100.0,    0.0,    0.0,    0.0,    0.0,    0.0,    0.0,    0.0,    0.0,    0.0,    0.0,    0.0,    0.0,     32,      7,      4,      0,     12,      9,     19,     13,     32,      7,      4,      0,     12,      9,     19,     13,      0,      0,      0,      0,      0,      0,      0,      0,    60.7,    69.0,    83.1,    91.1,    60.7,    69.0,    83.1,    91.1,    60.7,    69.0,    83.1,    91.1,    60.7,    69.0,    83.1,    91.1,     0.0,     0.0,     0.0,     0.0,     0.0,     0.0,     0.0,     0.0,"(100 MWh = 100 Tier 2  AECs)","006NLV","NODX","006 "
"PENNSYLVANIA AEC TIER 2-V2027 - NODAL EXCHANGE",260106,2026-01-06,006NMT,NODX,01,006 ,   18969,    5079,    4825,       0,   13890,   14144,   18969,   18969,       0,       0,   18969,    5079,    4825,       0,   13890,   14144,   18969,   18969,       0,       0,       0,       0,       0,       0,       0,       0,       0,       0,       0,       0,     400,     100,     150,       0,     300,     250,     400,     400,       0,       0,  100.0,   26.8,   25.4,    0.0,   73.2,   74.6,  100.0,  100.0,    0.0,    0.0,  100.0,   26.8,   25.4,    0.0,   73.2,   74.6,  100.0,  100.0,    0.0,    0.0,    0.0,    0.0,    0.0,    0.0,    0.0,    0.0,    0.0,    0.0,    0.0,    0.0,     26,      4,      3,      0,     13,      6,     17,      9,     26,      4,      3,      0,     13,      6,     17,      9,      0,      0,      0,      0,      0,      0,      0,      0,    56.2,    85.5,    83.7,    99.5,    56.2,    85.5,    83.7,    99.5,    56.2,    85.5,    83.7,    99.5,    56.2,    85.5,    83.7,    99.5,     0.0,     0.0,     0.0,     0.0,     0.0,     0.0,     0.0,     0.0,"(100 MWh = 100 Tier 2  AECs)","006NMT","NODX","006 "
"SOYBEAN OIL - CHICAGO BOARD OF TRADE",260106,2026-01-06,007601,CBT ,00,007 ,  639134,  104175,  155338,  169978,  338365,  284589,  612518,  609905,   26616,   29229,  556861,  101979,  153803,  143090,  288521,  233719,  533590,  530612,   23271,   26249,   82273,   17677,   17016,   11407,   49844,   50870,   78928,   79293,    3345,    2980,    9089,     906,   -8371,    6739,    1227,   11590,    8872,    9958,     217,    -869,  100.0,   16.3,   24.3,   26.6,   52.9,   44.5,   95.8,   95.4,    4.2,    4.6,  100.0,   18.3,   27.6,   25.7,   51.8,   42.0,   95.8,   95.3,    4.2,    4.7,  100.0,   21.5,   20.7,   13.9,   60.6,   61.8,   95.9,   96.4,    4.1,    3.6,    348,     91,    107,    116,    112,     95,    269,    264,    345,     89,    109,    112,    109,     94,    263,    259,    151,     43,     32,     23,     54,     39,    110,     82,    13.4,    13.3,    22.0,    21.5,    11.0,    10.3,    17.2,    16.4,    14.5,    13.5,    23.6,    21.6,    12.3,    10.9,    19.6,    17.1,    24.7,    36.9,    40.0,    53.9,    23.8,    34.6,    37.6,    47.2,"(CONTRACTS OF 60,000 POUNDS)","007601","CBT ","007 "
"UST BOND - CHICAGO BOARD OF TRADE",260106,2026-01-06,020601,CBT ,00,020 , 1871364,  179026,  185858,   21703, 1426123, 1535109, 1626852, 1742670,  244512,  128694, 1871364,  179026,  185858,   21703, 1426123, 1535109, 1626852, 1742670,  244512,  128694,       0,       0,       0,       0,       0,       0,       0,       0,       0,       0,   22382,   -6968,   14086,    3672,   36689,    4361,   33393,   22119,  -11011,     263,  100.0,    9.6,    9.9,    1.2,   76.2,   82.0,   86.9,   93.1,   13.1,    6.9,  100.0,    9.6,    9.9,    1.2,   76.2,   82.0,   86.9,   93.1,   13.1,    6.9,    0.0,    0.0,    0.0,    0.0,    0.0,    0.0,    0.0,    0.0,    0.0,    0.0,    239,     31,     43,     22,    122,    117,    164,    171,    239,     31,     43,     22,    122,    117,    164,    171,      0,      0,      0,      0,      0,      0,      0,      0,    20.5,    41.4,    32.8,    52.0,    19.0,    38.1,    29.5,    48.3,    20.5,    41.4,    32.8,    52.0,    19.0,    38.1,    29.5,    48.3,     0.0,     0.0,     0.0,     0.0,     0.0,     0.0,     0.0,     0.0,"(CONTRACTS OF $100,000 FACE VALUE)","020601","CBT ","020 "
"ULTRA UST BOND - CHICAGO BOARD OF TRADE",260106,2026-01-06,020604,CBT ,00,020 , 2092735,  138550,  384297,   12261, 1753777, 1526264, 1904588, 1922822,  188147,  169913, 2092735,  138550,  384297,   12261, 1753777, 1526264, 1904588, 1922822,  188147,  169913,       0,       0,       0,       0,       0,       0,       0,       0,       0,       0,    3379,   -1546,  -10938,    2252,   -1165,   10848,    -459,    2162,    3838,    1217,  100.0,    6.6,   18.4,    0.6,   83.8,   72.9,   91.0,   91.9,    9.0,    8.1,  100.0,    6.6,   18.4,    0.6,   83.8,   72.9,   91.0,   91.9,    9.0,    8.1,    0.0,    0.0,    0.0,    0.0,    0.0,    0.0,    0.0,    0.0,    0.0,    0.0,    213,     15,     29,     12,    122,    123,    146,    155,    213,     15,     29,     12,    122,    123,    146,    155,      0,      0,      0,      0,      0,      0,      0,      0,    29.7,    25.3,    43.1,    39.0,    24.8,    24.5,    34.8,    36.3,    29.7,    25.3,    43.1,    39.0,    24.8,    24.5,    34.8,    36.3,     0.0,     0.0,     0.0,     0.0,     0.0,     0.0,     0.0,     0.0,"(CONTRACTS OF $100,000 FACE VALUE)","020604","CBT ","020 "
"USGC HSFO (PLATTS) - ICE FUTURES ENERGY DIV",260106,2026-01-06,02141B,IFED,01,021 ,   28948,    7968,     276,    2318,   18600,   26273,   28886,   28867,      62,      81,   28948,    7968,     276,    2318,   18600,   26273,   28886,   28867,      62,      81,       0,       0,       0,       0,       0,       0,       0,       0,       0,       0,   -6157,    -898,    -214,   -1657,   -3650,   -4285,   -6205,   -6156,      48,      -1,  100.0,   27.5,    1.0,    8.0,   64.3,   90.8,   99.8,   99.7,    0.2,    0.3,  100.0,   27.5,    1.0,    8.0,   64.3,   90.8,   99.8,   99.7,    0.2,    0.3,    0.0,    0.0,    0.0,    0.0,    0.0,    0.0,    0.0,    0.0,    0.0,    0.0,     58,      5,      3,      6,     37,     46,     45,     53,     58,      5,      3,      6,     37,     46,     45,     53,      0,      0,      0,      0,      0,      0,      0,      0,    37.5,    29.5,    57.2,    50.8,    29.4,    14.5,    35.9,    23.6,    37.5,    29.5,    57.2,    50.8,    29.4,    14.5,    35.9,    23.6,     0.0,     0.0,     0.0,     0.0,     0.0,     0.0,     0.0,     0.0,"(1000 barrels)","02141B","IFED","021 "
"FUEL OIL-3% USGC/3.5% FOB RDAM - ICE FUTURES ENERGY DIV",260106,2026-01-06,02141C,IFED,01,021 ,   14946,     646,    3262,    1466,   12704,   10100,   14816,   14828,     130,     118,   14946,     646,    3262,    1466,   12704,   10100,   14816,   14828,     130,     118,       0,       0,       0,       0,       0,       0,       0,       0,       0,       0,   -3016,      28,     207,   -1299,   -1875,   -2006,   -3146,   -3098,     130,      82,  100.0,    4.3,   21.8,    9.8,   85.0,   67.6,   99.1,   99.2,    0.9,    0.8,  100.0,    4.3,   21.8,    9.8,   85.0,   67.6,   99.1,   99.2,    0.9,    0.8,    0.0,    0.0,    0.0,    0.0,    0.0,    0.0,    0.0,    0.0,    0.0,    0.0,     33,      3,      4,      3,     20,     19,     24,     25,     33,      3,      4,      3,     20,     19,     24,     25,      0,      0,      0,      0,      0,      0,      0,      0,    44.6,    43.7,    69.4,    69.5,    43.1,    37.8,    58.5,    55.2,    44.6,    43.7,    69.4,    69.5,    43.1,    37.8,    58.5,    55.2,     0.0,     0.0,     0.0,     0.0,     0.0,     0.0,     0.0,     0.0,"(1000 barrels)","02141C","IFED","021 "
"USGC HSFO-PLATTS/BRENT 1ST LN - ICE FUTURES ENERGY DIV",260106,2026-01-06,02141R,IFED,01,021 ,    9235,     300,    2487,     440,    8349,    6288,    9089,    9215,     146,      20,    9235,     300,    2487,     440,    8349,    6288,    9089,    9215,     146,      20,       0,       0,       0,       0,       0,       0,       0,       0,       0,       0,   -3221,    -352,    -955,    -779,   -2123,   -1486,   -3254,   -3220,      33,      -1,  100.0,    3.2,   26.9,    4.8,   90.4,   68.1,   98.4,   99.8,    1.6,    0.2,  100.0,    3.2,   26.9,    4.8,   90.4,   68.1,   98.4,   99.8,    1.6,    0.2,    0.0,    0.0,    0.0,    0.0,    0.0,    0.0,    0.0,    0.0,    0.0,    0.0,     36,      2,      4,      2,     23,     19,     25,     25,     36,      2,      4,      2,     23,     19,     25,     25,      0,      0,      0,      0,      0,      0,      0,      0,    56.4,    56.2,    78.6,    77.7,    55.0,    53.9,    69.4,    67.0,    56.4,    56.2,    78.6,    77.7,    55.0,    53.9,    69.4,    67.0,     0.0,     0.0,     0.0,     0.0,     0.0,     0.0,     0.0,     0.0,"(1000 Barrels)","02141R","IFED","021 "
"NY HARBOR ULSD - NEW YORK MERCANTILE EXCHANGE",260106,2026-01-06,022651,NYME,01,022 ,  353374,   64783,   45913,   79293,  169017,  196627,  313093,  321833,   40281,   31541,  353374,   64783,   45913,   79293,  169017,  196627,  313093,  321833,   40281,   31541,       0,       0,       0,       0,       0,       0,       0,       0,       0,       0,    9649,    3359,    2139,    6525,    1527,   -3279,   11411,    5385,   -1762,    4264,  100.0,   18.3,   13.0,   22.4,   47.8,   55.6,   88.6,   91.1,   11.4,    8.9,  100.0,   18.3,   13.0,   22.4,   47.8,   55.6,   88.6,   91.1,   11.4,    8.9,    0.0,    0.0,    0.0,    0.0,    0.0,    0.0,    0.0,    0.0,    0.0,    0.0,    207,     63,     38,     62,     84,     86,    178,    161,    207,     63,     38,     62,     84,     86,    178,    161,      0,      0,      0,      0,      0,      0,      0,      0,    13.2,    22.0,    20.8,    31.7,     9.8,    16.3,    15.0,    22.7,    13.2,    22.0,    20.8,    31.7,     9.8,    16.3,    15.0,    22.7,     0.0,     0.0,     0.0,     0.0,     0.0,     0.0,     0.0,     0.0,"(CONTRACTS OF 42,000 U.S. GALLONS)","022651","NYME","022 "
"UP DOWN GC ULSD VS HO SPR - NEW YORK MERCANTILE EXCHANGE",260106,2026-01-06,022A13,NYME,01,022 ,   44352,     991,       0,     608,   26776,   39640,   28375,   40248,   15977,    4104,   44352,     991,       0,     608,   26776,   39640,   28375,   40248,   15977,    4104,       0,       0,       0,       0,       0,       0,       0,       0,       0,       0,   -6987,    -123,       0,       0,   -8079,   -6592,   -8202,   -6592,    1215,    -395,  100.0,    2.2,    0.0,    1.4,   60.4,   89.4,   64.0,   90.7,   36.0,    9.3,  100.0,    2.2,    0.0,    1.4,   60.4,   89.4,   64.0,   90.7,   36.0,    9.3,    0.0,    0.0,    0.0,    0.0,    0.0,    0.0,    0.0,    0.0,    0.0,    0.0,     23,      1,      0,      1,     15,     21,     16,     22,     23,      1,      0,      1,     15,     21,     16,     22,      0,      0,      0,      0,      0,      0,      0,      0,    52.6,    59.5,    60.8,    76.1,    47.7,    59.2,    52.0,    72.5,    52.6,    59.5,    60.8,    76.1,    47.7,    59.2,    52.0,    72.5,     0.0,     0.0,     0.0,     0.0,     0.0,     0.0,     0.0,     0.0,"(CONTRACTS OF 42,000 GALLONS)","022A13","NYME","022 "
"NAT GAS ICE LD1 - ICE FUTURES ENERGY DIV",260106,2026-01-06,023391,IFED,01,023 , 7822043, 1119067,  221820, 1631586, 5036117, 5944940, 7786770, 7798346,   35273,   23697, 7822043, 1119067,  221820, 1631586, 5036117, 5944940, 7786770, 7798346,   35273,   23697,       0,       0,       0,       0,       0,       0,       0,       0,       0,       0,   11874, -106234,  -13525,   31826,   80945,   -7071,    6537,   11230,    5337,     644,  100.0,   14.3,    2.8,   20.9,   64.4,   76.0,   99.5,   99.7,    0.5,    0.3,  100.0,   14.3,    2.8,   20.9,   64.4,   76.0,   99.5,   99.7,    0.5,    0.3,    0.0,    0.0,    0.0,    0.0,    0.0,    0.0,    0.0,    0.0,    0.0,    0.0,    265,     52,     26,     60,    172,    135,    246,    201,    265,     52,     26,     60,    172,    135,    246,    201,      0,      0,      0,      0,      0,      0,      0,      0,    21.1,    34.8,    35.7,    55.2,    16.7,    30.5,    27.1,    48.2,    21.1,    34.8,    35.7,    55.2,    16.7,    30.5,    27.1,    48.2,     0.0,     0.0,     0.0,     0.0,     0.0,     0.0,     0.0,     0.0,"2500 MMBtus","023391","IFED","023 "
"NAT GAS ICE PEN - ICE FUTURES ENERGY DIV",260106,2026-01-06,023392,IFED,01,023 ,  670214,  103378,  244386,  156159,  409806,  265819,  669343,  666364,     871,    3850,  670214,  103378,  244386,  156159,  409806,  265819,  669343,  666364,     871,    3850,       0,       0,       0,       0,       0,       0,       0,       0,       0,       0,   21735,   -9963,  -48203,   37042,   -5344,   33623,   21735,   22462,       0,    -727,  100.0,   15.4,   36.5,   23.3,   61.1,   39.7,   99.9,   99.4,    0.1,    0.6,  100.0,   15.4,   36.5,   23.3,   61.1,   39.7,   99.9,   99.4,    0.1,    0.6,    0.0,    0.0,    0.0,    0.0,    0.0,    0.0,    0.0,    0.0,    0.0,    0.0,     72,      9,     24,     24,     31,     31,     57,     62,     72,      9,     24,     24,     31,     31,     57,     62,      0,      0,      0,      0,      0,      0,      0,      0,    38.0,    54.1,    61.3,    75.8,    32.3,    39.9,    44.6,    49.2,    38.0,    54.1,    61.3,    75.8,    32.3,    39.9,    44.6,    49.2,     0.0,     0.0,     0.0,     0.0,     0.0,     0.0,     0.0,     0.0,"2500 mmbtu","023392","IFED","023 "
"SOCAL BORDER FIN BASIS - ICE FUTURES ENERGY DIV",260106,2026-01-06,023393,IFED,01,023 ,  299656,  104417,    7104,     819,  177880,  283040,  283116,  290963,   16540,    8693,  299656,  104417,    7104,     819,  177880,  283040,  283116,  290963,   16540,    8693,       0,       0,       0,       0,       0,       0,       0,       0,       0,       0,   -8049,    1461,   -1257,     215,   -8077,   -5517,   -6401,   -6559,   -1648,   -1490,  100.0,   34.8,    2.4,    0.3,   59.4,   94.5,   94.5,   97.1,    5.5,    2.9,  100.0,   34.8,    2.4,    0.3,   59.4,   94.5,   94.5,   97.1,    5.5,    2.9,    0.0,    0.0,    0.0,    0.0,    0.0,    0.0,    0.0,    0.0,    0.0,    0.0,     44,      4,      4,      3,     30,     32,     35,     38,     44,      4,      4,      3,     30,     32,     35,     38,      0,      0,      0,      0,      0,      0,      0,      0,    62.5,    54.7,    80.2,    68.7,    61.1,    52.1,    78.1,    65.6,    62.5,    54.7,    80.2,    68.7,    61.1,    52.1,    78.1,    65.6,     0.0,     0.0,     0.0,     0.0,     0.0,     0.0,     0.0,     0.0,"(Contracts of 2,500  MMBTU'S)","023393","IFED","023 "
"PG&E CITYGATE FIN BASIS - ICE FUTURES ENERGY DIV",260106,2026-01-06,023394,IFED,01,023 ,  141114,    7673,    1104,    3828,  116364,  131084,  127865,  136016,   13249,    5098,  141114,    7673,    1104,    3828,  116364,  131084,  127865,  136016,   13249,    5098,       0,       0,       0,       0,       0,       0,       0,       0,       0,       0,   -8577,     134,   -1062,     949,  -11329,   -8879,  -10246,   -8992,    1669,     415,  100.0,    5.4,    0.8,    2.7,   82.5,   92.9,   90.6,   96.4,    9.4,    3.6,  100.0,    5.4,    0.8,    2.7,   82.5,   92.9,   90.6,   96.4,    9.4,    3.6,    0.0,    0.0,    0.0,    0.0,    0.0,    0.0,    0.0,    0.0,    0.0,    0.0,     41,      3,      2,      2,     34,     29,     38,     32,     41,      3,      2,      2,     34,     29,     38,     32,      0,      0,      0,      0,      0,      0,      0,      0,    39.4,    55.7,    54.9,    73.8,    38.9,    51.2,    52.9,    65.3,    39.4,    55.7,    54.9,    73.8,    38.9,    51.2,    52.9,    65.3,     0.0,     0.0,     0.0,     0.0,     0.0,     0.0,     0.0,     0.0,"(Contracts of 2,500  MMBTU'S)","023394","IFED","023 "
"NWP ROCKIES FIN BASIS - ICE FUTURES ENERGY DIV",260106,2026-01-06,023395,IFED,01,023 ,  366425,   26320,   25906,    4904,  321222,  324249,  352446,  355059,   13979,   11366,  366425,   26320,   25906,    4904,  321222,  324249,  352446,  355059,   13979,   11366,       0,       0,       0,       0,       0,       0,       0,       0,       0,       0,   -9304,   -1244,       1,    -359,   -6263,  -10298,   -7866,  -10656,   -1438,    1352,  100.0,    7.2,    7.1,    1.3,   87.7,   88.5,   96.2,   96.9,    3.8,    3.1,  100.0,    7.2,    7.1,    1.3,   87.7,   88.5,   96.2,   96.9,    3.8,    3.1,    0.0,    0.0,    0.0,    0.0,    0.0,    0.0,    0.0,    0.0,    0.0,    0.0,     63,      8,      7,     11,     39,     40,     51,     54,     63,      8,      7,     11,     39,     40,     51,     54,      0,      0,      0,      0,      0,      0,      0,      0,    42.4,    47.1,    58.4,    60.3,    34.0,    42.5,    48.6,    51.2,    42.4,    47.1,    58.4,    60.3,    34.0,    42.5,    48.6,    51.2,     0.0,     0.0,     0.0,     0.0,     0.0,     0.0,     0.0,     0.0,"(Contracts of 2,500  MMBTU'S)","023395","IFED","023 "
"AECO FIN BASIS - ICE FUTURES ENERGY DIV",260106,2026-01-06,023396,IFED,01,023 ,  956624,   34610,    8848,    7946,  895512,  937821,  938068,  954615,   18556,    2009,  956624,   34610,    8848,    7946,  895512,  937821,  938068,  954615,   18556,    2009,       0,       0,       0,       0,       0,       0,       0,       0,       0,       0,  -37208,    2685,   -4095,   -2113,  -39534,  -29940,  -38962,  -36148,    1754,   -1060,  100.0,    3.6,    0.9,    0.8,   93.6,   98.0,   98.1,   99.8,    1.9,    0.2,  100.0,    3.6,    0.9,    0.8,   93.6,   98.0,   98.1,   99.8,    1.9,    0.2,    0.0,    0.0,    0.0,    0.0,    0.0,    0.0,    0.0,    0.0,    0.0,    0.0,     53,      4,      3,      6,     43,     27,     50,     33,     53,      4,      3,      6,     43,     27,     50,     33,      0,      0,      0,      0,      0,      0,      0,      0,    47.9,    53.0,    64.8,    79.6,    42.0,    52.9,    56.9,    75.2,    47.9,    53.0,    64.8,    79.6,    42.0,    52.9,    56.9,    75.2,     0.0,     0.0,     0.0,     0.0,     0.0,     0.0,     0.0,     0.0,"(Contracts of 2,500  MMBTU'S)","023396","IFED","023 "
"CHICAGO FIN BASIS - ICE FUTURES ENERGY DIV",260106,2026-01-06,023397,IFED,01,023 ,  327267,    2679,   34954,    2197,  312304,  280097,  317180,  317248,   10087,   10019,  327267,    2679,   34954,    2197,  312304,  280097,  317180,  317248,   10087,   10019,       0,       0,       0,       0,       0,       0,       0,       0,       0,       0,  -25191,   -1215,   -1219,    -772,  -24814,  -23055,  -26801,  -25046,    1610,    -145,  100.0,    0.8,   10.7,    0.7,   95.4,   85.6,   96.9,   96.9,    3.1,    3.1,  100.0,    0.8,   10.7,    0.7,   95.4,   85.6,   96.9,   96.9,    3.1,    3.1,    0.0,    0.0,    0.0,    0.0,    0.0,    0.0,    0.0,    0.0,    0.0,    0.0,     53,      4,      5,      5,     37,     33,     43,     41,     53,      4,      5,      5,     37,     33,     43,     41,      0,      0,      0,      0,      0,      0,      0,      0,    49.5,    57.8,    66.4,    77.8,    43.6,    49.5,    56.1,    65.7,    49.5,    57.8,    66.4,    77.8,    43.6,    49.5,    56.1,    65.7,     0.0,     0.0,     0.0,     0.0,     0.0,     0.0,     0.0,     0.0,"(Contracts of 2,500  MMBTU'S)","023397","IFED","023 "
"HSC FIN BASIS - ICE FUTURES ENERGY DIV",260106,2026-01-06,023398,IFED,01,023 ,  742476,       0,  175858,   17676,  718567,  544006,  736243,  737540,    6233,    4936,  742476,       0,  175858,   17676,  718567,  544006,  736243,  737540,    6233,    4936,       0,       0,       0,       0,       0,       0,       0,       0,       0,       0,  -70722,    -249,   -2744,   -1762,  -68136,  -64804,  -70147,  -69310,    -575,   -1412,  100.0,    0.0,   23.7,    2.4,   96.8,   73.3,   99.2,   99.3,    0.8,    0.7,  100.0,    0.0,   23.7,    2.4,   96.8,   73.3,   99.2,   99.3,    0.8,    0.7,    0.0,    0.0,    0.0,    0.0,    0.0,    0.0,    0.0,    0.0,    0.0,    0.0,     89,      0,     17,      8,     51,     58,     59,     75,     89,      0,     17,      8,     51,     58,     59,     75,      0,      0,      0,      0,      0,      0,      0,      0,    35.5,    36.3,    57.0,    52.4,    34.9,    34.7,    53.8,    50.7,    35.5,    36.3,    57.0,    52.4,    34.9,    34.7,    53.8,    50.7,     0.0,     0.0,     0.0,     0.0,     0.0,     0.0,     0.0,     0.0,"(Contracts of 2,500  MMBTU'S)","023398","IFED","023 "
"WAHA FIN BASIS - ICE FUTURES ENERGY DIV",260106,2026-01-06,023399,IFED,01,023 ,  678089,     151,   51958,   12134,  657213,  603360,  669498,  667452,    8591,   10637,  678089,     151,   51958,   12134,  657213,  603360,  669498,  667452,    8591,   10637,       0,       0,       0,       0,       0,       0,       0,       0,       0,       0,  -29121,     151,   -9261,     366,  -28019,  -20171,  -27502,  -29066,   -1619,     -55,  100.0,    0.0,    7.7,    1.8,   96.9,   89.0,   98.7,   98.4,    1.3,    1.6,  100.0,    0.0,    7.7,    1.8,   96.9,   89.0,   98.7,   98.4,    1.3,    1.6,    0.0,    0.0,    0.0,    0.0,    0.0,    0.0,    0.0,    0.0,    0.0,    0.0,     65,      1,      9,      5,     48,     40,     53,     50,     65,      1,      9,      5,     48,     40,     53,     50,      0,      0,      0,      0,      0,      0,      0,      0,    41.0,    49.4,    61.8,    67.0,    39.9,    41.7,    54.3,    56.1,    41.0,    49.4,    61.8,    67.0,    39.9,    41.7,    54.3,    56.1,     0.0,     0.0,     0.0,     0.0,     0.0,     0.0,     0.0,     0.0,"(Contracts of 2,500  MMBTU'S)","023399","IFED","023 "
"ALGONQUIN CITYGATES BASIS - ICE FUTURES ENERGY DIV",260106,2026-01-06,02339E,IFED,01,023 ,  105405,    3224,    3697,       0,   95727,   90803,   98951,   94500,    6454,   10905,  105405,    3224,    3697,       0,   95727,   90803,   98951,   94500,    6454,   10905,       0,       0,       0,       0,       0,       0,       0,       0,       0,       0,   -7068,    -478,   -6049,    -214,   -5836,   -3730,   -6528,   -9993,    -540,    2925,  100.0,    3.1,    3.5,    0.0,   90.8,   86.1,   93.9,   89.7,    6.1,   10.3,  100.0,    3.1,    3.5,    0.0,   90.8,   86.1,   93.9,   89.7,    6.1,   10.3,    0.0,    0.0,    0.0,    0.0,    0.0,    0.0,    0.0,    0.0,    0.0,    0.0,     24,      2,      2,      0,     13,     14,     15,     16,     24,      2,      2,      0,     13,     14,     15,     16,      0,      0,      0,      0,      0,      0,      0,      0,    79.6,    59.7,    89.0,    79.2,    77.6,    59.4,    85.8,    75.8,    79.6,    59.7,    89.0,    79.2,    77.6,    59.4,    85.8,    75.8,     0.0,     0.0,     0.0,     0.0,     0.0,     0.0,     0.0,     0.0,"2500 mmbtu","02339E","IFED","023 "
"CG-MAINLINE FINANCIAL INDEX - ICE FUTURES ENERGY DIV",260106,2026-01-06,02339P,IFED,01,023 ,   32329,     873,    2728,     310,   29834,   27764,   31017,   30802,    1312,    1527,   32329,     873,    2728,     310,   29834,   27764,   31017,   30802,    1312,    1527,       0,       0,       0,       0,       0,       0,       0,       0,       0,       0,  -15746,    -620,   -3441,       0,  -14723,  -11778,  -15343,  -15219,    -403,    -527,  100.0,    2.7,    8.4,    1.0,   92.3,   85.9,   95.9,   95.3,    4.1,    4.7,  100.0,    2.7,    8.4,    1.0,   92.3,   85.9,   95.9,   95.3,    4.1,    4.7,    0.0,    0.0,    0.0,    0.0,    0.0,    0.0,    0.0,    0.0,    0.0,    0.0,     24,      2,      3,      1,      8,     12,     10,     16,     24,      2,      3,      1,      8,     12,     10,     16,      0,      0,      0,      0,      0,      0,      0,      0,    86.3,    70.0,    93.7,    88.2,    81.8,    70.0,    88.6,    84.9,    86.3,    70.0,    93.7,    88.2,    81.8,    70.0,    88.6,    84.9,     0.0,     0.0,     0.0,     0.0,     0.0,     0.0,     0.0,     0.0,"Any multiple of 2,500 MMBtus","02339P","IFED","023 "
"CHICAGO CITYGATE (INDEX) - ICE FUTURES ENERGY DIV",260106,2026-01-06,02339Q,IFED,01,023 ,   78621,     248,   16882,       0,   77368,   60675,   77616,   77557,    1005,    1064,   78621,     248,   16882,       0,   77368,   60675,   77616,   77557,    1005,    1064,       0,       0,       0,       0,       0,       0,       0,       0,       0,       0,  -21362,   -1529,    2084,   -3107,  -15548,  -20389,  -20184,  -21412,   -1178,      50,  100.0,    0.3,   21.5,    0.0,   98.4,   77.2,   98.7,   98.6,    1.3,    1.4,  100.0,    0.3,   21.5,    0.0,   98.4,   77.2,   98.7,   98.6,    1.3,    1.4,    0.0,    0.0,    0.0,    0.0,    0.0,    0.0,    0.0,    0.0,    0.0,    0.0,     40,      1,      5,      0,     23,     18,     24,     23,     40,      1,      5,      0,     23,     18,     24,     23,      0,      0,      0,      0,      0,      0,      0,      0,    50.7,    66.2,    69.0,    90.0,    48.3,    63.9,    65.2,    86.4,    50.7,    66.2,    69.0,    90.0,    48.3,    63.9,    65.2,    86.4,     0.0,     0.0,     0.0,     0.0,     0.0,     0.0,     0.0,     0.0,"2500 mmbtu","02339Q","IFED","023 "
"CIG ROCKIES FINANCIAL INDEX - ICE FUTURES ENERGY DIV",260106,2026-01-06,02339S,IFED,01,023 ,   19564,       0,   10538,       0,   17222,    8340,   17222,   18878,    2342,     686,   19564,       0,   10538,       0,   17222,    8340,   17222,   18878,    2342,     686,       0,       0,       0,       0,       0,       0,       0,       0,       0,       0,  -10654,       0,   -6474,    -403,   -9495,   -3635,   -9898,  -10512,    -756,    -142,  100.0,    0.0,   53.9,    0.0,   88.0,   42.6,   88.0,   96.5,   12.0,    3.5,  100.0,    0.0,   53.9,    0.0,   88.0,   42.6,   88.0,   96.5,   12.0,    3.5,    0.0,    0.0,    0.0,    0.0,    0.0,    0.0,    0.0,    0.0,    0.0,    0.0,     22,      0,      5,      0,     11,      7,     11,     12,     22,      0,      5,      0,     11,      7,     11,     12,      0,      0,      0,      0,      0,      0,      0,      0,    66.5,    71.4,    84.7,    89.7,    66.5,    71.4,    84.7,    89.7,    66.5,    71.4,    84.7,    89.7,    66.5,    71.4,    84.7,    89.7,     0.0,     0.0,     0.0,     0.0,     0.0,     0.0,     0.0,     0.0,"2,500 MMBtu","02339S","IFED","023 "
"CIG ROCKIES BASIS - ICE FUTURES ENERGY DIV",260106,2026-01-06,02339U,IFED,01,023 ,  452696,    1975,  126388,   14026,  423738,  302619,  439739,  443033,   12957,    9663,  452696,    1975,  126388,   14026,  423738,  302619,  439739,  443033,   12957,    9663,       0,       0,       0,       0,       0,       0,       0,       0,       0,       0,  -13647,     709,  -25225,    7532,  -21150,    4164,  -12909,  -13529,    -738,    -118,  100.0,    0.4,   27.9,    3.1,   93.6,   66.8,   97.1,   97.9,    2.9,    2.1,  100.0,    0.4,   27.9,    3.1,   93.6,   66.8,   97.1,   97.9,    2.9,    2.1,    0.0,    0.0,    0.0,    0.0,    0.0,    0.0,    0.0,    0.0,    0.0,    0.0,     52,      2,      9,      9,     32,     31,     41,     42,     52,      2,      9,      9,     32,     31,     41,     42,      0,      0,      0,      0,      0,      0,      0,      0,    47.1,    63.4,    64.2,    76.1,    44.7,    60.3,    60.8,    71.4,    47.1,    63.4,    64.2,    76.1,    44.7,    60.3,    60.8,    71.4,     0.0,     0.0,     0.0,     0.0,     0.0,     0.0,     0.0,     0.0,"2500 mmbtu","02339U","IFED","023 "
"TCO Basis - ICE FUTURES ENERGY DIV",260106,2026-01-06,02339W,IFED,01,023 ,  192108,     373,    3740,     376,  185359,  183843,  186108,  187959,    6000,    4149,  192108,     373,    3740,     376,  185359,  183843,  186108,  187959,    6000,    4149,       0,       0,       0,       0,       0,       0,       0,       0,       0,       0,  -12630,     -62,    -707,       0,  -11112,   -9546,  -11174,  -10253,   -1456,   -2377,  100.0,    0.2,    1.9,    0.2,   96.5,   95.7,   96.9,   97.8,    3.1,    2.2,  100.0,    0.2,    1.9,    0.2,   96.5,   95.7,   96.9,   97.8,    3.1,    2.2,    0.0,    0.0,    0.0,    0.0,    0.0,    0.0,    0.0,    0.0,    0.0,    0.0,     45,      1,      3,      1,     26,     24,     28,     27,     45,      1,      3,      1,     26,     24,     28,     27,      0,      0,      0,      0,      0,      0,      0,      0,    48.6,    52.2,    72.3,    75.5,    48.6,    52.1,    68.4,    75.0,    48.6,    52.2,    72.3,    75.5,    48.6,    52.1,    68.4,    75.0,     0.0,     0.0,     0.0,     0.0,     0.0,     0.0,     0.0,     0.0,"2500 mm btu","02339W","IFED","023 "
"CG Mainline Basis - ICE FUTURES ENERGY DIV",260106,2026-01-06,02339Y,IFED,01,023 ,  304806,    2144,   42587,    1025,  299345,  254006,  302514,  297618,    2292,    7188,  304806,    2144,   42587,    1025,  299345,  254006,  302514,  297618,    2292,    7188,       0,       0,       0,       0,       0,       0,       0,       0,       0,       0,  -25619,     124,     105,    -976,  -24115,  -24391,  -24967,  -25262,    -652,    -357,  100.0,    0.7,   14.0,    0.3,   98.2,   83.3,   99.2,   97.6,    0.8,    2.4,  100.0,    0.7,   14.0,    0.3,   98.2,   83.3,   99.2,   97.6,    0.8,    2.4,    0.0,    0.0,    0.0,    0.0,    0.0,    0.0,    0.0,    0.0,    0.0,    0.0,     51,      4,      6,      2,     22,     28,     27,     35,     51,      4,      6,      2,     22,     28,     27,     35,      0,      0,      0,      0,      0,      0,      0,      0,    72.6,    54.0,    87.6,    72.9,    72.6,    51.8,    87.3,    70.6,    72.6,    54.0,    87.6,    72.9,    72.6,    51.8,    87.3,    70.6,     0.0,     0.0,     0.0,     0.0,     0.0,     0.0,     0.0,     0.0,"2500 mmbtu","02339Y","IFED","023 "
"DOMINION - SOUTH POINT - ICE FUTURES ENERGY DIV",260106,2026-01-06,0233A2,IFED,01,023 ,   43013,    7428,       0,       0,   34031,   41226,   41459,   41226,    1554,    1787,   43013,    7428,       0,       0,   34031,   41226,   41459,   41226,    1554,    1787,       0,       0,       0,       0,       0,       0,       0,       0,       0,       0,  -20925,   -4126,    -241,   -1232,  -15051,  -18960,  -20409,  -20433,    -516,    -492,  100.0,   17.3,    0.0,    0.0,   79.1,   95.8,   96.4,   95.8,    3.6,    4.2,  100.0,   17.3,    0.0,    0.0,   79.1,   95.8,   96.4,   95.8,    3.6,    4.2,    0.0,    0.0,    0.0,    0.0,    0.0,    0.0,    0.0,    0.0,    0.0,    0.0,     36,      6,      0,      0,     15,     17,     21,     17,     36,      6,      0,      0,     15,     17,     21,     17,      0,      0,      0,      0,      0,      0,      0,      0,    67.4,    65.2,    82.0,    81.3,    67.4,    65.2,    81.2,    80.8,    67.4,    65.2,    82.0,    81.3,    67.4,    65.2,    81.2,    80.8,     0.0,     0.0,     0.0,     0.0,     0.0,     0.0,     0.0,     0.0,"2500 mmbtu","0233A2","IFED","023 "
"DOMINION - SOUTH POINT (BASIS) - ICE FUTURES ENERGY DIV",260106,2026-01-06,0233A3,IFED,01,023 ,  746705,    6105,   57745,   22546,  698354,  659288,  727005,  739579,   19700,    7126,  746705,    6105,   57745,   22546,  698354,  659288,  727005,  739579,   19700,    7126,       0,       0,       0,       0,       0,       0,       0,       0,       0,       0,  -38348,   -2525,   -2304,   -1012,  -33727,  -34104,  -37264,  -37420,   -1084,    -928,  100.0,    0.8,    7.7,    3.0,   93.5,   88.3,   97.4,   99.0,    2.6,    1.0,  100.0,    0.8,    7.7,    3.0,   93.5,   88.3,   97.4,   99.0,    2.6,    1.0,    0.0,    0.0,    0.0,    0.0,    0.0,    0.0,    0.0,    0.0,    0.0,    0.0,     78,      6,     12,     13,     53,     44,     69,     59,     78,      6,     12,     13,     53,     44,     69,     59,      0,      0,      0,      0,      0,      0,      0,      0,    34.9,    39.2,    50.0,    58.0,    33.8,    35.9,    47.7,    53.3,    34.9,    39.2,    50.0,    58.0,    33.8,    35.9,    47.7,    53.3,     0.0,     0.0,     0.0,     0.0,     0.0,     0.0,     0.0,     0.0,"2500 mmbtu","0233A3","IFED","023 "
"EP SAN JUAN BASIS - ICE FUTURES ENERGY DIV",260106,2026-01-06,0233A8,IFED,01,023 ,  289667,   86015,   11506,     236,  191932,  272109,  278183,  283851,   11484,    5816,  289667,   86015,   11506,     236,  191932,  272109,  278183,  283851,   11484,    5816,       0,       0,       0,       0,       0,       0,       0,       0,       0,       0,   12884,   -1918,   11227,    -948,   11731,    3704,    8865,   13983,    4019,   -1099,  100.0,   29.7,    4.0,    0.1,   66.3,   93.9,   96.0,   98.0,    4.0,    2.0,  100.0,   29.7,    4.0,    0.1,   66.3,   93.9,   96.0,   98.0,    4.0,    2.0,    0.0,    0.0,    0.0,    0.0,    0.0,    0.0,    0.0,    0.0,    0.0,    0.0,     28,      1,      2,      1,     19,     19,     21,     21,     28,      1,      2,      1,     19,     19,     21,     21,      0,      0,      0,      0,      0,      0,      0,      0,    72.4,    75.8,    88.0,    86.2,    60.5,    54.9,    65.8,    64.7,    72.4,    75.8,    88.0,    86.2,    60.5,    54.9,    65.8,    64.7,     0.0,     0.0,     0.0,     0.0,     0.0,     0.0,     0.0,     0.0,"2500 mmbtu","0233A8","IFED","023 "
"HENRY HUB BASIS - ICE FUTURES ENERGY DIV",260106,2026-01-06,0233AG,IFED,01,023 ,   76290,    8664,    1860,     708,   61372,   70800,   70744,   73368,    5546,    2922,   76290,    8664,    1860,     708,   61372,   70800,   70744,   73368,    5546,    2922,       0,       0,       0,       0,       0,       0,       0,       0,       0,       0,  -59049,   -7899,  -25312,   -1860,  -53534,  -31844,  -63293,  -59016,    4244,     -33,  100.0,   11.4,    2.4,    0.9,   80.4,   92.8,   92.7,   96.2,    7.3,    3.8,  100.0,   11.4,    2.4,    0.9,   80.4,   92.8,   92.7,   96.2,    7.3,    3.8,    0.0,    0.0,    0.0,    0.0,    0.0,    0.0,    0.0,    0.0,    0.0,    0.0,     21,      1,      1,      1,      9,     11,     11,     12,     21,      1,      1,      1,      9,     11,     11,     12,      0,      0,      0,      0,      0,      0,      0,      0,    73.2,    74.3,    90.6,    89.8,    73.2,    74.3,    90.0,    88.9,    73.2,    74.3,    90.6,    89.8,    73.2,    74.3,    90.0,    88.9,     0.0,     0.0,     0.0,     0.0,     0.0,     0.0,     0.0,     0.0,"2500 mmbtu","0233AG","IFED","023 "
"HENRY HUB INDEX - ICE FUTURES ENERGY DIV",260106,2026-01-06,0233AH,IFED,01,023 ,  106086,    7344,   30703,    2844,   94844,   69428,  105032,  102975,    1054,    3111,  106086,    7344,   30703,    2844,   94844,   69428,  105032,  102975,    1054,    3111,       0,       0,       0,       0,       0,       0,       0,       0,       0,       0,  -71926,  -17704,  -18594,   -6124,  -47960,  -47516,  -71788,  -72234,    -138,     308,  100.0,    6.9,   28.9,    2.7,   89.4,   65.4,   99.0,   97.1,    1.0,    2.9,  100.0,    6.9,   28.9,    2.7,   89.4,   65.4,   99.0,   97.1,    1.0,    2.9,    0.0,    0.0,    0.0,    0.0,    0.0,    0.0,    0.0,    0.0,    0.0,    0.0,     83,      5,     14,      3,     35,     34,     42,     50,     83,      5,     14,      3,     35,     34,     42,     50,      0,      0,      0,      0,      0,      0,      0,      0,    45.3,    31.7,    67.2,    51.6,    44.7,    24.4,    60.8,    43.3,    45.3,    31.7,    67.2,    51.6,    44.7,    24.4,    60.8,    43.3,     0.0,     0.0,     0.0,     0.0,     0.0,     0.0,     0.0,     0.0,"2500 mmbtu","0233AH","IFED","023 "
"HOUSTON SHIP CHANNEL (INDEX) - ICE FUTURES ENERGY DIV",260106,2026-01-06,0233AM,IFED,01,023 ,  457455,     412,  137744,     300,  452912,  317285,  453624,  455329,    3831,    2126,  457455,     412,  137744,     300,  452912,  317285,  453624,  455329,    3831,    2126,       0,       0,       0,       0,       0,       0,       0,       0,       0,       0,  -65303,    -412,   -9124,      36,  -64783,  -56132,  -65159,  -65220,    -144,     -83,  100.0,    0.1,   30.1,    0.1,   99.0,   69.4,   99.2,   99.5,    0.8,    0.5,  100.0,    0.1,   30.1,    0.1,   99.0,   69.4,   99.2,   99.5,    0.8,    0.5,    0.0,    0.0,    0.0,    0.0,    0.0,    0.0,    0.0,    0.0,    0.0,    0.0,     63,      2,      7,      2,     35,     34,     38,     42,     63,      2,      7,      2,     35,     34,     38,     42,      0,      0,      0,      0,      0,      0,      0,      0,    50.7,    54.2,    78.6,    68.3,    50.7,    52.7,    78.0,    66.8,    50.7,    54.2,    78.6,    68.3,    50.7,    52.7,    78.0,    66.8,     0.0,     0.0,     0.0,     0.0,     0.0,     0.0,     0.0,     0.0,"2500 mmbtu","0233AM","IFED","023 "
"MICHCON FINANCIAL INDEX - ICE FUTURES ENERGY DIV",260106,2026-01-06,0233AN,IFED,01,023 ,   15728,     341,    3892,       0,   14472,   11110,   14813,   15002,     915,     726,   15728,     341,    3892,       0,   14472,   11110,   14813,   15002,     915,     726,       0,       0,       0,       0,       0,       0,       0,       0,       0,       0,  -12587,    -713,   -4774,       0,  -11347,   -7339,  -12060,  -12113,    -527,    -474,  100.0,    2.2,   24.7,    0.0,   92.0,   70.6,   94.2,   95.4,    5.8,    4.6,  100.0,    2.2,   24.7,    0.0,   92.0,   70.6,   94.2,   95.4,    5.8,    4.6,    0.0,    0.0,    0.0,    0.0,    0.0,    0.0,    0.0,    0.0,    0.0,    0.0,     22,      1,      1,      0,     14,     10,     15,     11,     22,      1,      1,      0,     14,     10,     15,     11,      0,      0,      0,      0,      0,      0,      0,      0,    56.0,    62.3,    76.4,    89.2,    56.0,    59.3,    76.3,    84.9,    56.0,    62.3,    76.4,    89.2,    56.0,    59.3,    76.3,    84.9,     0.0,     0.0,     0.0,     0.0,     0.0,     0.0,     0.0,     0.0,"MMBTU","0233AN","IFED","023 "
"MICHCON BASIS - ICE FUTURES ENERGY DIV",260106,2026-01-06,0233AQ,IFED,01,023 ,  177871,     617,   33291,    1496,  164819,  132538,  166932,  167325,   10939,   10546,  177871,     617,   33291,    1496,  164819,  132538,  166932,  167325,   10939,   10546,       0,       0,       0,       0,       0,       0,       0,       0,       0,       0,  -14642,   -2263,   -3324,    -832,  -15007,  -10395,  -18102,  -14551,    3460,     -91,  100.0,    0.3,   18.7,    0.8,   92.7,   74.5,   93.8,   94.1,    6.1,    5.9,  100.0,    0.3,   18.7,    0.8,   92.7,   74.5,   93.8,   94.1,    6.1,    5.9,    0.0,    0.0,    0.0,    0.0,    0.0,    0.0,    0.0,    0.0,    0.0,    0.0,     49,      1,      6,      2,     34,     36,     36,     43,     49,      1,      6,      2,     34,     36,     36,     43,      0,      0,      0,      0,      0,      0,      0,      0,    41.9,    41.1,    61.9,    60.2,    37.1,    36.3,    52.6,    51.0,    41.9,    41.1,    61.9,    60.2,    37.1,    36.3,    52.6,    51.0,     0.0,     0.0,     0.0,     0.0,     0.0,     0.0,     0.0,     0.0,"2500 mmbtu","0233AQ","IFED","023 "
"NAT GAS LD1 for GDD -TEXOK - ICE FUTURES ENERGY DIV",260106,2026-01-06,0233AT,IFED,01,023 ,  137760,     649,    3556,       0,  134903,  132374,  135552,  135930,    2208,    1830,  137760,     649,    3556,       0,  134903,  132374,  135552,  135930,    2208,    1830,       0,       0,       0,       0,       0,       0,       0,       0,       0,       0,  -20085,    -304,   -1706,    -899,  -19819,  -16955,  -21022,  -19560,     937,    -525,  100.0,    0.5,    2.6,    0.0,   97.9,   96.1,   98.4,   98.7,    1.6,    1.3,  100.0,    0.5,    2.6,    0.0,   97.9,   96.1,   98.4,   98.7,    1.6,    1.3,    0.0,    0.0,    0.0,    0.0,    0.0,    0.0,    0.0,    0.0,    0.0,    0.0,     39,      1,      3,      0,     20,     21,     21,     24,     39,      1,      3,      0,     20,     21,     21,     24,      0,      0,      0,      0,      0,      0,      0,      0,    85.6,    66.5,    92.7,    82.7,    85.6,    65.6,    89.3,    80.3,    85.6,    66.5,    92.7,    82.7,    85.6,    65.6,    89.3,    80.3,     0.0,     0.0,     0.0,     0.0,     0.0,     0.0,     0.0,     0.0,"2500 mmbtu","0233AT","IFED","023 "
"ALGONQUIN CITYGATES INDEX - ICE FUTURES ENERGY DIV",260106,2026-01-06,0233AW,IFED,01,023 ,   22091,     273,    2922,       0,   19911,   17513,   20184,   20435,    1907,    1656,   22091,     273,    2922,       0,   19911,   17513,   20184,   20435,    1907,    1656,       0,       0,       0,       0,       0,       0,       0,       0,       0,       0,   -4382,    -217,     248,    -124,   -3477,   -5385,   -3818,   -5261,    -564,     879,  100.0,    1.2,   13.2,    0.0,   90.1,   79.3,   91.4,   92.5,    8.6,    7.5,  100.0,    1.2,   13.2,    0.0,   90.1,   79.3,   91.4,   92.5,    8.6,    7.5,    0.0,    0.0,    0.0,    0.0,    0.0,    0.0,    0.0,    0.0,    0.0,    0.0,     20,      1,      2,      0,     10,     12,     11,     14,     20,      1,      2,      0,     10,     12,     11,     14,      0,      0,      0,      0,      0,      0,      0,      0,    73.6,    66.3,    88.6,    82.2,    62.1,    62.4,    74.7,    73.1,    73.6,    66.3,    88.6,    82.2,    62.1,    62.4,    74.7,    73.1,     0.0,     0.0,     0.0,     0.0,     0.0,     0.0,     0.0,     0.0,"mmbtu","0233AW","IFED","023 "
"NGPL TXOK BASIS - ICE FUTURES ENERGY DIV",260106,2026-01-06,0233B1,IFED,01,023 ,  469225,    6762,   57816,    1932,  449724,  402751,  458418,  462499,   10807,    6726,  469225,    6762,   57816,    1932,  449724,  402751,  458418,  462499,   10807,    6726,       0,       0,       0,       0,       0,       0,       0,       0,       0,       0,  -20728,    2263,  -12399,    -254,  -27679,   -8220,  -25670,  -20873,    4942,     145,  100.0,    1.4,   12.3,    0.4,   95.8,   85.8,   97.7,   98.6,    2.3,    1.4,  100.0,    1.4,   12.3,    0.4,   95.8,   85.8,   97.7,   98.6,    2.3,    1.4,    0.0,    0.0,    0.0,    0.0,    0.0,    0.0,    0.0,    0.0,    0.0,    0.0,     60,      2,      5,      2,     42,     39,     45,     45,     60,      2,      5,      2,     42,     39,     45,     45,      0,      0,      0,      0,      0,      0,      0,      0,    62.2,    55.3,    76.1,    70.4,    62.2,    54.7,    75.7,    68.8,    62.2,    55.3,    76.1,    70.4,    62.2,    54.7,    75.7,    68.8,     0.0,     0.0,     0.0,     0.0,     0.0,     0.0,     0.0,     0.0,"2500 mmbtu","0233B1","IFED","023 "
"NNG VENTURA BASIS - ICE FUTURES ENERGY DIV",260106,2026-01-06,0233BB,IFED,01,023 ,  117141,       0,       0,       0,  101333,  112844,  101333,  112844,   15808,    4297,  117141,       0,       0,       0,  101333,  112844,  101333,  112844,   15808,    4297,       0,       0,       0,       0,       0,       0,       0,       0,       0,       0,   -6578,       0,    -782,     -31,   -6216,   -3380,   -6247,   -4193,    -331,   -2385,  100.0,    0.0,    0.0,    0.0,   86.5,   96.3,   86.5,   96.3,   13.5,    3.7,  100.0,    0.0,    0.0,    0.0,   86.5,   96.3,   86.5,   96.3,   13.5,    3.7,    0.0,    0.0,    0.0,    0.0,    0.0,    0.0,    0.0,    0.0,    0.0,    0.0,     29,      0,      0,      0,     25,     19,     25,     19,     29,      0,      0,      0,     25,     19,     25,     19,      0,      0,      0,      0,      0,      0,      0,      0,    45.7,    67.0,    67.2,    84.6,    43.6,    64.4,    63.0,    80.4,    45.7,    67.0,    67.2,    84.6,    43.6,    64.4,    63.0,    80.4,     0.0,     0.0,     0.0,     0.0,     0.0,     0.0,     0.0,     0.0,"2500 mmbtu","0233BB","IFED","023 "
"NWP Rockies Index - ICE FUTURES ENERGY DIV",260106,2026-01-06,0233BD,IFED,01,023 ,   14140,       0,    1240,       0,   13427,   10828,   13427,   12068,     713,    2072,   14140,       0,    1240,       0,   13427,   10828,   13427,   12068,     713,    2072,       0,       0,       0,       0,       0,       0,       0,       0,       0,       0,   -6541,    -434,   -1098,       0,   -5332,   -5388,   -5766,   -6486,    -775,     -55,  100.0,    0.0,    8.8,    0.0,   95.0,   76.6,   95.0,   85.3,    5.0,   14.7,  100.0,    0.0,    8.8,    0.0,   95.0,   76.6,   95.0,   85.3,    5.0,   14.7,    0.0,    0.0,    0.0,    0.0,    0.0,    0.0,    0.0,    0.0,    0.0,    0.0,     20,      0,      3,      0,     12,      9,     12,     12,     20,      0,      3,      0,     12,      9,     12,     12,      0,      0,      0,      0,      0,      0,      0,      0,    64.8,    62.4,    86.4,    76.4,    64.8,    55.0,    80.5,    68.3,    64.8,    62.4,    86.4,    76.4,    64.8,    55.0,    80.5,    68.3,     0.0,     0.0,     0.0,     0.0,     0.0,     0.0,     0.0,     0.0,"2500 mmbtu","0233BD","IFED","023 "
"MALIN (BASIS) - ICE FUTURES ENERGY DIV",260106,2026-01-06,0233BH,IFED,01,023 ,  123228,    2996,     233,     183,  106892,  112515,  110071,  112931,   13157,   10297,  123228,    2996,     233,     183,  106892,  112515,  110071,  112931,   13157,   10297,       0,       0,       0,       0,       0,       0,       0,       0,       0,       0,   -8264,    -472,     233,    -267,  -11056,   -8423,  -11795,   -8457,    3531,     193,  100.0,    2.4,    0.2,    0.1,   86.7,   91.3,   89.3,   91.6,   10.7,    8.4,  100.0,    2.4,    0.2,    0.1,   86.7,   91.3,   89.3,   91.6,   10.7,    8.4,    0.0,    0.0,    0.0,    0.0,    0.0,    0.0,    0.0,    0.0,    0.0,    0.0,     22,      1,      1,      1,     15,     17,     17,     18,     22,      1,      1,      1,     15,     17,     17,     18,      0,      0,      0,      0,      0,      0,      0,      0,    75.6,    70.1,    85.0,    83.5,    73.7,    69.9,    81.3,    81.6,    75.6,    70.1,    85.0,    83.5,    73.7,    69.9,    81.3,    81.6,     0.0,     0.0,     0.0,     0.0,     0.0,     0.0,     0.0,     0.0,"2500 mmbtu","0233BH","IFED","023 "
"PANHANDLE BASIS - ICE FUTURES ENERGY DIV",260106,2026-01-06,0233BL,IFED,01,023 ,  145884,    8924,     247,     648,  116487,  137577,  126059,  138472,   19825,    7412,  145884,    8924,     247,     648,  116487,  137577,  126059,  138472,   19825,    7412,       0,       0,       0,       0,       0,       0,       0,       0,       0,       0,   -3824,   -1217,    -825,     203,   -2916,   -2942,   -3930,   -3564,     106,    -260,  100.0,    6.1,    0.2,    0.4,   79.8,   94.3,   86.4,   94.9,   13.6,    5.1,  100.0,    6.1,    0.2,    0.4,   79.8,   94.3,   86.4,   94.9,   13.6,    5.1,    0.0,    0.0,    0.0,    0.0,    0.0,    0.0,    0.0,    0.0,    0.0,    0.0,     30,      2,      1,      3,     24,     20,     27,     23,     30,      2,      1,      3,     24,     20,     27,     23,      0,      0,      0,      0,      0,      0,      0,      0,    38.5,    53.2,    60.0,    72.6,    33.2,    49.9,    53.5,    63.4,    38.5,    53.2,    60.0,    72.6,    33.2,    49.9,    53.5,    63.4,     0.0,     0.0,     0.0,     0.0,     0.0,     0.0,     0.0,     0.0,"2500 mmbtu","0233BL","IFED","023 "
"PG&E - CITYGATE (INDEX) - ICE FUTURES ENERGY DIV",260106,2026-01-06,0233BQ,IFED,01,023 ,   20210,    1054,     465,       0,   14431,   18746,   15485,   19211,    4725,     999,   20210,    1054,     465,       0,   14431,   18746,   15485,   19211,    4725,     999,       0,       0,       0,       0,       0,       0,       0,       0,       0,       0,   -5244,    -279,   -1209,       0,   -4097,   -3167,   -4376,   -4376,    -868,    -868,  100.0,    5.2,    2.3,    0.0,   71.4,   92.8,   76.6,   95.1,   23.4,    4.9,  100.0,    5.2,    2.3,    0.0,   71.4,   92.8,   76.6,   95.1,   23.4,    4.9,    0.0,    0.0,    0.0,    0.0,    0.0,    0.0,    0.0,    0.0,    0.0,    0.0,     20,      3,      1,      0,      9,     11,     12,     12,     20,      3,      1,      0,      9,     11,     12,     12,      0,      0,      0,      0,      0,      0,      0,      0,    61.0,    75.5,    71.4,    88.6,    56.1,    69.7,    62.9,    80.4,    61.0,    75.5,    71.4,    88.6,    56.1,    69.7,    62.9,    80.4,     0.0,     0.0,     0.0,     0.0,     0.0,     0.0,     0.0,     0.0,"2500 mmbtu","0233BQ","IFED","023 "
"SONAT - TIER 1 POOL (ZONE 0) - ICE FUTURES ENERGY DIV",260106,2026-01-06,0233C1,IFED,01,023 ,  101459,    2427,       0,       0,   91128,   95899,   93555,   95899,    7904,    5560,  101459,    2427,       0,       0,   91128,   95899,   93555,   95899,    7904,    5560,       0,       0,       0,       0,       0,       0,       0,       0,       0,       0,  -11847,    -713,       0,       0,  -10545,  -12492,  -11258,  -12492,    -589,     645,  100.0,    2.4,    0.0,    0.0,   89.8,   94.5,   92.2,   94.5,    7.8,    5.5,  100.0,    2.4,    0.0,    0.0,   89.8,   94.5,   92.2,   94.5,    7.8,    5.5,    0.0,    0.0,    0.0,    0.0,    0.0,    0.0,    0.0,    0.0,    0.0,    0.0,     29,      1,      0,      0,     17,     23,     18,     23,     29,      1,      0,      0,     17,     23,     18,     23,      0,      0,      0,      0,      0,      0,      0,      0,    69.5,    54.4,    82.4,    73.8,    66.9,    54.4,    78.8,    72.5,    69.5,    54.4,    82.4,    73.8,    66.9,    54.4,    78.8,    72.5,     0.0,     0.0,     0.0,     0.0,     0.0,     0.0,     0.0,     0.0,"2500 mmbtu","0233C1","IFED","023 "
"TETCO WLA BASIS - ICE FUTURES ENERGY DIV",260106,2026-01-06,0233CC,IFED,01,023 ,  131447,    2817,   68800,       0,  119470,   60069,  122287,  128869,    9160,    2578,  131447,    2817,   68800,       0,  119470,   60069,  122287,  128869,    9160,    2578,       0,       0,       0,       0,       0,       0,       0,       0,       0,       0,   -6206,    -372,   -1305,       0,   -5062,   -5329,   -5434,   -6634,    -772,     428,  100.0,    2.1,   52.3,    0.0,   90.9,   45.7,   93.0,   98.0,    7.0,    2.0,  100.0,    2.1,   52.3,    0.0,   90.9,   45.7,   93.0,   98.0,    7.0,    2.0,    0.0,    0.0,    0.0,    0.0,    0.0,    0.0,    0.0,    0.0,    0.0,    0.0,     27,      1,      1,      0,     17,     14,     18,     15,     27,      1,      1,      0,     17,     14,     18,     15,      0,      0,      0,      0,      0,      0,      0,      0,    55.9,    86.7,    73.9,    95.4,    54.1,    85.2,    71.1,    90.3,    55.9,    86.7,    73.9,    95.4,    54.1,    85.2,    71.1,    90.3,     0.0,     0.0,     0.0,     0.0,     0.0,     0.0,     0.0,     0.0,"mmbtu","0233CC","IFED","023 "
"TETCO M3 INDEX - ICE FUTURES ENERGY DIV",260106,2026-01-06,0233CG,IFED,01,023 ,   68546,    1023,     893,       0,   63740,   65870,   64763,   66763,    3783,    1783,   68546,    1023,     893,       0,   63740,   65870,   64763,   66763,    3783,    1783,       0,       0,       0,       0,       0,       0,       0,       0,       0,       0,  -15384,   -1637,   -1818,    -242,  -15003,  -13256,  -16882,  -15316,    1498,     -68,  100.0,    1.5,    1.3,    0.0,   93.0,   96.1,   94.5,   97.4,    5.5,    2.6,  100.0,    1.5,    1.3,    0.0,   93.0,   96.1,   94.5,   97.4,    5.5,    2.6,    0.0,    0.0,    0.0,    0.0,    0.0,    0.0,    0.0,    0.0,    0.0,    0.0,     23,      2,      1,      0,     10,     14,     12,     15,     23,      2,      1,      0,     10,     14,     12,     15,      0,      0,      0,      0,      0,      0,      0,      0,    75.8,    66.1,    91.6,    90.3,    70.2,    64.6,    82.8,    83.7,    75.8,    66.1,    91.6,    90.3,    70.2,    64.6,    82.8,    83.7,     0.0,     0.0,     0.0,     0.0,     0.0,     0.0,     0.0,     0.0,"2500 mmbtu","0233CG","IFED","023 "
"TETCO M3 BASIS - ICE FUTURES ENERGY DIV",260106,2026-01-06,0233CH,IFED,01,023 ,  160145,    7151,    2297,    1359,  138277,  145980,  146787,  149636,   13358,   10509,  160145,    7151,    2297,    1359,  138277,  145980,  146787,  149636,   13358,   10509,       0,       0,       0,       0,       0,       0,       0,       0,       0,       0,  -16335,    -531,   -1270,    -164,  -14088,  -14440,  -14783,  -15874,   -1552,    -461,  100.0,    4.5,    1.4,    0.8,   86.3,   91.2,   91.7,   93.4,    8.3,    6.6,  100.0,    4.5,    1.4,    0.8,   86.3,   91.2,   91.7,   93.4,    8.3,    6.6,    0.0,    0.0,    0.0,    0.0,    0.0,    0.0,    0.0,    0.0,    0.0,    0.0,     43,      5,      2,      3,     25,     27,     31,     31,     43,      5,      2,      3,     25,     27,     31,     31,      0,      0,      0,      0,      0,      0,      0,      0,    43.8,    37.2,    67.6,    56.9,    40.9,    37.2,    64.6,    54.8,    43.8,    37.2,    67.6,    56.9,    40.9,    37.2,    64.6,    54.8,     0.0,     0.0,     0.0,     0.0,     0.0,     0.0,     0.0,     0.0,"2500 mm btu","0233CH","IFED","023 "
"TGT ZONE 1 BASIS - ICE FUTURES ENERGY DIV",260106,2026-01-06,0233CM,IFED,01,023 ,  159788,    9106,       0,      93,  146409,  155328,  155608,  155421,    4180,    4367,  159788,    9106,       0,      93,  146409,  155328,  155608,  155421,    4180,    4367,       0,       0,       0,       0,       0,       0,       0,       0,       0,       0,  -11299,   -1307,       0,       0,   -9436,  -10890,  -10743,  -10890,    -556,    -409,  100.0,    5.7,    0.0,    0.1,   91.6,   97.2,   97.4,   97.3,    2.6,    2.7,  100.0,    5.7,    0.0,    0.1,   91.6,   97.2,   97.4,   97.3,    2.6,    2.7,    0.0,    0.0,    0.0,    0.0,    0.0,    0.0,    0.0,    0.0,    0.0,    0.0,     37,      2,      0,      1,     27,     26,     29,     27,     37,      2,      0,      1,     27,     26,     29,     27,      0,      0,      0,      0,      0,      0,      0,      0,    50.2,    75.5,    73.2,    88.5,    49.5,    74.5,    71.8,    86.1,    50.2,    75.5,    73.2,    88.5,    49.5,    74.5,    71.8,    86.1,     0.0,     0.0,     0.0,     0.0,     0.0,     0.0,     0.0,     0.0,"2500 MMBtus","0233CM","IFED","023 "
"TRANSCO STN 85 MONTHLY INDEX - ICE FUTURES ENERGY DIV",260106,2026-01-06,0233CS,IFED,01,023 ,   35461,    7099,     602,      62,   25224,   33631,   32385,   34295,    3076,    1166,   35461,    7099,     602,      62,   25224,   33631,   32385,   34295,    3076,    1166,       0,       0,       0,       0,       0,       0,       0,       0,       0,       0,  -13020,   -4340,   -1240,    -279,  -10702,  -11644,  -15321,  -13163,    2301,     143,  100.0,   20.0,    1.7,    0.2,   71.1,   94.8,   91.3,   96.7,    8.7,    3.3,  100.0,   20.0,    1.7,    0.2,   71.1,   94.8,   91.3,   96.7,    8.7,    3.3,    0.0,    0.0,    0.0,    0.0,    0.0,    0.0,    0.0,    0.0,    0.0,    0.0,     30,      5,      1,      1,     12,     16,     17,     18,     30,      5,      1,      1,     12,     16,     17,     18,      0,      0,      0,      0,      0,      0,      0,      0,    63.4,    74.0,    82.6,    85.3,    63.4,    74.0,    82.6,    85.3,    63.4,    74.0,    82.6,    85.3,    63.4,    74.0,    82.6,    85.3,     0.0,     0.0,     0.0,     0.0,     0.0,     0.0,     0.0,     0.0,"mmbtu","0233CS","IFED","023 "
"TRANSCO ZONE 6 BASIS - ICE FUTURES ENERGY DIV",260106,2026-01-06,0233CU,IFED,01,023 ,  260751,    3788,    7068,    2608,  247833,  247442,  254229,  257118,    6522,    3633,  260751,    3788,    7068,    2608,  247833,  247442,  254229,  257118,    6522,    3633,       0,       0,       0,       0,       0,       0,       0,       0,       0,       0,  -17061,   -1900,    -814,   -1073,  -10768,  -14964,  -13741,  -16851,   -3320,    -210,  100.0,    1.5,    2.7,    1.0,   95.0,   94.9,   97.5,   98.6,    2.5,    1.4,  100.0,    1.5,    2.7,    1.0,   95.0,   94.9,   97.5,   98.6,    2.5,    1.4,    0.0,    0.0,    0.0,    0.0,    0.0,    0.0,    0.0,    0.0,    0.0,    0.0,     47,      2,      3,      3,     33,     31,     36,     36,     47,      2,      3,      3,     33,     31,     36,     36,      0,      0,      0,      0,      0,      0,      0,      0,    50.8,    46.1,    69.0,    66.1,    47.8,    46.0,    65.0,    65.5,    50.8,    46.1,    69.0,    66.1,    47.8,    46.0,    65.0,    65.5,     0.0,     0.0,     0.0,     0.0,     0.0,     0.0,     0.0,     0.0,"mmbtu","0233CU","IFED","023 "
"TRANSCO ZONE 6 MONTHLY INDEX - ICE FUTURES ENERGY DIV",260106,2026-01-06,0233CV,IFED,01,023 ,   95892,    8336,    2017,       0,   83848,   92314,   92184,   94331,    3708,    1561,   95892,    8336,    2017,       0,   83848,   92314,   92184,   94331,    3708,    1561,       0,       0,       0,       0,       0,       0,       0,       0,       0,       0,  -18197,   -4296,    -682,    -118,  -15091,  -17236,  -19505,  -18036,    1308,    -161,  100.0,    8.7,    2.1,    0.0,   87.4,   96.3,   96.1,   98.4,    3.9,    1.6,  100.0,    8.7,    2.1,    0.0,   87.4,   96.3,   96.1,   98.4,    3.9,    1.6,    0.0,    0.0,    0.0,    0.0,    0.0,    0.0,    0.0,    0.0,    0.0,    0.0,     28,      4,      1,      0,     10,     13,     14,     14,     28,      4,      1,      0,     10,     13,     14,     14,      0,      0,      0,      0,      0,      0,      0,      0,    73.3,    72.6,    87.9,    91.1,    73.3,    72.6,    87.9,    91.1,    73.3,    72.6,    87.9,    91.1,    73.3,    72.6,    87.9,    91.1,     0.0,     0.0,     0.0,     0.0,     0.0,     0.0,     0.0,     0.0,"mmbtu","0233CV","IFED","023 "
"TRANSCO STATION 85-ZONE 4 BASI - ICE FUTURES ENERGY DIV",260106,2026-01-06,0233CW,IFED,01,023 ,  295867,   79639,       0,    2319,  207609,  283951,  289567,  286270,    6300,    9597,  295867,   79639,       0,    2319,  207609,  283951,  289567,  286270,    6300,    9597,       0,       0,       0,       0,       0,       0,       0,       0,       0,       0,  -14269,    -230,       0,     238,  -12549,  -13412,  -12541,  -13174,   -1728,   -1095,  100.0,   26.9,    0.0,    0.8,   70.2,   96.0,   97.9,   96.8,    2.1,    3.2,  100.0,   26.9,    0.0,    0.8,   70.2,   96.0,   97.9,   96.8,    2.1,    3.2,    0.0,    0.0,    0.0,    0.0,    0.0,    0.0,    0.0,    0.0,    0.0,    0.0,     55,      8,      0,      3,     31,     35,     39,     38,     55,      8,      0,      3,     31,     35,     39,     38,      0,      0,      0,      0,      0,      0,      0,      0,    51.3,    39.2,    66.6,    61.9,    41.2,    38.2,    54.4,    57.9,    51.3,    39.2,    66.6,    61.9,    41.2,    38.2,    54.4,    57.9,     0.0,     0.0,     0.0,     0.0,     0.0,     0.0,     0.0,     0.0,"2500 mm btu","0233CW","IFED","023 "
"WAHA INDEX - ICE FUTURES ENERGY DIV",260106,2026-01-06,0233D4,IFED,01,023 ,   78663,       0,    4469,       0,   76419,   70151,   76419,   74620,    2244,    4043,   78663,       0,    4469,       0,   76419,   70151,   76419,   74620,    2244,    4043,       0,       0,       0,       0,       0,       0,       0,       0,       0,       0,  -12474,       0,   -2666,       0,  -13081,   -9459,  -13081,  -12125,     607,    -349,  100.0,    0.0,    5.7,    0.0,   97.1,   89.2,   97.1,   94.9,    2.9,    5.1,  100.0,    0.0,    5.7,    0.0,   97.1,   89.2,   97.1,   94.9,    2.9,    5.1,    0.0,    0.0,    0.0,    0.0,    0.0,    0.0,    0.0,    0.0,    0.0,    0.0,     39,      0,      5,      0,     22,     21,     22,     26,     39,      0,      5,      0,     22,     21,     22,     26,      0,      0,      0,      0,      0,      0,      0,      0,    52.2,    56.1,    78.3,    71.6,    52.2,    49.5,    76.9,    63.2,    52.2,    56.1,    78.3,    71.6,    52.2,    49.5,    76.9,    63.2,     0.0,     0.0,     0.0,     0.0,     0.0,     0.0,     0.0,     0.0,"2500 mm btu","0233D4","IFED","023 "
"TETCO M2 Basis (Receipts) - ICE FUTURES ENERGY DIV",260106,2026-01-06,0233DR,IFED,01,023 ,  512102,   24522,     965,    2063,  479235,  505967,  505820,  508995,    6282,    3107,  512102,   24522,     965,    2063,  479235,  505967,  505820,  508995,    6282,    3107,       0,       0,       0,       0,       0,       0,       0,       0,       0,       0,  -26910,   -2180,   -2893,    -528,  -24158,  -23077,  -26866,  -26498,     -44,    -412,  100.0,    4.8,    0.2,    0.4,   93.6,   98.8,   98.8,   99.4,    1.2,    0.6,  100.0,    4.8,    0.2,    0.4,   93.6,   98.8,   98.8,   99.4,    1.2,    0.6,    0.0,    0.0,    0.0,    0.0,    0.0,    0.0,    0.0,    0.0,    0.0,    0.0,     59,      5,      2,      3,     37,     27,     43,     31,     59,      5,      2,      3,     37,     27,     43,     31,      0,      0,      0,      0,      0,      0,      0,      0,    47.3,    51.5,    63.1,    73.7,    46.8,    50.8,    62.2,    73.0,    47.3,    51.5,    63.1,    73.7,    46.8,    50.8,    62.2,    73.0,     0.0,     0.0,     0.0,     0.0,     0.0,     0.0,     0.0,     0.0,"2500 MM Btus","0233DR","IFED","023 "
"TRANSCO LEIDY BASIS - ICE FUTURES ENERGY DIV",260106,2026-01-06,0233DT,IFED,01,023 ,  122309,    9139,       0,     642,  107512,  117402,  117293,  118044,    5016,    4265,  122309,    9139,       0,     642,  107512,  117402,  117293,  118044,    5016,    4265,       0,       0,       0,       0,       0,       0,       0,       0,       0,       0,  -10181,   -1442,       0,    -112,   -9670,  -10448,  -11224,  -10560,    1043,     379,  100.0,    7.5,    0.0,    0.5,   87.9,   96.0,   95.9,   96.5,    4.1,    3.5,  100.0,    7.5,    0.0,    0.5,   87.9,   96.0,   95.9,   96.5,    4.1,    3.5,    0.0,    0.0,    0.0,    0.0,    0.0,    0.0,    0.0,    0.0,    0.0,    0.0,     32,      3,      0,      1,     22,     17,     25,     18,     32,      3,      0,      1,     22,     17,     25,     18,      0,      0,      0,      0,      0,      0,      0,      0,    49.9,    50.9,    67.4,    78.1,    47.6,    49.3,    62.6,    72.0,    49.9,    50.9,    67.4,    78.1,    47.6,    49.3,    62.6,    72.0,     0.0,     0.0,     0.0,     0.0,     0.0,     0.0,     0.0,     0.0,"2500 mm btu","0233DT","IFED","023 "
"REX ZONE 3 BASIS - ICE FUTURES ENERGY DIV",260106,2026-01-06,0233EB,IFED,01,023 ,  260178,   14286,    3437,    6107,  231004,  243161,  251397,  252705,    8781,    7473,  260178,   14286,    3437,    6107,  231004,  243161,  251397,  252705,    8781,    7473,       0,       0,       0,       0,       0,       0,       0,       0,       0,       0,  -18937,   -1810,   -1139,     330,  -17393,  -17553,  -18873,  -18362,     -64,    -575,  100.0,    5.5,    1.3,    2.3,   88.8,   93.5,   96.6,   97.1,    3.4,    2.9,  100.0,    5.5,    1.3,    2.3,   88.8,   93.5,   96.6,   97.1,    3.4,    2.9,    0.0,    0.0,    0.0,    0.0,    0.0,    0.0,    0.0,    0.0,    0.0,    0.0,     55,      6,      4,      7,     30,     37,     38,     46,     55,      6,      4,      7,     30,     37,     38,     46,      0,      0,      0,      0,      0,      0,      0,      0,    39.6,    38.4,    58.8,    60.6,    39.1,    38.0,    57.2,    59.9,    39.6,    38.4,    58.8,    60.6,    39.1,    38.0,    57.2,    59.9,     0.0,     0.0,     0.0,     0.0,     0.0,     0.0,     0.0,     0.0,"2500 MMBtus","0233EB","IFED","023 "
"REX ZONE 3 INDEX - ICE FUTURES ENERGY DIV",260106,2026-01-06,0233ED,IFED,01,023 ,   18044,       0,       0,       0,   17377,   17492,   17377,   17492,     667,     552,   18044,       0,       0,       0,   17377,   17492,   17377,   17492,     667,     552,       0,       0,       0,       0,       0,       0,       0,       0,       0,       0,  -13113,   -3162,       0,       0,   -8981,  -12989,  -12143,  -12989,    -970,    -124,  100.0,    0.0,    0.0,    0.0,   96.3,   96.9,   96.3,   96.9,    3.7,    3.1,  100.0,    0.0,    0.0,    0.0,   96.3,   96.9,   96.3,   96.9,    3.7,    3.1,    0.0,    0.0,    0.0,    0.0,    0.0,    0.0,    0.0,    0.0,    0.0,    0.0,     24,      0,      0,      0,     14,     14,     14,     14,     24,      0,      0,      0,     14,     14,     14,     14,      0,      0,      0,      0,      0,      0,      0,      0,    63.0,    64.5,    84.3,    85.0,    61.6,    64.5,    81.6,    85.0,    63.0,    64.5,    84.3,    85.0,    61.6,    64.5,    81.6,    85.0,     0.0,     0.0,     0.0,     0.0,     0.0,     0.0,     0.0,     0.0,"2500 MMBtus","0233ED","IFED","023 "
"Transco Zone 5 South Basis - ICE FUTURES ENERGY DIV",260106,2026-01-06,0233FJ,IFED,01,023 ,  153357,   15482,       0,     568,  132158,  146980,  148208,  147548,    5149,    5809,  153357,   15482,       0,     568,  132158,  146980,  148208,  147548,    5149,    5809,       0,       0,       0,       0,       0,       0,       0,       0,       0,       0,   -9737,   -1097,       0,     -62,   -9221,   -9112,  -10380,   -9174,     643,    -563,  100.0,   10.1,    0.0,    0.4,   86.2,   95.8,   96.6,   96.2,    3.4,    3.8,  100.0,   10.1,    0.0,    0.4,   86.2,   95.8,   96.6,   96.2,    3.4,    3.8,    0.0,    0.0,    0.0,    0.0,    0.0,    0.0,    0.0,    0.0,    0.0,    0.0,     37,      5,      0,      2,     21,     28,     26,     30,     37,      5,      0,      2,     21,     28,     26,     30,      0,      0,      0,      0,      0,      0,      0,      0,    60.7,    53.9,    78.3,    72.3,    58.2,    51.0,    74.3,    68.9,    60.7,    53.9,    78.3,    72.3,    58.2,    51.0,    74.3,    68.9,     0.0,     0.0,     0.0,     0.0,     0.0,     0.0,     0.0,     0.0,"2500 MMBtus","0233FJ","IFED","023 "
"NAT GAS NYME - NEW YORK MERCANTILE EXCHANGE",260106,2026-01-06,023651,NYME,01,023 , 1596169,  253256,  418815,  698858,  585931,  432017, 1538045, 1549690,   58124,   46479, 1596169,  253256,  418815,  698858,  585931,  432017, 1538045, 1549690,   58124,   46479,       0,       0,       0,       0,       0,       0,       0,       0,       0,       0,   62184,   31540,   42205,     167,   26718,   17428,   58425,   59800,    3759,    2384,  100.0,   15.9,   26.2,   43.8,   36.7,   27.1,   96.4,   97.1,    3.6,    2.9,  100.0,   15.9,   26.2,   43.8,   36.7,   27.1,   96.4,   97.1,    3.6,    2.9,    0.0,    0.0,    0.0,    0.0,    0.0,    0.0,    0.0,    0.0,    0.0,    0.0,    316,    121,    101,    148,     83,     70,    289,    242,    316,    121,    101,    148,     83,     70,    289,    242,      0,      0,      0,      0,      0,      0,      0,      0,    22.6,    26.7,    32.9,    40.4,     8.5,     9.8,    12.5,    13.4,    22.6,    26.7,    32.9,    40.4,     8.5,     9.8,    12.5,    13.4,     0.0,     0.0,     0.0,     0.0,     0.0,     0.0,     0.0,     0.0,"(Contracts of 10,000 MMBTU'S)","023651","NYME","023 "
"HENRY HUB LAST DAY FIN - NEW YORK MERCANTILE EXCHANGE",260106,2026-01-06,023A55,NYME,01,023 ,  420601,  128540,   80397,   84043,  185187,  248931,  397770,  413371,   22831,    7230,  420601,  128540,   80397,   84043,  185187,  248931,  397770,  413371,   22831,    7230,       0,       0,       0,       0,       0,       0,       0,       0,       0,       0,    9345,    6183,   -2347,    3737,    -484,    7024,    9436,    8414,     -91,     931,  100.0,   30.6,   19.1,   20.0,   44.0,   59.2,   94.6,   98.3,    5.4,    1.7,  100.0,   30.6,   19.1,   20.0,   44.0,   59.2,   94.6,   98.3,    5.4,    1.7,    0.0,    0.0,    0.0,    0.0,    0.0,    0.0,    0.0,    0.0,    0.0,    0.0,     87,     20,     16,     32,     45,     36,     82,     69,     87,     20,     16,     32,     45,     36,     82,     69,      0,      0,      0,      0,      0,      0,      0,      0,    25.4,    40.5,    37.7,    55.1,    20.7,    35.8,    30.6,    44.7,    25.4,    40.5,    37.7,    55.1,    20.7,    35.8,    30.6,    44.7,     0.0,     0.0,     0.0,     0.0,     0.0,     0.0,     0.0,     0.0,"(Contracts of 10,000 MMBTU'S)","023A55","NYME","023 "
"HENRY HUB PENULTIMATE FIN - NEW YORK MERCANTILE EXCHANGE",260106,2026-01-06,023A56,NYME,01,023 ,  218223,   32301,   64620,   28629,  151322,  116969,  212252,  210218,    5971,    8005,  218223,   32301,   64620,   28629,  151322,  116969,  212252,  210218,    5971,    8005,       0,       0,       0,       0,       0,       0,       0,       0,       0,       0,    5571,    1978,    -681,    4188,    -557,    1518,    5609,    5025,     -38,     546,  100.0,   14.8,   29.6,   13.1,   69.3,   53.6,   97.3,   96.3,    2.7,    3.7,  100.0,   14.8,   29.6,   13.1,   69.3,   53.6,   97.3,   96.3,    2.7,    3.7,    0.0,    0.0,    0.0,    0.0,    0.0,    0.0,    0.0,    0.0,    0.0,    0.0,     74,     18,     24,     34,     30,     27,     67,     66,     74,     18,     24,     34,     30,     27,     67,     66,      0,      0,      0,      0,      0,      0,      0,      0,    34.8,    35.2,    53.7,    50.1,    32.6,    24.5,    46.3,    37.4,    34.8,    35.2,    53.7,    50.1,    32.6,    24.5,    46.3,    37.4,     0.0,     0.0,     0.0,     0.0,     0.0,     0.0,     0.0,     0.0,"(Contracts of 10,000 MMBTU'S)","023A56","NYME","023 "
"ETHANOL T2 FOB INCL DUTY - NEW YORK MERCANTILE EXCHANGE",260106,2026-01-06,025608,NYME,01,025 ,    4019,       0,     279,     135,    3409,    3322,    3544,    3736,     475,     283,    4019,       0,     279,     135,    3409,    3322,    3544,    3736,     475,     283,       0,       0,       0,       0,       0,       0,       0,       0,       0,       0,   -1061,    -375,      20,     -96,    -722,    -965,   -1193,   -1041,     132,     -20,  100.0,    0.0,    6.9,    3.4,   84.8,   82.7,   88.2,   93.0,   11.8,    7.0,  100.0,    0.0,    6.9,    3.4,   84.8,   82.7,   88.2,   93.0,   11.8,    7.0,    0.0,    0.0,    0.0,    0.0,    0.0,    0.0,    0.0,    0.0,    0.0,    0.0,     21,      0,      1,      1,     16,     16,     17,     17,     21,      0,      1,      1,     16,     16,     17,     17,      0,      0,      0,      0,      0,      0,      0,      0,    52.9,    68.2,    72.8,    80.1,    50.4,    63.4,    65.7,    72.8,    52.9,    68.2,    72.8,    80.1,    50.4,    63.4,    65.7,    72.8,     0.0,     0.0,     0.0,     0.0,     0.0,     0.0,     0.0,     0.0,"(100 CUBIC METERS)","025608","NYME","025 "
"ETHANOL - NEW YORK MERCANTILE EXCHANGE",260106,2026-01-06,025651,NYME,01,025 ,   32557,    6430,    1889,    3568,   21935,   26431,   31933,   31888,     624,     669,   32557,    6430,    1889,    3568,   21935,   26431,   31933,   31888,     624,     669,       0,       0,       0,       0,       0,       0,       0,       0,       0,       0,   -4974,   -1496,      11,     390,   -3915,   -5582,   -5021,   -5181,      47,     207,  100.0,   19.7,    5.8,   11.0,   67.4,   81.2,   98.1,   97.9,    1.9,    2.1,  100.0,   19.7,    5.8,   11.0,   67.4,   81.2,   98.1,   97.9,    1.9,    2.1,    0.0,    0.0,    0.0,    0.0,    0.0,    0.0,    0.0,    0.0,    0.0,    0.0,    111,     22,     11,     11,     54,     61,     80,     80,    111,     22,     11,     11,     54,     61,     80,     80,      0,      0,      0,      0,      0,      0,      0,      0,    30.5,    26.6,    42.5,    44.0,    19.7,    20.6,    26.8,    29.3,    30.5,    26.6,    42.5,    44.0,    19.7,    20.6,    26.8,    29.3,     0.0,     0.0,     0.0,     0.0,     0.0,     0.0,     0.0,     0.0,"(CONTRACTS OF 42,000 U.S. GALLONS)","025651","NYME","025 "
"SOYBEAN MEAL - CHICAGO BOARD OF TRADE",260106,2026-01-06,026603,CBT ,00,026 ,  490379,  100382,  112840,   87398,  260428,  259378,  448208,  459616,   42171,   30763,  445572,   99868,  109761,   74237,  233104,  233900,  407209,  417898,   38363,   27674,   44807,    8546,   11111,    5129,   27324,   25478,   40999,   41718,    3808,    3089,    2565,   -5570,    4514,    4237,    2827,   -6978,    1494,    1773,    1071,     792,  100.0,   20.5,   23.0,   17.8,   53.1,   52.9,   91.4,   93.7,    8.6,    6.3,  100.0,   22.4,   24.6,   16.7,   52.3,   52.5,   91.4,   93.8,    8.6,    6.2,  100.0,   19.1,   24.8,   11.4,   61.0,   56.9,   91.5,   93.1,    8.5,    6.9,    336,     83,     86,     99,    124,    109,    261,    252,    335,     88,     89,     94,    122,    100,    258,    238,    142,     35,     26,     19,     57,     42,    102,     78,    10.7,    26.9,    18.9,    35.8,     9.8,    26.2,    17.1,    34.5,    11.4,    28.5,    20.0,    37.4,    11.0,    28.1,    18.7,    36.9,    21.5,    25.5,    33.0,    42.7,    20.7,    23.9,    30.6,    38.8,"(CONTRACTS OF 100 TONS)","026603","CBT ","026 "
"COTTON NO. 2 - ICE FUTURES U.S.",260106,2026-01-06,033661,ICUS,01,033 ,  311647,   81409,  110329,   74888,  139812,  114953,  296109,  300170,   15538,   11477,  270731,   81409,  115704,   57910,  117853,   87069,  257172,  260683,   13559,   10048,   40916,   16482,   11107,     496,   21959,   27884,   38937,   39487,    1979,    1429,   10685,     247,   -1790,    2027,    5756,   10992,    8030,   11229,    2655,    -544,  100.0,   26.1,   35.4,   24.0,   44.9,   36.9,   95.0,   96.3,    5.0,    3.7,  100.0,   30.1,   42.7,   21.4,   43.5,   32.2,   95.0,   96.3,    5.0,    3.7,  100.0,   40.3,   27.1,    1.2,   53.7,   68.1,   95.2,   96.5,    4.8,    3.5,    356,    113,    136,    111,     81,     63,    268,    247,    346,    122,    129,     95,     74,     55,    252,    227,    149,     45,     44,     11,     38,     30,     90,     78,     8.7,    17.7,    15.8,    24.2,     7.1,    14.3,    13.1,    20.1,     9.2,    16.5,    17.1,    23.0,     7.9,    12.8,    14.2,    18.7,    28.7,    39.5,    45.5,    52.9,    28.7,    37.0,    45.5,    49.9,"(CONTRACTS OF 50,000 POUNDS)","033661","ICUS","033 "
"HENRY HUB - NEW YORK MERCANTILE EXCHANGE",260106,2026-01-06,03565B,NYME,01,023 ,  349816,  226243,   31484,    1540,  107790,  296231,  335573,  329255,   14243,   20561,  349816,  226243,   31484,    1540,  107790,  296231,  335573,  329255,   14243,   20561,       0,       0,       0,       0,       0,       0,       0,       0,       0,       0,     819,     232,    1104,     -72,     587,   -1599,     747,    -567,      72,    1386,  100.0,   64.7,    9.0,    0.4,   30.8,   84.7,   95.9,   94.1,    4.1,    5.9,  100.0,   64.7,    9.0,    0.4,   30.8,   84.7,   95.9,   94.1,    4.1,    5.9,    0.0,    0.0,    0.0,    0.0,    0.0,    0.0,    0.0,    0.0,    0.0,    0.0,     35,      6,      5,      3,     20,     20,     27,     27,     35,      6,      5,      3,     20,     20,     27,     27,      0,      0,      0,      0,      0,      0,      0,      0,    61.6,    54.2,    75.8,    74.8,    61.3,    48.9,    75.1,    66.2,    61.6,    54.2,    75.8,    74.8,    61.3,    48.9,    75.1,    66.2,     0.0,     0.0,     0.0,     0.0,     0.0,     0.0,     0.0,     0.0,"(Contracts of 2,500  MMBTU'S)","03565B","NYME","023 "
"HENRY HUB PENULTIMATE NAT GAS - NEW YORK MERCANTILE EXCHANGE",260106,2026-01-06,03565C,NYME,01,023 ,  117256,    8443,   31106,    7421,   87079,   66774,  102943,  105301,   14313,   11955,  117256,    8443,   31106,    7421,   87079,   66774,  102943,  105301,   14313,   11955,       0,       0,       0,       0,       0,       0,       0,       0,       0,       0,    -167,   -1336,   -1058,       0,    1151,     945,    -185,    -113,      18,     -54,  100.0,    7.2,   26.5,    6.3,   74.3,   56.9,   87.8,   89.8,   12.2,   10.2,  100.0,    7.2,   26.5,    6.3,   74.3,   56.9,   87.8,   89.8,   12.2,   10.2,    0.0,    0.0,    0.0,    0.0,    0.0,    0.0,    0.0,    0.0,    0.0,    0.0,     36,      7,     10,     12,     19,     15,     34,     29,     36,      7,     10,     12,     19,     15,     34,     29,      0,      0,      0,      0,      0,      0,      0,      0,    43.7,    42.5,    60.0,    61.2,    36.2,    34.0,    48.1,    50.2,    43.7,    42.5,    60.0,    61.2,    36.2,    34.0,    48.1,    50.2,     0.0,     0.0,     0.0,     0.0,     0.0,     0.0,     0.0,     0.0,"(Contracts of 2,500  MMBTU'S)","03565C","NYME","023 "
"USD Malaysian Crude Palm Oil C - CHICAGO MERCANTILE EXCHANGE",260106,2026-01-06,037021,CME ,00,037 ,   24402,    3176,    1934,     396,   20830,   22072,   24402,   24402,       0,       0,   24402,    3176,    1934,     396,   20830,   22072,   24402,   24402,       0,       0,       0,       0,       0,       0,       0,       0,       0,       0,       0,       0,   -2199,     -88,     100,       0,   -2111,   -2299,   -2199,   -2199,       0,       0,  100.0,   13.0,    7.9,    1.6,   85.4,   90.5,  100.0,  100.0,    0.0,    0.0,  100.0,   13.0,    7.9,    1.6,   85.4,   90.5,  100.0,  100.0,    0.0,    0.0,    0.0,    0.0,    0.0,    0.0,    0.0,    0.0,    0.0,    0.0,    0.0,    0.0,     30,      5,      6,      3,     13,     13,     20,     20,     30,      5,      6,      3,     13,     13,     20,     20,      0,      0,      0,      0,      0,      0,      0,      0,    66.6,    69.8,    86.7,    85.8,    57.0,    58.4,    69.1,    66.2,    66.6,    69.8,    86.7,    85.8,    57.0,    58.4,    69.1,    66.2,     0.0,     0.0,     0.0,     0.0,     0.0,     0.0,     0.0,     0.0,"(CONTRACTS OF 25 METRIC TONS)","037021","CME ","037 "
"ROUGH RICE - CHICAGO BOARD OF TRADE",260106,2026-01-06,039601,CBT ,00,039 ,   13166,    3314,    8302,     444,    6787,    2560,   10545,   11306,    2621,    1860,   12880,    3436,    8352,     158,    6744,    2521,   10338,   11031,    2542,    1849,     286,     164,     236,       0,      43,      39,     207,     275,      79,      11,    -775,     152,    -825,      65,    -409,     161,    -192,    -599,    -583,    -176,  100.0,   25.2,   63.1,    3.4,   51.5,   19.4,   80.1,   85.9,   19.9,   14.1,  100.0,   26.7,   64.8,    1.2,   52.4,   19.6,   80.3,   85.6,   19.7,   14.4,  100.0,   57.3,   82.5,    0.0,   15.0,   13.6,   72.4,   96.2,   27.6,    3.8,     79,     19,     30,      7,     20,     12,     45,     44,     78,     19,     30,      6,     20,     12,     44,     43,      8,      3,      2,      0,      1,      2,      4,      4,    33.6,    29.4,    48.8,    44.7,    33.3,    29.4,    48.6,    44.7,    34.3,    30.0,    49.8,    45.6,    34.3,    30.0,    49.8,    45.6,    72.4,    96.2,    72.4,    96.2,    72.4,    96.2,    72.4,    96.2,"(CONTRACTS OF 200,000 POUNDS)","039601","CBT ","039 "
"FRZN CONCENTRATED ORANGE JUICE - ICE FUTURES U.S.",260106,2026-01-06,040701,ICUS,01,040 ,   10061,    3814,    4506,     603,    3957,    3431,    8374,    8540,    1687,    1521,   10061,    3814,    4506,     603,    3957,    3431,    8374,    8540,    1687,    1521,       0,       0,       0,       0,       0,       0,       0,       0,       0,       0,     242,     -42,     113,     266,     -86,      12,     138,     391,     104,    -149,  100.0,   37.9,   44.8,    6.0,   39.3,   34.1,   83.2,   84.9,   16.8,   15.1,  100.0,   37.9,   44.8,    6.0,   39.3,   34.1,   83.2,   84.9,   16.8,   15.1,    0.0,    0.0,    0.0,    0.0,    0.0,    0.0,    0.0,    0.0,    0.0,    0.0,     52,     15,     18,      9,     15,     10,     35,     34,     52,     15,     18,      9,     15,     10,     35,     34,      0,      0,      0,      0,      0,      0,      0,      0,    33.9,    39.0,    53.2,    57.1,    33.2,    34.4,    48.9,    49.5,    33.9,    39.0,    53.2,    57.1,    33.2,    34.4,    48.9,    49.5,     0.0,     0.0,     0.0,     0.0,     0.0,     0.0,     0.0,     0.0,"(CONTRACTS OF 15,000 POUNDS)","040701","ICUS","040 "
"UST 2Y NOTE - CHICAGO BOARD OF TRADE",260106,2026-01-06,042601,CBT ,00,042 , 4567965,  748754, 2095408,  129891, 3454411, 2237725, 4333056, 4463024,  234909,  104941, 4567965,  748754, 2095408,  129891, 3454411, 2237725, 4333056, 4463024,  234909,  104941,       0,       0,       0,       0,       0,       0,       0,       0,       0,       0,   37176,    8120,  -44833,   27043,   -1941,   57745,   33222,   39955,    3954,   -2779,  100.0,   16.4,   45.9,    2.8,   75.6,   49.0,   94.9,   97.7,    5.1,    2.3,  100.0,   16.4,   45.9,    2.8,   75.6,   49.0,   94.9,   97.7,    5.1,    2.3,    0.0,    0.0,    0.0,    0.0,    0.0,    0.0,    0.0,    0.0,    0.0,    0.0,    481,     89,     63,     38,    243,    195,    350,    278,    481,     89,     63,     38,    243,    195,    350,    278,      0,      0,      0,      0,      0,      0,      0,      0,    25.8,    24.4,    35.1,    39.8,    24.3,    23.5,    31.4,    37.3,    25.8,    24.4,    35.1,    39.8,    24.3,    23.5,    31.4,    37.3,     0.0,     0.0,     0.0,     0.0,     0.0,     0.0,     0.0,     0.0,"(CONTRACTS OF $200,000 FACE VALUE)","042601","CBT ","042 "
"UST 10Y NOTE - CHICAGO BOARD OF TRADE",260106,2026-01-06,043602,CBT ,00,043 , 5536100,  640744, 1556296,  150974, 4312768, 3502037, 5104486, 5209307,  431614,  326793, 5536100,  640744, 1556296,  150974, 4312768, 3502037, 5104486, 5209307,  431614,  326793,       0,       0,       0,       0,       0,       0,       0,       0,       0,       0,   35914,   -1229,  -25335,   -2167,   50024,   46873,   46628,   19371,  -10714,   16543,  100.0,   11.6,   28.1,    2.7,   77.9,   63.3,   92.2,   94.1,    7.8,    5.9,  100.0,   11.6,   28.1,    2.7,   77.9,   63.3,   92.2,   94.1,    7.8,    5.9,    0.0,    0.0,    0.0,    0.0,    0.0,    0.0,    0.0,    0.0,    0.0,    0.0,    418,     78,     62,     50,    217,    181,    321,    267,    418,     78,     62,     50,    217,    181,    321,    267,      0,      0,      0,      0,      0,      0,      0,      0,    29.0,    28.3,    36.6,    38.3,    26.4,    27.0,    32.9,    36.9,    29.0,    28.3,    36.6,    38.3,    26.4,    27.0,    32.9,    36.9,     0.0,     0.0,     0.0,     0.0,     0.0,     0.0,     0.0,     0.0,"(CONTRACTS OF $100,000 FACE VALUE)","043602","CBT ","043 "
"ULTRA UST 10Y - CHICAGO BOARD OF TRADE",260106,2026-01-06,043607,CBT ,00,043 , 2573779,  282007,  543935,   22897, 2027914, 1716731, 2332818, 2283563,  240961,  290216, 2573779,  282007,  543935,   22897, 2027914, 1716731, 2332818, 2283563,  240961,  290216,       0,       0,       0,       0,       0,       0,       0,       0,       0,       0,   43517,   10636,   -8485,   -5656,   36206,   50586,   41186,   36445,    2331,    7072,  100.0,   11.0,   21.1,    0.9,   78.8,   66.7,   90.6,   88.7,    9.4,   11.3,  100.0,   11.0,   21.1,    0.9,   78.8,   66.7,   90.6,   88.7,    9.4,   11.3,    0.0,    0.0,    0.0,    0.0,    0.0,    0.0,    0.0,    0.0,    0.0,    0.0,    234,     24,     35,     18,    115,    139,    149,    182,    234,     24,     35,     18,    115,    139,    149,    182,      0,      0,      0,      0,      0,      0,      0,      0,    25.5,    18.2,    39.2,    28.0,    19.0,    13.9,    30.3,    22.2,    25.5,    18.2,    39.2,    28.0,    19.0,    13.9,    30.3,    22.2,     0.0,     0.0,     0.0,     0.0,     0.0,     0.0,     0.0,     0.0,"(CONTRACTS OF $100,000 FACE VALUE)","043607","CBT ","043 "
"MICRO 10 YEAR YIELD - CHICAGO BOARD OF TRADE",260106,2026-01-06,04360Y,CBT ,00,043 ,    2406,    2068,    1080,       0,       0,     223,    2068,    1303,     338,    1103,    2406,    2068,    1080,       0,       0,     223,    2068,    1303,     338,    1103,       0,       0,       0,       0,       0,       0,       0,       0,       0,       0,    -348,     719,     -54,    -636,    -401,     173,    -318,    -517,     -30,     169,  100.0,   86.0,   44.9,    0.0,    0.0,    9.3,   86.0,   54.2,   14.0,   45.8,  100.0,   86.0,   44.9,    0.0,    0.0,    9.3,   86.0,   54.2,   14.0,   45.8,    0.0,    0.0,    0.0,    0.0,    0.0,    0.0,    0.0,    0.0,    0.0,    0.0,     23,      7,     15,      0,      0,      1,      7,     16,     23,      7,     15,      0,      0,      1,      7,     16,      0,      0,      0,      0,      0,      0,      0,      0,    81.6,    28.8,    86.0,    41.6,    81.6,    28.8,    86.0,    41.6,    81.6,    28.8,    86.0,    41.6,    81.6,    28.8,    86.0,    41.6,     0.0,     0.0,     0.0,     0.0,     0.0,     0.0,     0.0,     0.0,"(1000 x Index Points)","04360Y","CBT ","043 "
"UST 5Y NOTE - CHICAGO BOARD OF TRADE",260106,2026-01-06,044601,CBT ,00,044 , 6737810,  539618, 2852371,  134661, 5621679, 3473256, 6295958, 6460288,  441852,  277522, 6737810,  539618, 2852371,  134661, 5621679, 3473256, 6295958, 6460288,  441852,  277522,       0,       0,       0,       0,       0,       0,       0,       0,       0,       0,   32981,   35429,  -54615,   10635,   12309,   63061,   58373,   19081,  -25392,   13900,  100.0,    8.0,   42.3,    2.0,   83.4,   51.5,   93.4,   95.9,    6.6,    4.1,  100.0,    8.0,   42.3,    2.0,   83.4,   51.5,   93.4,   95.9,    6.6,    4.1,    0.0,    0.0,    0.0,    0.0,    0.0,    0.0,    0.0,    0.0,    0.0,    0.0,    455,     66,     69,     45,    242,    205,    336,    291,    455,     66,     69,     45,    242,    205,    336,    291,      0,      0,      0,      0,      0,      0,      0,      0,    31.8,    19.3,    42.8,    32.1,    29.8,    19.1,    37.8,    31.7,    31.8,    19.3,    42.8,    32.1,    29.8,    19.1,    37.8,    31.7,     0.0,     0.0,     0.0,     0.0,     0.0,     0.0,     0.0,     0.0,"(CONTRACTS OF $100,000 FACE VALUE)","044601","CBT ","044 "
"FED FUNDS - CHICAGO BOARD OF TRADE",260106,2026-01-06,045601,CBT ,00,045 , 2190669,  519557,  359199,  367600, 1252678, 1432640, 2139835, 2159439,   50834,   31230, 2190669,  519557,  359199,  367600, 1252678, 1432640, 2139835, 2159439,   50834,   31230,       0,       0,       0,       0,       0,       0,       0,       0,       0,       0, -409911, -182458, -162021,  -46436, -182664, -201373, -411558, -409830,    1647,     -81,  100.0,   23.7,   16.4,   16.8,   57.2,   65.4,   97.7,   98.6,    2.3,    1.4,  100.0,   23.7,   16.4,   16.8,   57.2,   65.4,   97.7,   98.6,    2.3,    1.4,    0.0,    0.0,    0.0,    0.0,    0.0,    0.0,    0.0,    0.0,    0.0,    0.0,    173,     38,     31,     45,     88,     88,    151,    140,    173,     38,     31,     45,     88,     88,    151,    140,      0,      0,      0,      0,      0,      0,      0,      0,    25.7,    20.1,    39.4,    32.3,    21.4,    13.1,    30.6,    21.6,    25.7,    20.1,    39.4,    32.3,    21.4,    13.1,    30.6,    21.6,     0.0,     0.0,     0.0,     0.0,     0.0,     0.0,     0.0,     0.0,"(CONTRACTS OF $5,000,000)","045601","CBT ","045 "
"EURO SHORT TERM RATE - CHICAGO MERCANTILE EXCHANGE",260106,2026-01-06,047745,CME ,00,047 ,   18750,    8012,     850,    4183,    6532,   13694,   18727,   18727,      23,      23,   18750,    8012,     850,    4183,    6532,   13694,   18727,   18727,      23,      23,       0,       0,       0,       0,       0,       0,       0,       0,       0,       0,      34,    -150,      71,     -55,     240,      19,      35,      35,      -1,      -1,  100.0,   42.7,    4.5,   22.3,   34.8,   73.0,   99.9,   99.9,    0.1,    0.1,  100.0,   42.7,    4.5,   22.3,   34.8,   73.0,   99.9,   99.9,    0.1,    0.1,    0.0,    0.0,    0.0,    0.0,    0.0,    0.0,    0.0,    0.0,    0.0,    0.0,     40,     16,      3,     10,     14,     14,     30,     27,     40,     16,      3,     10,     14,     14,     30,     27,      0,      0,      0,      0,      0,      0,      0,      0,    50.1,    58.0,    73.2,    76.9,    39.4,    49.3,    52.8,    59.0,    50.1,    58.0,    73.2,    76.9,    39.4,    49.3,    52.8,    59.0,     0.0,     0.0,     0.0,     0.0,     0.0,     0.0,     0.0,     0.0,"(2,500 X CONTRACT GRADE IMM INDEX)","047745","CME ","047 "
"BUTTER (CASH SETTLED) - CHICAGO MERCANTILE EXCHANGE",260106,2026-01-06,050642,CME ,00,050 ,   14200,     376,    2292,     696,   12158,   10613,   13230,   13601,     970,     599,   14200,     376,    2292,     696,   12158,   10613,   13230,   13601,     970,     599,       0,       0,       0,       0,       0,       0,       0,       0,       0,       0,   -2355,    -212,   -1138,      21,   -2318,   -1121,   -2509,   -2238,     154,    -117,  100.0,    2.6,   16.1,    4.9,   85.6,   74.7,   93.2,   95.8,    6.8,    4.2,  100.0,    2.6,   16.1,    4.9,   85.6,   74.7,   93.2,   95.8,    6.8,    4.2,    0.0,    0.0,    0.0,    0.0,    0.0,    0.0,    0.0,    0.0,    0.0,    0.0,     57,      3,     11,      8,     36,     29,     46,     41,     57,      3,     11,      8,     36,     29,     46,     41,      0,      0,      0,      0,      0,      0,      0,      0,    42.8,    34.3,    60.0,    50.2,    39.5,    26.9,    55.3,    41.4,    42.8,    34.3,    60.0,    50.2,    39.5,    26.9,    55.3,    41.4,     0.0,     0.0,     0.0,     0.0,     0.0,     0.0,     0.0,     0.0,"(CONTRACTS OF 20,000 POUNDS)","050642","CME ","050 "
"MILK, Class III - CHICAGO MERCANTILE EXCHANGE",260106,2026-01-06,052641,CME ,00,052 ,   30622,    4251,   11165,    2276,   21832,   12589,   28359,   26030,    2263,    4592,   30622,    4251,   11165,    2276,   21832,   12589,   28359,   26030,    2263,    4592,       0,       0,       0,       0,       0,       0,       0,       0,       0,       0,   -2864,    -523,    -604,     -63,   -2283,   -2169,   -2869,   -2836,       5,     -28,  100.0,   13.9,   36.5,    7.4,   71.3,   41.1,   92.6,   85.0,    7.4,   15.0,  100.0,   13.9,   36.5,    7.4,   71.3,   41.1,   92.6,   85.0,    7.4,   15.0,    0.0,    0.0,    0.0,    0.0,    0.0,    0.0,    0.0,    0.0,    0.0,    0.0,     76,      6,     35,     13,     22,     23,     40,     59,     76,      6,     35,     13,     22,     23,     40,     59,      0,      0,      0,      0,      0,      0,      0,      0,    54.9,    28.2,    68.1,    44.0,    54.9,    26.1,    68.0,    40.6,    54.9,    28.2,    68.1,    44.0,    54.9,    26.1,    68.0,    40.6,     0.0,     0.0,     0.0,     0.0,     0.0,     0.0,     0.0,     0.0,"(CONTRACTS OF 200,000 POUNDS)","052641","CME ","052 "
"NON FAT DRY MILK - CHICAGO MERCANTILE EXCHANGE",260106,2026-01-06,052642,CME ,00,052 ,   10017,     293,    1171,     294,    8279,    8022,    8866,    9487,    1151,     530,   10017,     293,    1171,     294,    8279,    8022,    8866,    9487,    1151,     530,       0,       0,       0,       0,       0,       0,       0,       0,       0,       0,   -1473,     -36,    -143,    -118,   -1321,   -1079,   -1475,   -1340,       2,    -133,  100.0,    2.9,   11.7,    2.9,   82.6,   80.1,   88.5,   94.7,   11.5,    5.3,  100.0,    2.9,   11.7,    2.9,   82.6,   80.1,   88.5,   94.7,   11.5,    5.3,    0.0,    0.0,    0.0,    0.0,    0.0,    0.0,    0.0,    0.0,    0.0,    0.0,     46,      2,      8,      5,     31,     21,     37,     30,     46,      2,      8,      5,     31,     21,     37,     30,      0,      0,      0,      0,      0,      0,      0,      0,    35.7,    50.0,    52.7,    70.4,    35.7,    48.2,    52.7,    67.7,    35.7,    50.0,    52.7,    70.4,    35.7,    48.2,    52.7,    67.7,     0.0,     0.0,     0.0,     0.0,     0.0,     0.0,     0.0,     0.0,"(CONTRACTS OF 44,000 LBS.)","052642","CME ","052 "
"CME MILK IV - CHICAGO MERCANTILE EXCHANGE",260106,2026-01-06,052644,CME ,00,052 ,    9432,     291,    4157,     182,    8924,    4996,    9397,    9335,      35,      97,    9432,     291,    4157,     182,    8924,    4996,    9397,    9335,      35,      97,       0,       0,       0,       0,       0,       0,       0,       0,       0,       0,   -1119,     -56,    -618,     -82,    -923,    -425,   -1061,   -1125,     -58,       6,  100.0,    3.1,   44.1,    1.9,   94.6,   53.0,   99.6,   99.0,    0.4,    1.0,  100.0,    3.1,   44.1,    1.9,   94.6,   53.0,   99.6,   99.0,    0.4,    1.0,    0.0,    0.0,    0.0,    0.0,    0.0,    0.0,    0.0,    0.0,    0.0,    0.0,     30,      3,      6,      3,     14,     11,     19,     18,     30,      3,      6,      3,     14,     11,     19,     18,      0,      0,      0,      0,      0,      0,      0,      0,    73.4,    62.9,    90.3,    86.2,    73.4,    61.2,    86.2,    81.8,    73.4,    62.9,    90.3,    86.2,    73.4,    61.2,    86.2,    81.8,     0.0,     0.0,     0.0,     0.0,     0.0,     0.0,     0.0,     0.0,"(CONTRACTS OF 200,000 POUNDS)","052644","CME ","052 "
"LEAN HOGS - CHICAGO MERCANTILE EXCHANGE",260106,2026-01-06,054642,CME ,00,054 ,  303764,  118065,   76677,   60397,  106284,  141265,  284746,  278339,   19018,   25425,  295744,  117694,   75112,   57618,  102951,  138408,  278263,  271138,   17481,   24606,    8020,    2733,    3927,     417,    3333,    2857,    6483,    7201,    1537,     819,    8264,    1714,    1659,      92,    5130,    6180,    6936,    7931,    1328,     333,  100.0,   38.9,   25.2,   19.9,   35.0,   46.5,   93.7,   91.6,    6.3,    8.4,  100.0,   39.8,   25.4,   19.5,   34.8,   46.8,   94.1,   91.7,    5.9,    8.3,  100.0,   34.1,   49.0,    5.2,   41.6,   35.6,   80.8,   89.8,   19.2,   10.2,    312,    117,     77,    108,     68,     89,    240,    231,    312,    117,     83,    104,     64,     89,    232,    231,     82,     21,     18,     13,     22,     23,     49,     51,    15.8,    17.9,    25.0,    27.5,    15.8,    17.5,    24.6,    27.0,    16.0,    18.1,    25.4,    27.9,    16.0,    17.8,    25.0,    27.6,    37.2,    38.6,    51.5,    58.5,    36.8,    38.5,    50.5,    58.4,"(CONTRACTS OF 40,000 POUNDS)","054642","CME ","054 "
"LIVE CATTLE - CHICAGO MERCANTILE EXCHANGE",260106,2026-01-06,057642,CME ,00,057 ,  331020,  141608,   60882,   54489,  108620,  177515,  304717,  292886,   26303,   38134,  331020,  141608,   60882,   54489,  108620,  177515,  304717,  292886,   26303,   38134,       0,       0,       0,       0,       0,       0,       0,       0,       0,       0,    3943,    1114,   -1425,    1647,    -421,    2861,    2340,    3083,    1603,     860,  100.0,   42.8,   18.4,   16.5,   32.8,   53.6,   92.1,   88.5,    7.9,   11.5,  100.0,   42.8,   18.4,   16.5,   32.8,   53.6,   92.1,   88.5,    7.9,   11.5,    0.0,    0.0,    0.0,    0.0,    0.0,    0.0,    0.0,    0.0,    0.0,    0.0,    390,    136,     58,    105,     97,    155,    284,    284,    390,    136,     58,    105,     97,    155,    284,    284,      0,      0,      0,      0,      0,      0,      0,      0,    14.3,    16.7,    23.3,    27.0,    14.3,    16.1,    22.6,    26.3,    14.3,    16.7,    23.3,    27.0,    14.3,    16.1,    22.6,    26.3,     0.0,     0.0,     0.0,     0.0,     0.0,     0.0,     0.0,     0.0,"(CONTRACTS OF 40,000 POUNDS)","057642","CME ","057 "
"LUMBER - CHICAGO MERCANTILE EXCHANGE",260106,2026-01-06,058644,CME ,00,058 ,   10022,    1493,    6435,     116,    7552,    2685,    9161,    9236,     861,     786,   10022,    1493,    6435,     116,    7552,    2685,    9161,    9236,     861,     786,       0,       0,       0,       0,       0,       0,       0,       0,       0,       0,      90,      54,     616,     -62,     129,    -447,     121,     107,     -31,     -17,  100.0,   14.9,   64.2,    1.2,   75.4,   26.8,   91.4,   92.2,    8.6,    7.8,  100.0,   14.9,   64.2,    1.2,   75.4,   26.8,   91.4,   92.2,    8.6,    7.8,    0.0,    0.0,    0.0,    0.0,    0.0,    0.0,    0.0,    0.0,    0.0,    0.0,     87,     14,     35,      5,     29,     20,     46,     58,     87,     14,     35,      5,     29,     20,     46,     58,      0,      0,      0,      0,      0,      0,      0,      0,    38.3,    32.5,    60.0,    49.6,    38.2,    32.5,    59.7,    49.0,    38.3,    32.5,    60.0,    49.6,    38.2,    32.5,    59.7,    49.0,     0.0,     0.0,     0.0,     0.0,     0.0,     0.0,     0.0,     0.0,"(CONTRACTS OF 27,500 BOARD FEET)","058644","CME ","058 "
"FEEDER CATTLE - CHICAGO MERCANTILE EXCHANGE",260106,2026-01-06,061641,CME ,00,061 ,   72392,   32264,   23920,   15147,   14585,   16784,   61996,   55851,   10396,   16541,   72392,   32264,   23920,   15147,   14585,   16784,   61996,   55851,   10396,   16541,       0,       0,       0,       0,       0,       0,       0,       0,       0,       0,    3644,    1569,      48,    2057,    -165,    1381,    3461,    3486,     183,     158,  100.0,   44.6,   33.0,   20.9,   20.1,   23.2,   85.6,   77.2,   14.4,   22.8,  100.0,   44.6,   33.0,   20.9,   20.1,   23.2,   85.6,   77.2,   14.4,   22.8,    0.0,    0.0,    0.0,    0.0,    0.0,    0.0,    0.0,    0.0,    0.0,    0.0,    271,     85,     65,     71,     59,     94,    182,    203,    271,     85,     65,     71,     59,     94,    182,    203,      0,      0,      0,      0,      0,      0,      0,      0,    14.3,    15.0,    22.3,    24.0,    14.2,    13.4,    21.4,    20.6,    14.3,    15.0,    22.3,    24.0,    14.2,    13.4,    21.4,    20.6,     0.0,     0.0,     0.0,     0.0,     0.0,     0.0,     0.0,     0.0,"(CONTRACTS OF 50,000 POUNDS)","061641","CME ","061 "
"CHEESE (CASH-SETTLED) - CHICAGO MERCANTILE EXCHANGE",260106,2026-01-06,063642,CME ,00,063 ,   31961,     655,   10520,    2059,   28605,   18359,   31319,   30938,     642,    1023,   31961,     655,   10520,    2059,   28605,   18359,   31319,   30938,     642,    1023,       0,       0,       0,       0,       0,       0,       0,       0,       0,       0,   -3371,    -136,    -710,     -40,   -3110,   -2771,   -3286,   -3521,     -85,     150,  100.0,    2.0,   32.9,    6.4,   89.5,   57.4,   98.0,   96.8,    2.0,    3.2,  100.0,    2.0,   32.9,    6.4,   89.5,   57.4,   98.0,   96.8,    2.0,    3.2,    0.0,    0.0,    0.0,    0.0,    0.0,    0.0,    0.0,    0.0,    0.0,    0.0,     90,      9,     27,     10,     35,     34,     49,     66,     90,      9,     27,     10,     35,     34,     49,     66,      0,      0,      0,      0,      0,      0,      0,      0,    45.1,    34.2,    65.2,    53.9,    44.4,    33.6,    62.4,    49.1,    45.1,    34.2,    65.2,    53.9,    44.4,    33.6,    62.4,    49.1,     0.0,     0.0,     0.0,     0.0,     0.0,     0.0,     0.0,     0.0,"(CONTRACTS OF 20,000 POUNDS)","063642","CME ","063 "
"MID-C DAY-AHEAD PEAK - ICE FUTURES ENERGY DIV",260106,2026-01-06,064391,IFED,01,064 ,   40886,    3152,    4570,    1900,   35232,   34260,   40284,   40730,     602,     156,   40886,    3152,    4570,    1900,   35232,   34260,   40284,   40730,     602,     156,       0,       0,       0,       0,       0,       0,       0,       0,       0,       0,   -1381,     414,     523,    -441,   -1761,   -1466,   -1788,   -1384,     407,       3,  100.0,    7.7,   11.2,    4.6,   86.2,   83.8,   98.5,   99.6,    1.5,    0.4,  100.0,    7.7,   11.2,    4.6,   86.2,   83.8,   98.5,   99.6,    1.5,    0.4,    0.0,    0.0,    0.0,    0.0,    0.0,    0.0,    0.0,    0.0,    0.0,    0.0,     54,     10,     10,      7,     28,     28,     41,     42,     54,     10,     10,      7,     28,     28,     41,     42,      0,      0,      0,      0,      0,      0,      0,      0,    42.9,    35.3,    63.1,    60.4,    42.3,    33.4,    60.6,    52.6,    42.9,    35.3,    63.1,    60.4,    42.3,    33.4,    60.6,    52.6,     0.0,     0.0,     0.0,     0.0,     0.0,     0.0,     0.0,     0.0,"(Contracts of about 400 MWh)","064391","IFED","064 "
"MID-C DAY-AHEAD OFF-PEAK - ICE FUTURES ENERGY DIV",260106,2026-01-06,064392,IFED,01,064 ,   29159,    1542,    3126,    1540,   25660,   24186,   28742,   28852,     417,     307,   29159,    1542,    3126,    1540,   25660,   24186,   28742,   28852,     417,     307,       0,       0,       0,       0,       0,       0,       0,       0,       0,       0,    -518,     -59,     213,     -18,    -801,    -871,    -878,    -676,     360,     158,  100.0,    5.3,   10.7,    5.3,   88.0,   82.9,   98.6,   98.9,    1.4,    1.1,  100.0,    5.3,   10.7,    5.3,   88.0,   82.9,   98.6,   98.9,    1.4,    1.1,    0.0,    0.0,    0.0,    0.0,    0.0,    0.0,    0.0,    0.0,    0.0,    0.0,     40,      4,      5,      7,     24,     26,     31,     35,     40,      4,      5,      7,     24,     26,     31,     35,      0,      0,      0,      0,      0,      0,      0,      0,    48.7,    42.5,    67.0,    60.0,    41.8,    38.9,    52.9,    53.8,    48.7,    42.5,    67.0,    60.0,    41.8,    38.9,    52.9,    53.8,     0.0,     0.0,     0.0,     0.0,     0.0,     0.0,     0.0,     0.0,"(Contracts of about 352 MWh)","064392","IFED","064 "
"PJM WESTERN HUB RT OFF - ICE FUTURES ENERGY DIV",260106,2026-01-06,064394,IFED,01,064 ,  254067,   94022,    9594,   30056,  128809,  213525,  252887,  253175,    1180,     892,  254067,   94022,    9594,   30056,  128809,  213525,  252887,  253175,    1180,     892,       0,       0,       0,       0,       0,       0,       0,       0,       0,       0,  -10079,   -4546,    -516,   -1012,   -4729,   -8282,  -10287,   -9810,     208,    -269,  100.0,   37.0,    3.8,   11.8,   50.7,   84.0,   99.5,   99.6,    0.5,    0.4,  100.0,   37.0,    3.8,   11.8,   50.7,   84.0,   99.5,   99.6,    0.5,    0.4,    0.0,    0.0,    0.0,    0.0,    0.0,    0.0,    0.0,    0.0,    0.0,    0.0,     82,     26,     13,     20,     40,     37,     73,     63,     82,     26,     13,     20,     40,     37,     73,     63,      0,      0,      0,      0,      0,      0,      0,      0,    34.8,    43.2,    53.3,    60.8,    30.0,    39.8,    41.4,    52.9,    34.8,    43.2,    53.3,    60.8,    30.0,    39.8,    41.4,    52.9,     0.0,     0.0,     0.0,     0.0,     0.0,     0.0,     0.0,     0.0,"(Contracts of about 352 MWh)","064394","IFED","064 "
"SP15 FIN DA PEAK FIXED - ICE FUTURES ENERGY DIV",260106,2026-01-06,064395,IFED,01,064 ,  102739,   13166,   10353,    7170,   81600,   84930,  101936,  102453,     803,     286,  102739,   13166,   10353,    7170,   81600,   84930,  101936,  102453,     803,     286,       0,       0,       0,       0,       0,       0,       0,       0,       0,       0,    1677,    1007,     663,    -351,     620,    1178,    1276,    1490,     401,     187,  100.0,   12.8,   10.1,    7.0,   79.4,   82.7,   99.2,   99.7,    0.8,    0.3,  100.0,   12.8,   10.1,    7.0,   79.4,   82.7,   99.2,   99.7,    0.8,    0.3,    0.0,    0.0,    0.0,    0.0,    0.0,    0.0,    0.0,    0.0,    0.0,    0.0,     65,     12,     14,     13,     32,     33,     49,     55,     65,     12,     14,     13,     32,     33,     49,     55,      0,      0,      0,      0,      0,      0,      0,      0,    38.8,    54.2,    61.8,    66.8,    38.1,    53.0,    58.8,    63.0,    38.8,    54.2,    61.8,    66.8,    38.1,    53.0,    58.8,    63.0,     0.0,     0.0,     0.0,     0.0,     0.0,     0.0,     0.0,     0.0,"(Contracts of about 400 MWh)","064395","IFED","064 "
"CAISO SP-15 DA OFF-PK FIXED - ICE FUTURES ENERGY DIV",260106,2026-01-06,064396,IFED,01,064 ,   73070,    4526,   11143,    8090,   60109,   53797,   72725,   73030,     345,      40,   73070,    4526,   11143,    8090,   60109,   53797,   72725,   73030,     345,      40,       0,       0,       0,       0,       0,       0,       0,       0,       0,       0,   -1579,    1808,   -1277,    -784,   -2852,     442,   -1828,   -1619,     249,      40,  100.0,    6.2,   15.2,   11.1,   82.3,   73.6,   99.5,   99.9,    0.5,    0.1,  100.0,    6.2,   15.2,   11.1,   82.3,   73.6,   99.5,   99.9,    0.5,    0.1,    0.0,    0.0,    0.0,    0.0,    0.0,    0.0,    0.0,    0.0,    0.0,    0.0,     50,      7,      7,      8,     30,     32,     42,     42,     50,      7,      7,      8,     30,     32,     42,     42,      0,      0,      0,      0,      0,      0,      0,      0,    41.7,    53.1,    66.1,    69.3,    40.7,    43.0,    59.7,    56.7,    41.7,    53.1,    66.1,    69.3,    40.7,    43.0,    59.7,    56.7,     0.0,     0.0,     0.0,     0.0,     0.0,     0.0,     0.0,     0.0,"(Contracts of about 352 MWh)","064396","IFED","064 "
"PJM AEP DAYTON RT OFF-PK FIXED - ICE FUTURES ENERGY DIV",260106,2026-01-06,06439A,IFED,01,064 ,   61483,   17642,    4745,    8444,   34837,   47843,   60923,   61032,     560,     451,   61483,   17642,    4745,    8444,   34837,   47843,   60923,   61032,     560,     451,       0,       0,       0,       0,       0,       0,       0,       0,       0,       0,   -1636,     316,      32,    -418,   -1752,   -1436,   -1854,   -1822,     218,     186,  100.0,   28.7,    7.7,   13.7,   56.7,   77.8,   99.1,   99.3,    0.9,    0.7,  100.0,   28.7,    7.7,   13.7,   56.7,   77.8,   99.1,   99.3,    0.9,    0.7,    0.0,    0.0,    0.0,    0.0,    0.0,    0.0,    0.0,    0.0,    0.0,    0.0,     38,      3,      8,      6,     24,     27,     32,     36,     38,      3,      8,      6,     24,     27,     32,     36,      0,      0,      0,      0,      0,      0,      0,      0,    62.0,    32.2,    77.8,    53.2,    48.0,    23.4,    55.1,    38.6,    62.0,    32.2,    77.8,    53.2,    48.0,    23.4,    55.1,    38.6,     0.0,     0.0,     0.0,     0.0,     0.0,     0.0,     0.0,     0.0,"(Contracts of about 352 MWh)","06439A","IFED","064 "
"PJM AEP DAYTON RT PEAK FIXED - ICE FUTURES ENERGY DIV",260106,2026-01-06,06439B,IFED,01,064 ,   63223,   20646,   15096,    3079,   38900,   44743,   62625,   62918,     598,     305,   63223,   20646,   15096,    3079,   38900,   44743,   62625,   62918,     598,     305,       0,       0,       0,       0,       0,       0,       0,       0,       0,       0,   -2357,    1507,   -1056,    -968,   -3099,    -484,   -2560,   -2508,     203,     151,  100.0,   32.7,   23.9,    4.9,   61.5,   70.8,   99.1,   99.5,    0.9,    0.5,  100.0,   32.7,   23.9,    4.9,   61.5,   70.8,   99.1,   99.5,    0.9,    0.5,    0.0,    0.0,    0.0,    0.0,    0.0,    0.0,    0.0,    0.0,    0.0,    0.0,     57,      7,     15,     10,     31,     32,     47,     48,     57,      7,     15,     10,     31,     32,     47,     48,      0,      0,      0,      0,      0,      0,      0,      0,    50.2,    35.9,    64.7,    55.9,    41.7,    31.1,    50.8,    42.4,    50.2,    35.9,    64.7,    55.9,    41.7,    31.1,    50.8,    42.4,     0.0,     0.0,     0.0,     0.0,     0.0,     0.0,     0.0,     0.0,"(Contracts of 800 MWh)","06439B","IFED","064 "
"PJM AEP DAYTON HUB DA OFF-PK - ICE FUTURES ENERGY DIV",260106,2026-01-06,06439C,IFED,01,064 ,   46982,    8827,   17844,     703,   36893,   27910,   46423,   46457,     559,     525,   46982,    8827,   17844,     703,   36893,   27910,   46423,   46457,     559,     525,       0,       0,       0,       0,       0,       0,       0,       0,       0,       0,   -4036,     168,   -1278,    -280,   -3625,   -2430,   -3737,   -3988,    -299,     -48,  100.0,   18.8,   38.0,    1.5,   78.5,   59.4,   98.8,   98.9,    1.2,    1.1,  100.0,   18.8,   38.0,    1.5,   78.5,   59.4,   98.8,   98.9,    1.2,    1.1,    0.0,    0.0,    0.0,    0.0,    0.0,    0.0,    0.0,    0.0,    0.0,    0.0,     49,      6,      6,      5,     30,     26,     37,     36,     49,      6,      6,      5,     30,     26,     37,     36,      0,      0,      0,      0,      0,      0,      0,      0,    41.2,    60.1,    56.4,    78.5,    40.7,    59.8,    54.0,    74.9,    41.2,    60.1,    56.4,    78.5,    40.7,    59.8,    54.0,    74.9,     0.0,     0.0,     0.0,     0.0,     0.0,     0.0,     0.0,     0.0,"(Contracts of about 352 MWh)","06439C","IFED","064 "
"PJM AEP DAYTON DA PEAK - ICE FUTURES ENERGY DIV",260106,2026-01-06,06439F,IFED,01,064 ,   55419,    9269,   19338,     901,   44983,   34650,   55153,   54889,     266,     530,   55419,    9269,   19338,     901,   44983,   34650,   55153,   54889,     266,     530,       0,       0,       0,       0,       0,       0,       0,       0,       0,       0,   -5602,     -61,   -2357,    -187,   -5325,   -3040,   -5573,   -5584,     -29,     -18,  100.0,   16.7,   34.9,    1.6,   81.2,   62.5,   99.5,   99.0,    0.5,    1.0,  100.0,   16.7,   34.9,    1.6,   81.2,   62.5,   99.5,   99.0,    0.5,    1.0,    0.0,    0.0,    0.0,    0.0,    0.0,    0.0,    0.0,    0.0,    0.0,    0.0,     58,      6,     10,      5,     35,     25,     43,     38,     58,      6,     10,      5,     35,     25,     43,     38,      0,      0,      0,      0,      0,      0,      0,      0,    38.8,    61.1,    55.3,    78.2,    36.9,    61.0,    52.2,    76.8,    38.8,    61.1,    55.3,    78.2,    36.9,    61.0,    52.2,    76.8,     0.0,     0.0,     0.0,     0.0,     0.0,     0.0,     0.0,     0.0,"(Contracts of about 352 MWh)","06439F","IFED","064 "
"MISO INDIANA  OFF-PEAK - ICE FUTURES ENERGY DIV",260106,2026-01-06,06439K,IFED,01,064 ,   16376,       0,    1430,     475,   15314,   14427,   15789,   16332,     587,      44,   16376,       0,    1430,     475,   15314,   14427,   15789,   16332,     587,      44,       0,       0,       0,       0,       0,       0,       0,       0,       0,       0,     241,       0,     200,       0,      61,      41,      61,     241,     180,       0,  100.0,    0.0,    8.7,    2.9,   93.5,   88.1,   96.4,   99.7,    3.6,    0.3,  100.0,    0.0,    8.7,    2.9,   93.5,   88.1,   96.4,   99.7,    3.6,    0.3,    0.0,    0.0,    0.0,    0.0,    0.0,    0.0,    0.0,    0.0,    0.0,    0.0,     28,      0,      2,      2,     22,     17,     24,     19,     28,      0,      2,      2,     22,     17,     24,     19,      0,      0,      0,      0,      0,      0,      0,      0,    43.8,    58.5,    70.7,    85.1,    31.5,    45.9,    41.4,    51.4,    43.8,    58.5,    70.7,    85.1,    31.5,    45.9,    41.4,    51.4,     0.0,     0.0,     0.0,     0.0,     0.0,     0.0,     0.0,     0.0,"(Contracts of about 352 MWh)","06439K","IFED","064 "
"MISO IN. REAL-TIME OFF-PEAK - ICE FUTURES ENERGY DIV",260106,2026-01-06,06439L,IFED,01,064 ,   34296,    1340,   10713,      15,   32576,   23553,   33931,   34281,     365,      15,   34296,    1340,   10713,      15,   32576,   23553,   33931,   34281,     365,      15,       0,       0,       0,       0,       0,       0,       0,       0,       0,       0,     323,       0,      75,       0,     333,     253,     333,     328,     -10,      -5,  100.0,    3.9,   31.2,    0.0,   95.0,   68.7,   98.9,  100.0,    1.1,    0.0,  100.0,    3.9,   31.2,    0.0,   95.0,   68.7,   98.9,  100.0,    1.1,    0.0,    0.0,    0.0,    0.0,    0.0,    0.0,    0.0,    0.0,    0.0,    0.0,    0.0,     29,      1,      2,      1,     25,     20,     27,     22,     29,      1,      2,      1,     25,     20,     27,     22,      0,      0,      0,      0,      0,      0,      0,      0,    51.2,    62.5,    71.7,    82.8,    36.2,    47.4,    49.9,    57.0,    51.2,    62.5,    71.7,    82.8,    36.2,    47.4,    49.9,    57.0,     0.0,     0.0,     0.0,     0.0,     0.0,     0.0,     0.0,     0.0,"(Contracts of about 352 MWh)","06439L","IFED","064 "
"ERCOT HOUSTON 345KV RT PK FIX - ICE FUTURES ENERGY DIV",260106,2026-01-06,06439N,IFED,01,064 ,   40733,    5641,    1565,    1525,   33175,   37523,   40341,   40613,     392,     120,   40733,    5641,    1565,    1525,   33175,   37523,   40341,   40613,     392,     120,       0,       0,       0,       0,       0,       0,       0,       0,       0,       0,     200,    -200,       0,       0,     400,     200,     200,     200,       0,       0,  100.0,   13.8,    3.8,    3.7,   81.4,   92.1,   99.0,   99.7,    1.0,    0.3,  100.0,   13.8,    3.8,    3.7,   81.4,   92.1,   99.0,   99.7,    1.0,    0.3,    0.0,    0.0,    0.0,    0.0,    0.0,    0.0,    0.0,    0.0,    0.0,    0.0,     32,      4,      2,      3,     23,     15,     28,     20,     32,      4,      2,      3,     23,     15,     28,     20,      0,      0,      0,      0,      0,      0,      0,      0,    42.1,    64.7,    64.5,    81.5,    40.4,    62.5,    59.8,    73.2,    42.1,    64.7,    64.5,    81.5,    40.4,    62.5,    59.8,    73.2,     0.0,     0.0,     0.0,     0.0,     0.0,     0.0,     0.0,     0.0,"(Contracts of about 352 MWh)","06439N","IFED","064 "
"ERCOT Houston 345KV RT OFF FIX - ICE FUTURES ENERGY DIV",260106,2026-01-06,06439Q,IFED,01,064 ,   37858,    5891,     700,    1525,   30370,   35633,   37786,   37858,      72,       0,   37858,    5891,     700,    1525,   30370,   35633,   37786,   37858,      72,       0,       0,       0,       0,       0,       0,       0,       0,       0,       0,       0,     200,    -200,       0,       0,     400,     200,     200,     200,       0,       0,  100.0,   15.6,    1.8,    4.0,   80.2,   94.1,   99.8,  100.0,    0.2,    0.0,  100.0,   15.6,    1.8,    4.0,   80.2,   94.1,   99.8,  100.0,    0.2,    0.0,    0.0,    0.0,    0.0,    0.0,    0.0,    0.0,    0.0,    0.0,    0.0,    0.0,     32,      5,      1,      3,     23,     14,     29,     18,     32,      5,      1,      3,     23,     14,     29,     18,      0,      0,      0,      0,      0,      0,      0,      0,    36.6,    67.5,    58.3,    84.3,    34.4,    65.1,    53.5,    73.3,    36.6,    67.5,    58.3,    84.3,    34.4,    65.1,    53.5,    73.3,     0.0,     0.0,     0.0,     0.0,     0.0,     0.0,     0.0,     0.0,"(Contracts of about 352 MWh)","06439Q","IFED","064 "
"ERCOT NORTH 345KV RT PK FIX - ICE FUTURES ENERGY DIV",260106,2026-01-06,06439R,IFED,01,064 ,  284573,  113849,   26376,   22872,  146020,  234829,  282741,  284077,    1832,     496,  284573,  113849,   26376,   22872,  146020,  234829,  282741,  284077,    1832,     496,       0,       0,       0,       0,       0,       0,       0,       0,       0,       0,    2114,     -89,    1107,     558,    1590,     562,    2059,    2227,      55,    -113,  100.0,   40.0,    9.3,    8.0,   51.3,   82.5,   99.4,   99.8,    0.6,    0.2,  100.0,   40.0,    9.3,    8.0,   51.3,   82.5,   99.4,   99.8,    0.6,    0.2,    0.0,    0.0,    0.0,    0.0,    0.0,    0.0,    0.0,    0.0,    0.0,    0.0,    108,     30,     23,     27,     45,     48,     85,     89,    108,     30,     23,     27,     45,     48,     85,     89,      0,      0,      0,      0,      0,      0,      0,      0,    37.1,    34.8,    50.9,    52.1,    34.5,    25.8,    45.4,    37.8,    37.1,    34.8,    50.9,    52.1,    34.5,    25.8,    45.4,    37.8,     0.0,     0.0,     0.0,     0.0,     0.0,     0.0,     0.0,     0.0,"(1 Mw per Peak Hour)","06439R","IFED","064 "
"ERCOT SOUTH 345 KV RT PEAK FIX - ICE FUTURES ENERGY DIV",260106,2026-01-06,06439S,IFED,01,064 ,   30950,     525,    3325,     500,   29812,   26994,   30837,   30819,     113,     131,   30950,     525,    3325,     500,   29812,   26994,   30837,   30819,     113,     131,       0,       0,       0,       0,       0,       0,       0,       0,       0,       0,       0,       0,       0,       0,       0,       0,       0,       0,       0,       0,  100.0,    1.7,   10.7,    1.6,   96.3,   87.2,   99.6,   99.6,    0.4,    0.4,  100.0,    1.7,   10.7,    1.6,   96.3,   87.2,   99.6,   99.6,    0.4,    0.4,    0.0,    0.0,    0.0,    0.0,    0.0,    0.0,    0.0,    0.0,    0.0,    0.0,     26,      5,      1,      1,     18,     16,     23,     18,     26,      5,      1,      1,     18,     16,     23,     18,      0,      0,      0,      0,      0,      0,      0,      0,    59.7,    53.3,    83.8,    88.5,    59.4,    51.1,    77.4,    78.1,    59.7,    53.3,    83.8,    88.5,    59.4,    51.1,    77.4,    78.1,     0.0,     0.0,     0.0,     0.0,     0.0,     0.0,     0.0,     0.0,"(1 Mw per Peak Hour)","06439S","IFED","064 "
"ERCOT-SOUTH MONTHLY OFFPEAK - ICE FUTURES ENERGY DIV",260106,2026-01-06,06439U,IFED,01,064 ,   29291,     525,    3325,     500,   28153,   25336,   29178,   29161,     113,     130,   29291,     525,    3325,     500,   28153,   25336,   29178,   29161,     113,     130,       0,       0,       0,       0,       0,       0,       0,       0,       0,       0,       0,       0,       0,       0,       0,       0,       0,       0,       0,       0,  100.0,    1.8,   11.4,    1.7,   96.1,   86.5,   99.6,   99.6,    0.4,    0.4,  100.0,    1.8,   11.4,    1.7,   96.1,   86.5,   99.6,   99.6,    0.4,    0.4,    0.0,    0.0,    0.0,    0.0,    0.0,    0.0,    0.0,    0.0,    0.0,    0.0,     26,      5,      1,      1,     18,     16,     23,     18,     26,      5,      1,      1,     18,     16,     23,     18,      0,      0,      0,      0,      0,      0,      0,      0,    61.8,    53.3,    82.2,    87.7,    61.7,    50.7,    75.3,    75.5,    61.8,    53.3,    82.2,    87.7,    61.7,    50.7,    75.3,    75.5,     0.0,     0.0,     0.0,     0.0,     0.0,     0.0,     0.0,     0.0,"(1 MW per off-peak hour)","06439U","IFED","064 "
"ERCOT WEST 345KV RT PEAK - ICE FUTURES ENERGY DIV",260106,2026-01-06,06439V,IFED,01,064 ,   31449,    1200,    3844,     700,   29356,   26650,   31256,   31194,     193,     255,   31449,    1200,    3844,     700,   29356,   26650,   31256,   31194,     193,     255,       0,       0,       0,       0,       0,       0,       0,       0,       0,       0,       0,       0,       0,       0,       0,       0,       0,       0,       0,       0,  100.0,    3.8,   12.2,    2.2,   93.3,   84.7,   99.4,   99.2,    0.6,    0.8,  100.0,    3.8,   12.2,    2.2,   93.3,   84.7,   99.4,   99.2,    0.6,    0.8,    0.0,    0.0,    0.0,    0.0,    0.0,    0.0,    0.0,    0.0,    0.0,    0.0,     26,      3,      2,      2,     19,     18,     24,     20,     26,      3,      2,      2,     19,     18,     24,     20,      0,      0,      0,      0,      0,      0,      0,      0,    49.0,    63.3,    72.6,    87.6,    44.9,    54.5,    59.3,    69.9,    49.0,    63.3,    72.6,    87.6,    44.9,    54.5,    59.3,    69.9,     0.0,     0.0,     0.0,     0.0,     0.0,     0.0,     0.0,     0.0,"(1 MW per peak hour)","06439V","IFED","064 "
"ERCOT WEST 345K RT OFF-PEAK - ICE FUTURES ENERGY DIV",260106,2026-01-06,06439W,IFED,01,064 ,   31340,    1200,    3844,     700,   29252,   26541,   31152,   31085,     188,     255,   31340,    1200,    3844,     700,   29252,   26541,   31152,   31085,     188,     255,       0,       0,       0,       0,       0,       0,       0,       0,       0,       0,       0,       0,       0,       0,       0,       0,       0,       0,       0,       0,  100.0,    3.8,   12.3,    2.2,   93.3,   84.7,   99.4,   99.2,    0.6,    0.8,  100.0,    3.8,   12.3,    2.2,   93.3,   84.7,   99.4,   99.2,    0.6,    0.8,    0.0,    0.0,    0.0,    0.0,    0.0,    0.0,    0.0,    0.0,    0.0,    0.0,     26,      3,      2,      2,     19,     18,     24,     20,     26,      3,      2,      2,     19,     18,     24,     20,      0,      0,      0,      0,      0,      0,      0,      0,    48.8,    63.5,    72.6,    88.0,    45.0,    54.7,    59.4,    70.1,    48.8,    63.5,    72.6,    88.0,    45.0,    54.7,    59.4,    70.1,     0.0,     0.0,     0.0,     0.0,     0.0,     0.0,     0.0,     0.0,"(1 MW per Off-Peak Hour)","06439W","IFED","064 "
"ERCOT - NORTH MONTHLY OFF-PEAK - ICE FUTURES ENERGY DIV",260106,2026-01-06,0643A8,IFED,01,064 ,  119103,   20269,   12356,    3425,   94689,  103041,  118383,  118822,     720,     281,  119103,   20269,   12356,    3425,   94689,  103041,  118383,  118822,     720,     281,       0,       0,       0,       0,       0,       0,       0,       0,       0,       0,     500,     200,      50,       0,     300,     450,     500,     500,       0,       0,  100.0,   17.0,   10.4,    2.9,   79.5,   86.5,   99.4,   99.8,    0.6,    0.2,  100.0,   17.0,   10.4,    2.9,   79.5,   86.5,   99.4,   99.8,    0.6,    0.2,    0.0,    0.0,    0.0,    0.0,    0.0,    0.0,    0.0,    0.0,    0.0,    0.0,     46,      5,     11,      8,     23,     28,     33,     43,     46,      5,     11,      8,     23,     28,     33,     43,      0,      0,      0,      0,      0,      0,      0,      0,    45.3,    56.3,    69.9,    70.3,    42.5,    52.4,    63.3,    63.6,    45.3,    56.3,    69.9,    70.3,    42.5,    52.4,    63.3,    63.6,     0.0,     0.0,     0.0,     0.0,     0.0,     0.0,     0.0,     0.0,"1 Mw per Off-Peak Hour","0643A8","IFED","064 "
"MISO IN. DAY-AHEAD PEAK - ICE FUTURES ENERGY DIV",260106,2026-01-06,0643AZ,IFED,01,064 ,   17729,     572,    2179,     250,   16200,   15247,   17022,   17676,     707,      53,   17729,     572,    2179,     250,   16200,   15247,   17022,   17676,     707,      53,       0,       0,       0,       0,       0,       0,       0,       0,       0,       0,     287,      50,     210,       0,      57,      72,     107,     282,     180,       5,  100.0,    3.2,   12.3,    1.4,   91.4,   86.0,   96.0,   99.7,    4.0,    0.3,  100.0,    3.2,   12.3,    1.4,   91.4,   86.0,   96.0,   99.7,    4.0,    0.3,    0.0,    0.0,    0.0,    0.0,    0.0,    0.0,    0.0,    0.0,    0.0,    0.0,     37,      3,      3,      2,     26,     20,     31,     23,     37,      3,      3,      2,     26,     20,     31,     23,      0,      0,      0,      0,      0,      0,      0,      0,    38.3,    62.3,    63.0,    84.8,    28.5,    44.6,    39.3,    52.4,    38.3,    62.3,    63.0,    84.8,    28.5,    44.6,    39.3,    52.4,     0.0,     0.0,     0.0,     0.0,     0.0,     0.0,     0.0,     0.0,"(1 MW per peak hour)","0643AZ","IFED","064 "
"MISO INDIANA HUB RT PEAK - ICE FUTURES ENERGY DIV",260106,2026-01-06,0643B3,IFED,01,064 ,   37905,    2052,   15214,       0,   35242,   22448,   37294,   37662,     611,     243,   37905,    2052,   15214,       0,   35242,   22448,   37294,   37662,     611,     243,       0,       0,       0,       0,       0,       0,       0,       0,       0,       0,     616,       0,     883,       0,     751,    -236,     751,     647,    -135,     -31,  100.0,    5.4,   40.1,    0.0,   93.0,   59.2,   98.4,   99.4,    1.6,    0.6,  100.0,    5.4,   40.1,    0.0,   93.0,   59.2,   98.4,   99.4,    1.6,    0.6,    0.0,    0.0,    0.0,    0.0,    0.0,    0.0,    0.0,    0.0,    0.0,    0.0,     32,      3,      4,      0,     22,     20,     25,     24,     32,      3,      4,      0,     22,     20,     25,     24,      0,      0,      0,      0,      0,      0,      0,      0,    50.1,    64.4,    74.0,    84.6,    39.1,    53.6,    54.5,    62.2,    50.1,    64.4,    74.0,    84.6,    39.1,    53.6,    54.5,    62.2,     0.0,     0.0,     0.0,     0.0,     0.0,     0.0,     0.0,     0.0,"(Contracts of 800 MWh)","0643B3","IFED","064 "
"PJM N. IL HUB DA OFF-PK - ICE FUTURES ENERGY DIV",260106,2026-01-06,0643BC,IFED,01,064 ,   22943,    1134,     800,       0,   21461,   21744,   22595,   22544,     348,     399,   22943,    1134,     800,       0,   21461,   21744,   22595,   22544,     348,     399,       0,       0,       0,       0,       0,       0,       0,       0,       0,       0,   -1917,     -90,    -455,     -50,   -1964,   -1387,   -2104,   -1892,     187,     -25,  100.0,    4.9,    3.5,    0.0,   93.5,   94.8,   98.5,   98.3,    1.5,    1.7,  100.0,    4.9,    3.5,    0.0,   93.5,   94.8,   98.5,   98.3,    1.5,    1.7,    0.0,    0.0,    0.0,    0.0,    0.0,    0.0,    0.0,    0.0,    0.0,    0.0,     30,      4,      2,      0,     18,     15,     22,     17,     30,      4,      2,      0,     18,     15,     22,     17,      0,      0,      0,      0,      0,      0,      0,      0,    51.9,    80.7,    74.1,    91.2,    51.9,    74.6,    71.0,    82.5,    51.9,    80.7,    74.1,    91.2,    51.9,    74.6,    71.0,    82.5,     0.0,     0.0,     0.0,     0.0,     0.0,     0.0,     0.0,     0.0,"(1 MW per off-peak hour)","0643BC","IFED","064 "
"PJM N. IL HUB DA PEAK - ICE FUTURES ENERGY DIV",260106,2026-01-06,0643BE,IFED,01,064 ,   22842,    1072,     920,      75,   21315,   21445,   22462,   22440,     380,     402,   22842,    1072,     920,      75,   21315,   21445,   22462,   22440,     380,     402,       0,       0,       0,       0,       0,       0,       0,       0,       0,       0,   -2017,    -137,    -124,       0,   -2081,   -1942,   -2218,   -2066,     201,      49,  100.0,    4.7,    4.0,    0.3,   93.3,   93.9,   98.3,   98.2,    1.7,    1.8,  100.0,    4.7,    4.0,    0.3,   93.3,   93.9,   98.3,   98.2,    1.7,    1.8,    0.0,    0.0,    0.0,    0.0,    0.0,    0.0,    0.0,    0.0,    0.0,    0.0,     30,      3,      2,      1,     20,     15,     24,     17,     30,      3,      2,      1,     20,     15,     24,     17,      0,      0,      0,      0,      0,      0,      0,      0,    50.8,    78.3,    76.2,    90.9,    50.8,    71.4,    72.6,    80.1,    50.8,    78.3,    76.2,    90.9,    50.8,    71.4,    72.6,    80.1,     0.0,     0.0,     0.0,     0.0,     0.0,     0.0,     0.0,     0.0,"(1 MW per peak hour)","0643BE","IFED","064 "
"ISO NE MASS HUB DA OFF-PK FIXD - ICE FUTURES ENERGY DIV",260106,2026-01-06,0643BF,IFED,01,064 ,   71452,    3861,    6550,    3976,   61777,   60280,   69614,   70806,    1838,     646,   71452,    3861,    6550,    3976,   61777,   60280,   69614,   70806,    1838,     646,       0,       0,       0,       0,       0,       0,       0,       0,       0,       0,     145,    -232,     123,     178,   -1281,    -674,   -1335,    -373,    1480,     518,  100.0,    5.4,    9.2,    5.6,   86.5,   84.4,   97.4,   99.1,    2.6,    0.9,  100.0,    5.4,    9.2,    5.6,   86.5,   84.4,   97.4,   99.1,    2.6,    0.9,    0.0,    0.0,    0.0,    0.0,    0.0,    0.0,    0.0,    0.0,    0.0,    0.0,     54,      6,     10,      7,     30,     27,     39,     41,     54,      6,     10,      7,     30,     27,     39,     41,      0,      0,      0,      0,      0,      0,      0,      0,    38.6,    61.6,    61.8,    73.9,    35.1,    60.4,    55.3,    68.5,    38.6,    61.6,    61.8,    73.9,    35.1,    60.4,    55.3,    68.5,     0.0,     0.0,     0.0,     0.0,     0.0,     0.0,     0.0,     0.0,"(1 MW per Hour for about 368 Hours)","0643BF","IFED","064 "
"ISO NE MASS HUB DA PEAK - ICE FUTURES ENERGY DIV",260106,2026-01-06,0643BG,IFED,01,064 ,   95869,    8250,   12000,    2508,   82413,   80064,   93171,   94572,    2698,    1297,   95869,    8250,   12000,    2508,   82413,   80064,   93171,   94572,    2698,    1297,       0,       0,       0,       0,       0,       0,       0,       0,       0,       0,     791,     -55,     460,     -35,   -1359,    -737,   -1449,    -312,    2240,    1103,  100.0,    8.6,   12.5,    2.6,   86.0,   83.5,   97.2,   98.6,    2.8,    1.4,  100.0,    8.6,   12.5,    2.6,   86.0,   83.5,   97.2,   98.6,    2.8,    1.4,    0.0,    0.0,    0.0,    0.0,    0.0,    0.0,    0.0,    0.0,    0.0,    0.0,     73,     14,     18,     11,     35,     31,     57,     52,     73,     14,     18,     11,     35,     31,     57,     52,      0,      0,      0,      0,      0,      0,      0,      0,    43.9,    56.2,    63.9,    71.8,    42.6,    54.8,    60.7,    68.7,    43.9,    56.2,    63.9,    71.8,    42.6,    54.8,    60.7,    68.7,     0.0,     0.0,     0.0,     0.0,     0.0,     0.0,     0.0,     0.0,"(Contracts of 800MWh)","0643BG","IFED","064 "
"CAISO NP-15 PEAK - ICE FUTURES ENERGY DIV",260106,2026-01-06,0643BM,IFED,01,064 ,   48919,    3059,   20332,     503,   45097,   27529,   48659,   48364,     260,     555,   48919,    3059,   20332,     503,   45097,   27529,   48659,   48364,     260,     555,       0,       0,       0,       0,       0,       0,       0,       0,       0,       0,    1230,     817,    1291,    -323,     621,    -293,    1115,     675,     115,     555,  100.0,    6.3,   41.6,    1.0,   92.2,   56.3,   99.5,   98.9,    0.5,    1.1,  100.0,    6.3,   41.6,    1.0,   92.2,   56.3,   99.5,   98.9,    0.5,    1.1,    0.0,    0.0,    0.0,    0.0,    0.0,    0.0,    0.0,    0.0,    0.0,    0.0,     43,      5,      8,      4,     26,     20,     34,     29,     43,      5,      8,      4,     26,     20,     34,     29,      0,      0,      0,      0,      0,      0,      0,      0,    53.8,    63.9,    77.0,    83.8,    52.9,    62.1,    74.6,    81.1,    53.8,    63.9,    77.0,    83.8,    52.9,    62.1,    74.6,    81.1,     0.0,     0.0,     0.0,     0.0,     0.0,     0.0,     0.0,     0.0,"(Contracts of 400MWh)","0643BM","IFED","064 "
"CAISO NP-15 DA OFF-PK FIXED - ICE FUTURES ENERGY DIV",260106,2026-01-06,0643BR,IFED,01,064 ,   43405,     908,   14725,    1031,   41229,   27049,   43168,   42805,     237,     600,   43405,     908,   14725,    1031,   41229,   27049,   43168,   42805,     237,     600,       0,       0,       0,       0,       0,       0,       0,       0,       0,       0,    2301,     300,    1116,     323,    1621,     382,    2244,    1821,      57,     480,  100.0,    2.1,   33.9,    2.4,   95.0,   62.3,   99.5,   98.6,    0.5,    1.4,  100.0,    2.1,   33.9,    2.4,   95.0,   62.3,   99.5,   98.6,    0.5,    1.4,    0.0,    0.0,    0.0,    0.0,    0.0,    0.0,    0.0,    0.0,    0.0,    0.0,     39,      3,      7,      4,     23,     21,     28,     30,     39,      3,      7,      4,     23,     21,     28,     30,      0,      0,      0,      0,      0,      0,      0,      0,    60.4,    58.3,    81.1,    80.4,    56.9,    56.5,    75.9,    75.8,    60.4,    58.3,    81.1,    80.4,    56.9,    56.5,    75.9,    75.8,     0.0,     0.0,     0.0,     0.0,     0.0,     0.0,     0.0,     0.0,"(1 MW per Hour for about 386 Hours)","0643BR","IFED","064 "
"PJM NI HUB RT OFF-PK FIXED - ICE FUTURES ENERGY DIV",260106,2026-01-06,0643BS,IFED,01,064 ,   83969,   54783,       0,    3103,   24975,   80607,   82861,   83710,    1108,     259,   83969,   54783,       0,    3103,   24975,   80607,   82861,   83710,    1108,     259,       0,       0,       0,       0,       0,       0,       0,       0,       0,       0,   -2414,    -558,     -50,    -140,   -2329,   -2375,   -3027,   -2565,     613,     151,  100.0,   65.2,    0.0,    3.7,   29.7,   96.0,   98.7,   99.7,    1.3,    0.3,  100.0,   65.2,    0.0,    3.7,   29.7,   96.0,   98.7,   99.7,    1.3,    0.3,    0.0,    0.0,    0.0,    0.0,    0.0,    0.0,    0.0,    0.0,    0.0,    0.0,     31,      6,      0,      2,     22,     20,     28,     22,     31,      6,      0,      2,     22,     20,     28,     22,      0,      0,      0,      0,      0,      0,      0,      0,    71.3,    70.4,    84.1,    82.8,    67.2,    68.1,    77.8,    76.4,    71.3,    70.4,    84.1,    82.8,    67.2,    68.1,    77.8,    76.4,     0.0,     0.0,     0.0,     0.0,     0.0,     0.0,     0.0,     0.0,"(1 MW per Hour for about 386 Hours)","0643BS","IFED","064 "
"PJM N. IL HUB RT PEAK - ICE FUTURES ENERGY DIV",260106,2026-01-06,0643BT,IFED,01,064 ,   69979,   24662,     838,    1977,   42584,   66842,   69223,   69657,     756,     322,   69979,   24662,     838,    1977,   42584,   66842,   69223,   69657,     756,     322,       0,       0,       0,       0,       0,       0,       0,       0,       0,       0,   -2375,   -1117,     -36,    -130,   -1305,   -2167,   -2552,   -2333,     177,     -42,  100.0,   35.2,    1.2,    2.8,   60.9,   95.5,   98.9,   99.5,    1.1,    0.5,  100.0,   35.2,    1.2,    2.8,   60.9,   95.5,   98.9,   99.5,    1.1,    0.5,    0.0,    0.0,    0.0,    0.0,    0.0,    0.0,    0.0,    0.0,    0.0,    0.0,     35,      7,      2,      3,     23,     23,     30,     28,     35,      7,      2,      3,     23,     23,     30,     28,      0,      0,      0,      0,      0,      0,      0,      0,    57.9,    63.5,    76.1,    78.2,    53.7,    61.2,    67.1,    70.8,    57.9,    63.5,    76.1,    78.2,    53.7,    61.2,    67.1,    70.8,     0.0,     0.0,     0.0,     0.0,     0.0,     0.0,     0.0,     0.0,"(Contracts of 800 MWh)","0643BT","IFED","064 "
"NYISO ZONE A DA PEAK - ICE FUTURES ENERGY DIV",260106,2026-01-06,0643BY,IFED,01,064 ,   31578,    1489,    4110,    1057,   27955,   26079,   30501,   31246,    1077,     332,   31578,    1489,    4110,    1057,   27955,   26079,   30501,   31246,    1077,     332,       0,       0,       0,       0,       0,       0,       0,       0,       0,       0,   -1859,    -603,     862,     -66,   -1610,   -2739,   -2279,   -1943,     420,      84,  100.0,    4.7,   13.0,    3.3,   88.5,   82.6,   96.6,   98.9,    3.4,    1.1,  100.0,    4.7,   13.0,    3.3,   88.5,   82.6,   96.6,   98.9,    3.4,    1.1,    0.0,    0.0,    0.0,    0.0,    0.0,    0.0,    0.0,    0.0,    0.0,    0.0,     33,      2,      3,      3,     22,     19,     25,     24,     33,      2,      3,      3,     22,     19,     25,     24,      0,      0,      0,      0,      0,      0,      0,      0,    58.6,    66.2,    77.5,    83.3,    58.4,    62.7,    75.7,    76.5,    58.6,    66.2,    77.5,    83.3,    58.4,    62.7,    75.7,    76.5,     0.0,     0.0,     0.0,     0.0,     0.0,     0.0,     0.0,     0.0,"(Contracts of 800MWh)","0643BY","IFED","064 "
"NYISO ZONE A DA OFF-PK FIX PR - ICE FUTURES ENERGY DIV",260106,2026-01-06,0643BZ,IFED,01,064 ,   28481,    2615,    1513,    1031,   23485,   25545,   27131,   28089,    1350,     392,   28481,    2615,    1513,    1031,   23485,   25545,   27131,   28089,    1350,     392,       0,       0,       0,       0,       0,       0,       0,       0,       0,       0,   -2297,    -326,     662,    -609,   -1602,   -2333,   -2537,   -2280,     240,     -17,  100.0,    9.2,    5.3,    3.6,   82.5,   89.7,   95.3,   98.6,    4.7,    1.4,  100.0,    9.2,    5.3,    3.6,   82.5,   89.7,   95.3,   98.6,    4.7,    1.4,    0.0,    0.0,    0.0,    0.0,    0.0,    0.0,    0.0,    0.0,    0.0,    0.0,     32,      3,      3,      3,     21,     14,     26,     18,     32,      3,      3,      3,     21,     14,     26,     18,      0,      0,      0,      0,      0,      0,      0,      0,    50.7,    71.0,    71.9,    86.4,    49.4,    63.9,    69.4,    77.6,    50.7,    71.0,    71.9,    86.4,    49.4,    63.9,    69.4,    77.6,     0.0,     0.0,     0.0,     0.0,     0.0,     0.0,     0.0,     0.0,"(1MW for about 368 Hours)","0643BZ","IFED","064 "
"NYISO ZONE G DA PEAK - ICE FUTURES ENERGY DIV",260106,2026-01-06,0643C3,IFED,01,064 ,   24272,    1139,    6641,     673,   21770,   16894,   23582,   24208,     690,      64,   24272,    1139,    6641,     673,   21770,   16894,   23582,   24208,     690,      64,       0,       0,       0,       0,       0,       0,       0,       0,       0,       0,   -2361,    -152,      16,     -59,   -2259,   -2289,   -2470,   -2332,     109,     -29,  100.0,    4.7,   27.4,    2.8,   89.7,   69.6,   97.2,   99.7,    2.8,    0.3,  100.0,    4.7,   27.4,    2.8,   89.7,   69.6,   97.2,   99.7,    2.8,    0.3,    0.0,    0.0,    0.0,    0.0,    0.0,    0.0,    0.0,    0.0,    0.0,    0.0,     36,      3,      5,      3,     23,     22,     28,     28,     36,      3,      5,      3,     23,     22,     28,     28,      0,      0,      0,      0,      0,      0,      0,      0,    55.2,    47.2,    75.8,    67.4,    51.0,    42.9,    67.1,    62.1,    55.2,    47.2,    75.8,    67.4,    51.0,    42.9,    67.1,    62.1,     0.0,     0.0,     0.0,     0.0,     0.0,     0.0,     0.0,     0.0,"(Contracts of 800MWh)","0643C3","IFED","064 "
"NYISO ZONE G DA OFF-PK - ICE FUTURES ENERGY DIV",260106,2026-01-06,0643C4,IFED,01,064 ,   18625,     486,    3310,     525,   17356,   14441,   18367,   18276,     258,     349,   18625,     486,    3310,     525,   17356,   14441,   18367,   18276,     258,     349,       0,       0,       0,       0,       0,       0,       0,       0,       0,       0,   -1629,    -271,     -28,      19,   -1271,   -1647,   -1523,   -1656,    -106,      27,  100.0,    2.6,   17.8,    2.8,   93.2,   77.5,   98.6,   98.1,    1.4,    1.9,  100.0,    2.6,   17.8,    2.8,   93.2,   77.5,   98.6,   98.1,    1.4,    1.9,    0.0,    0.0,    0.0,    0.0,    0.0,    0.0,    0.0,    0.0,    0.0,    0.0,     33,      3,      3,      2,     19,     24,     22,     29,     33,      3,      3,      2,     19,     24,     22,     29,      0,      0,      0,      0,      0,      0,      0,      0,    48.9,    46.1,    74.8,    67.6,    46.9,    44.7,    66.3,    64.1,    48.9,    46.1,    74.8,    67.6,    46.9,    44.7,    66.3,    64.1,     0.0,     0.0,     0.0,     0.0,     0.0,     0.0,     0.0,     0.0,"(1MW for about 368 Hours)","0643C4","IFED","064 "
"PALO VERDE DA PEAK - ICE FUTURES ENERGY DIV",260106,2026-01-06,0643CB,IFED,01,064 ,   15581,     791,    1556,     270,   14495,   13515,   15556,   15341,      25,     240,   15581,     791,    1556,     270,   14495,   13515,   15556,   15341,      25,     240,       0,       0,       0,       0,       0,       0,       0,       0,       0,       0,    -789,    -173,     262,    -181,    -435,    -810,    -789,    -729,       0,     -60,  100.0,    5.1,   10.0,    1.7,   93.0,   86.7,   99.8,   98.5,    0.2,    1.5,  100.0,    5.1,   10.0,    1.7,   93.0,   86.7,   99.8,   98.5,    0.2,    1.5,    0.0,    0.0,    0.0,    0.0,    0.0,    0.0,    0.0,    0.0,    0.0,    0.0,     33,      3,      3,      2,     21,     21,     25,     25,     33,      3,      3,      2,     21,     21,     25,     25,      0,      0,      0,      0,      0,      0,      0,      0,    61.9,    50.0,    78.9,    74.7,    57.1,    41.8,    68.1,    60.0,    61.9,    50.0,    78.9,    74.7,    57.1,    41.8,    68.1,    60.0,     0.0,     0.0,     0.0,     0.0,     0.0,     0.0,     0.0,     0.0,"(Contracts of 400MWh)","0643CB","IFED","064 "
"PALO VERDE DA OFF-PK FiXED PR - ICE FUTURES ENERGY DIV",260106,2026-01-06,0643CC,IFED,01,064 ,   13666,     225,    2163,       0,   13251,   11478,   13476,   13641,     190,      25,   13666,     225,    2163,       0,   13251,   11478,   13476,   13641,     190,      25,       0,       0,       0,       0,       0,       0,       0,       0,       0,       0,   -1052,      80,       0,       0,   -1112,   -1052,   -1032,   -1052,     -20,       0,  100.0,    1.6,   15.8,    0.0,   97.0,   84.0,   98.6,   99.8,    1.4,    0.2,  100.0,    1.6,   15.8,    0.0,   97.0,   84.0,   98.6,   99.8,    1.4,    0.2,    0.0,    0.0,    0.0,    0.0,    0.0,    0.0,    0.0,    0.0,    0.0,    0.0,     30,      2,      2,      0,     18,     19,     20,     21,     30,      2,      2,      0,     18,     19,     20,     21,      0,      0,      0,      0,      0,      0,      0,      0,    67.0,    48.4,    86.1,    70.5,    63.0,    46.8,    72.8,    62.2,    67.0,    48.4,    86.1,    70.5,    63.0,    46.8,    72.8,    62.2,     0.0,     0.0,     0.0,     0.0,     0.0,     0.0,     0.0,     0.0,"(1 MW for about 368 Hours)","0643CC","IFED","064 "
"PJM PPL ZONE DA OFF-PEAK FIXED - ICE FUTURES ENERGY DIV",260106,2026-01-06,0643D7,IFED,01,064 ,   20466,    2005,     590,     275,   18075,   19599,   20355,   20464,     111,       2,   20466,    2005,     590,     275,   18075,   19599,   20355,   20464,     111,       2,       0,       0,       0,       0,       0,       0,       0,       0,       0,       0,   -1287,     -80,       0,       0,   -1163,   -1289,   -1243,   -1289,     -44,       2,  100.0,    9.8,    2.9,    1.3,   88.3,   95.8,   99.5,  100.0,    0.5,    0.0,  100.0,    9.8,    2.9,    1.3,   88.3,   95.8,   99.5,  100.0,    0.5,    0.0,    0.0,    0.0,    0.0,    0.0,    0.0,    0.0,    0.0,    0.0,    0.0,    0.0,     23,      1,      2,      1,     13,     14,     15,     16,     23,      1,      2,      1,     13,     14,     15,     16,      0,      0,      0,      0,      0,      0,      0,      0,    70.5,    77.4,    90.5,    90.1,    65.8,    74.4,    81.1,    81.7,    70.5,    77.4,    90.5,    90.1,    65.8,    74.4,    81.1,    81.7,     0.0,     0.0,     0.0,     0.0,     0.0,     0.0,     0.0,     0.0,"1 MW","0643D7","IFED","064 "
"PJM PPL ZONE DA PEAK - ICE FUTURES ENERGY DIV",260106,2026-01-06,0643D8,IFED,01,064 ,   21464,    2005,     590,     275,   18168,   18874,   20448,   19739,    1016,    1725,   21464,    2005,     590,     275,   18168,   18874,   20448,   19739,    1016,    1725,       0,       0,       0,       0,       0,       0,       0,       0,       0,       0,   -1254,     -80,       0,       0,   -1130,   -1129,   -1210,   -1129,     -44,    -125,  100.0,    9.3,    2.7,    1.3,   84.6,   87.9,   95.3,   92.0,    4.7,    8.0,  100.0,    9.3,    2.7,    1.3,   84.6,   87.9,   95.3,   92.0,    4.7,    8.0,    0.0,    0.0,    0.0,    0.0,    0.0,    0.0,    0.0,    0.0,    0.0,    0.0,     22,      1,      2,      1,     13,     12,     15,     14,     22,      1,      2,      1,     13,     12,     15,     14,      0,      0,      0,      0,      0,      0,      0,      0,    68.8,    75.6,    87.9,    85.4,    64.4,    74.2,    80.6,    80.8,    68.8,    75.6,    87.9,    85.4,    64.4,    74.2,    80.6,    80.8,     0.0,     0.0,     0.0,     0.0,     0.0,     0.0,     0.0,     0.0,"1 MW","0643D8","IFED","064 "
"PJM WESTERN HUB DA OFF-PK - ICE FUTURES ENERGY DIV",260106,2026-01-06,0643DB,IFED,01,064 ,  114770,   23381,   11444,    1938,   89098,  101030,  114417,  114412,     353,     358,  114770,   23381,   11444,    1938,   89098,  101030,  114417,  114412,     353,     358,       0,       0,       0,       0,       0,       0,       0,       0,       0,       0,   -9864,    -668,   -3672,    -750,   -8438,   -5632,   -9856,  -10054,      -8,     190,  100.0,   20.4,   10.0,    1.7,   77.6,   88.0,   99.7,   99.7,    0.3,    0.3,  100.0,   20.4,   10.0,    1.7,   77.6,   88.0,   99.7,   99.7,    0.3,    0.3,    0.0,    0.0,    0.0,    0.0,    0.0,    0.0,    0.0,    0.0,    0.0,    0.0,     65,     10,     10,      5,     39,     29,     52,     41,     65,     10,     10,      5,     39,     29,     52,     41,      0,      0,      0,      0,      0,      0,      0,      0,    39.7,    70.7,    58.4,    83.0,    36.5,    69.5,    54.5,    80.6,    39.7,    70.7,    58.4,    83.0,    36.5,    69.5,    54.5,    80.6,     0.0,     0.0,     0.0,     0.0,     0.0,     0.0,     0.0,     0.0,"(1 MW per off-peak hour)","0643DB","IFED","064 "
"PJM WESTERN HUB DA PEAK - ICE FUTURES ENERGY DIV",260106,2026-01-06,0643DC,IFED,01,064 ,  121472,   28509,   10091,    2721,   89897,  108303,  121127,  121115,     345,     357,  121472,   28509,   10091,    2721,   89897,  108303,  121127,  121115,     345,     357,       0,       0,       0,       0,       0,       0,       0,       0,       0,       0,  -12570,    -734,   -4080,    -913,  -10828,   -7761,  -12475,  -12754,     -95,     184,  100.0,   23.5,    8.3,    2.2,   74.0,   89.2,   99.7,   99.7,    0.3,    0.3,  100.0,   23.5,    8.3,    2.2,   74.0,   89.2,   99.7,   99.7,    0.3,    0.3,    0.0,    0.0,    0.0,    0.0,    0.0,    0.0,    0.0,    0.0,    0.0,    0.0,     74,     15,      9,      4,     40,     32,     58,     42,     74,     15,      9,      4,     40,     32,     58,     42,      0,      0,      0,      0,      0,      0,      0,      0,    38.0,    67.3,    56.0,    80.6,    34.8,    66.1,    52.7,    78.1,    38.0,    67.3,    56.0,    80.6,    34.8,    66.1,    52.7,    78.1,     0.0,     0.0,     0.0,     0.0,     0.0,     0.0,     0.0,     0.0,"(Contracts of about 352 MWh)","0643DC","IFED","064 "
"PJM WESTERN HUB RT PEAK MINI - ICE FUTURES ENERGY DIV",260106,2026-01-06,0643DF,IFED,01,064 ,  376140,  116831,   56408,   60366,  197845,  258391,  375042,  375165,    1098,     975,  376140,  116831,   56408,   60366,  197845,  258391,  375042,  375165,    1098,     975,       0,       0,       0,       0,       0,       0,       0,       0,       0,       0,   -8517,   -3152,    1051,    1265,   -6316,  -10644,   -8203,   -8328,    -314,    -189,  100.0,   31.1,   15.0,   16.0,   52.6,   68.7,   99.7,   99.7,    0.3,    0.3,  100.0,   31.1,   15.0,   16.0,   52.6,   68.7,   99.7,   99.7,    0.3,    0.3,    0.0,    0.0,    0.0,    0.0,    0.0,    0.0,    0.0,    0.0,    0.0,    0.0,    132,     51,     24,     45,     52,     49,    117,    104,    132,     51,     24,     45,     52,     49,    117,    104,      0,      0,      0,      0,      0,      0,      0,      0,    23.1,    37.0,    38.5,    56.7,    19.8,    31.9,    31.6,    47.5,    23.1,    37.0,    38.5,    56.7,    19.8,    31.9,    31.6,    47.5,     0.0,     0.0,     0.0,     0.0,     0.0,     0.0,     0.0,     0.0,"(1 MW per peak hour)","0643DF","IFED","064 "
"CAISO SP-15 PEAK 0900-1600 HE - ICE FUTURES ENERGY DIV",260106,2026-01-06,0643HS,IFED,01,064 ,   13430,    3330,     849,     180,    9905,   12351,   13415,   13380,      15,      50,   13430,    3330,     849,     180,    9905,   12351,   13415,   13380,      15,      50,       0,       0,       0,       0,       0,       0,       0,       0,       0,       0,      25,      25,      25,       0,       0,     -40,      25,     -15,       0,      40,  100.0,   24.8,    6.3,    1.3,   73.8,   92.0,   99.9,   99.6,    0.1,    0.4,  100.0,   24.8,    6.3,    1.3,   73.8,   92.0,   99.9,   99.6,    0.1,    0.4,    0.0,    0.0,    0.0,    0.0,    0.0,    0.0,    0.0,    0.0,    0.0,    0.0,     25,      2,      5,      3,     12,     11,     16,     17,     25,      2,      5,      3,     12,     11,     16,     17,      0,      0,      0,      0,      0,      0,      0,      0,    67.5,    82.6,    87.6,    95.2,    67.4,    82.1,    84.5,    91.8,    67.5,    82.6,    87.6,    95.2,    67.4,    82.1,    84.5,    91.8,     0.0,     0.0,     0.0,     0.0,     0.0,     0.0,     0.0,     0.0,"368 MWh","0643HS","IFED","064 "
"ERCOT N 345KV REAL T PK DALY M - ICE FUTURES ENERGY DIV",260106,2026-01-06,0643IB,IFED,01,064 ,   12030,    2985,    2055,    1575,    6490,    7640,   11050,   11270,     980,     760,   12030,    2985,    2055,    1575,    6490,    7640,   11050,   11270,     980,     760,       0,       0,       0,       0,       0,       0,       0,       0,       0,       0,     495,     325,    -805,      30,    -290,    1350,      65,     575,     430,     -80,  100.0,   24.8,   17.1,   13.1,   53.9,   63.5,   91.9,   93.7,    8.1,    6.3,  100.0,   24.8,   17.1,   13.1,   53.9,   63.5,   91.9,   93.7,    8.1,    6.3,    0.0,    0.0,    0.0,    0.0,    0.0,    0.0,    0.0,    0.0,    0.0,    0.0,     49,     11,      9,     10,     21,     20,     36,     37,     49,     11,      9,     10,     21,     20,     36,     37,      0,      0,      0,      0,      0,      0,      0,      0,    32.9,    37.9,    52.2,    57.0,    25.9,    33.3,    42.6,    47.7,    32.9,    37.9,    52.2,    57.0,    25.9,    33.3,    42.6,    47.7,     0.0,     0.0,     0.0,     0.0,     0.0,     0.0,     0.0,     0.0,"(240 MW = 15 Hours X 16 MWh)","0643IB","IFED","064 "
"ERCOT N 345KV REAL T PK 2x16 - ICE FUTURES ENERGY DIV",260106,2026-01-06,0643ID,IFED,01,064 ,  126645,   15317,   12980,    4854,  106001,  108387,  126172,  126221,     473,     424,  126645,   15317,   12980,    4854,  106001,  108387,  126172,  126221,     473,     424,       0,       0,       0,       0,       0,       0,       0,       0,       0,       0,     366,    -179,    -941,     221,     295,    1078,     337,     358,      29,       8,  100.0,   12.1,   10.2,    3.8,   83.7,   85.6,   99.6,   99.7,    0.4,    0.3,  100.0,   12.1,   10.2,    3.8,   83.7,   85.6,   99.6,   99.7,    0.4,    0.3,    0.0,    0.0,    0.0,    0.0,    0.0,    0.0,    0.0,    0.0,    0.0,    0.0,     57,     11,      8,     10,     34,     30,     48,     45,     57,     11,      8,     10,     34,     30,     48,     45,      0,      0,      0,      0,      0,      0,      0,      0,    48.3,    37.5,    68.6,    64.9,    46.7,    34.7,    63.3,    57.0,    48.3,    37.5,    68.6,    64.9,    46.7,    34.7,    63.3,    57.0,     0.0,     0.0,     0.0,     0.0,     0.0,     0.0,     0.0,     0.0,"(1MW for about 352 Hours)","0643ID","IFED","064 "
"ERCOT North 345KV Hub RT 7x8 - ICE FUTURES ENERGY DIV",260106,2026-01-06,0643IK,IFED,01,064 ,  212282,   98389,    9220,   17279,   96095,  185391,  211763,  211890,     519,     392,  212282,   98389,    9220,   17279,   96095,  185391,  211763,  211890,     519,     392,       0,       0,       0,       0,       0,       0,       0,       0,       0,       0,    1782,    1485,    -149,    -256,     736,    2176,    1965,    1771,    -183,      11,  100.0,   46.3,    4.3,    8.1,   45.3,   87.3,   99.8,   99.8,    0.2,    0.2,  100.0,   46.3,    4.3,    8.1,   45.3,   87.3,   99.8,   99.8,    0.2,    0.2,    0.0,    0.0,    0.0,    0.0,    0.0,    0.0,    0.0,    0.0,    0.0,    0.0,     63,     16,      7,     16,     34,     30,     55,     48,     63,     16,      7,     16,     34,     30,     55,     48,      0,      0,      0,      0,      0,      0,      0,      0,    48.3,    45.7,    63.4,    63.9,    43.9,    42.4,    54.4,    54.7,    48.3,    45.7,    63.4,    63.9,    43.9,    42.4,    54.4,    54.7,     0.0,     0.0,     0.0,     0.0,     0.0,     0.0,     0.0,     0.0,"(1MW for about 352 Hours)","0643IK","IFED","064 "
"ERCOT Houston 345KV Hub RT 7x8 - ICE FUTURES ENERGY DIV",260106,2026-01-06,0643IL,IFED,01,064 ,   16995,    1025,    1100,       0,   15960,   15770,   16985,   16870,      10,     125,   16995,    1025,    1100,       0,   15960,   15770,   16985,   16870,      10,     125,       0,       0,       0,       0,       0,       0,       0,       0,       0,       0,       0,       0,       0,       0,       0,       0,       0,       0,       0,       0,  100.0,    6.0,    6.5,    0.0,   93.9,   92.8,   99.9,   99.3,    0.1,    0.7,  100.0,    6.0,    6.5,    0.0,   93.9,   92.8,   99.9,   99.3,    0.1,    0.7,    0.0,    0.0,    0.0,    0.0,    0.0,    0.0,    0.0,    0.0,    0.0,    0.0,     24,      3,      2,      0,     13,     13,     16,     15,     24,      3,      2,      0,     13,     13,     16,     15,      0,      0,      0,      0,      0,      0,      0,      0,    80.8,    53.7,    93.0,    83.2,    78.2,    51.5,    87.0,    76.4,    80.8,    53.7,    93.0,    83.2,    78.2,    51.5,    87.0,    76.4,     0.0,     0.0,     0.0,     0.0,     0.0,     0.0,     0.0,     0.0,"(1MW for about 352 Hours)","0643IL","IFED","064 "
"ISONE.H.INTERNAL_HUB_mo_on_dap - NODAL EXCHANGE",260106,2026-01-06,064AAA,NODX,01,064 ,  100260,   11456,    3595,    2165,   73195,   81138,   86816,   86898,   13444,   13362,  100260,   11456,    3595,    2165,   73195,   81138,   86816,   86898,   13444,   13362,       0,       0,       0,       0,       0,       0,       0,       0,       0,       0,      20,    -645,     -95,     -15,   -3979,   -4430,   -4639,   -4540,    4659,    4560,  100.0,   11.4,    3.6,    2.2,   73.0,   80.9,   86.6,   86.7,   13.4,   13.3,  100.0,   11.4,    3.6,    2.2,   73.0,   80.9,   86.6,   86.7,   13.4,   13.3,    0.0,    0.0,    0.0,    0.0,    0.0,    0.0,    0.0,    0.0,    0.0,    0.0,     32,      2,      4,      3,     23,     24,     27,     29,     32,      2,      4,      3,     23,     24,     27,     29,      0,      0,      0,      0,      0,      0,      0,      0,    72.0,    42.6,    81.8,    59.8,    65.6,    36.7,    70.4,    53.1,    72.0,    42.6,    81.8,    59.8,    65.6,    36.7,    70.4,    53.1,     0.0,     0.0,     0.0,     0.0,     0.0,     0.0,     0.0,     0.0,"(Contracts of 400 MWh)","064AAA","NODX","064 "
"ISONE.H.INTERNAL_HB_mo_off_dap - NODAL EXCHANGE",260106,2026-01-06,064AAB,NODX,01,064 ,   88662,   10494,    3228,    1079,   65033,   72371,   76606,   76678,   12056,   11984,   88662,   10494,    3228,    1079,   65033,   72371,   76606,   76678,   12056,   11984,       0,       0,       0,       0,       0,       0,       0,       0,       0,       0,      45,    -605,     -60,      45,   -3630,   -4076,   -4190,   -4091,    4235,    4136,  100.0,   11.8,    3.6,    1.2,   73.3,   81.6,   86.4,   86.5,   13.6,   13.5,  100.0,   11.8,    3.6,    1.2,   73.3,   81.6,   86.4,   86.5,   13.6,   13.5,    0.0,    0.0,    0.0,    0.0,    0.0,    0.0,    0.0,    0.0,    0.0,    0.0,     31,      2,      3,      2,     22,     24,     25,     28,     31,      2,      3,      2,     22,     24,     25,     28,      0,      0,      0,      0,      0,      0,      0,      0,    70.4,    42.6,    80.4,    60.0,    64.7,    38.1,    68.2,    52.8,    70.4,    42.6,    80.4,    60.0,    64.7,    38.1,    68.2,    52.8,     0.0,     0.0,     0.0,     0.0,     0.0,     0.0,     0.0,     0.0,"(Contracts of 400 MWh)","064AAB","NODX","064 "
"MISO.INDIANA.HUB_month_on_dap - NODAL EXCHANGE",260106,2026-01-06,064BFI,NODX,01,064 ,   24009,       0,    3370,     520,   19747,   15505,   20267,   19395,    3742,    4614,   24009,       0,    3370,     520,   19747,   15505,   20267,   19395,    3742,    4614,       0,       0,       0,       0,       0,       0,       0,       0,       0,       0,    -450,       0,     -94,    -140,   -1539,   -1455,   -1679,   -1689,    1229,    1239,  100.0,    0.0,   14.0,    2.2,   82.2,   64.6,   84.4,   80.8,   15.6,   19.2,  100.0,    0.0,   14.0,    2.2,   82.2,   64.6,   84.4,   80.8,   15.6,   19.2,    0.0,    0.0,    0.0,    0.0,    0.0,    0.0,    0.0,    0.0,    0.0,    0.0,     22,      0,      2,      1,     17,     16,     18,     18,     22,      0,      2,      1,     17,     16,     18,     18,      0,      0,      0,      0,      0,      0,      0,      0,    52.1,    53.1,    69.5,    72.4,    51.4,    46.2,    63.5,    59.0,    52.1,    53.1,    69.5,    72.4,    51.4,    46.2,    63.5,    59.0,     0.0,     0.0,     0.0,     0.0,     0.0,     0.0,     0.0,     0.0,"Megawatt Hours (MWh)","064BFI","NODX","064 "
"MISO.INDIANA.HUB_month_off_dap - NODAL EXCHANGE",260106,2026-01-06,064BFJ,NODX,01,064 ,   22779,       0,    3305,     470,   18496,   14539,   18966,   18314,    3813,    4465,   22779,       0,    3305,     470,   18496,   14539,   18966,   18314,    3813,    4465,       0,       0,       0,       0,       0,       0,       0,       0,       0,       0,    -255,       0,     -70,    -250,   -1662,   -1362,   -1912,   -1682,    1657,    1427,  100.0,    0.0,   14.5,    2.1,   81.2,   63.8,   83.3,   80.4,   16.7,   19.6,  100.0,    0.0,   14.5,    2.1,   81.2,   63.8,   83.3,   80.4,   16.7,   19.6,    0.0,    0.0,    0.0,    0.0,    0.0,    0.0,    0.0,    0.0,    0.0,    0.0,     20,      0,      2,      1,     15,     13,     16,     15,     20,      0,      2,      1,     15,     13,     16,     15,      0,      0,      0,      0,      0,      0,      0,      0,    51.1,    55.7,    68.4,    74.8,    49.5,    48.8,    64.1,    63.8,    51.1,    55.7,    68.4,    74.8,    49.5,    48.8,    64.1,    63.8,     0.0,     0.0,     0.0,     0.0,     0.0,     0.0,     0.0,     0.0,"Megawatt Hours (MWh)","064BFJ","NODX","064 "
"NYISO.HUD VL_month_on_dap - NODAL EXCHANGE",260106,2026-01-06,064CXO,NODX,01,064 ,   41925,     420,   11581,    1519,   31870,   20953,   33809,   34053,    8116,    7872,   41925,     420,   11581,    1519,   31870,   20953,   33809,   34053,    8116,    7872,       0,       0,       0,       0,       0,       0,       0,       0,       0,       0,     423,     -75,    -851,       0,   -1937,   -1181,   -2012,   -2032,    2435,    2455,  100.0,    1.0,   27.6,    3.6,   76.0,   50.0,   80.6,   81.2,   19.4,   18.8,  100.0,    1.0,   27.6,    3.6,   76.0,   50.0,   80.6,   81.2,   19.4,   18.8,    0.0,    0.0,    0.0,    0.0,    0.0,    0.0,    0.0,    0.0,    0.0,    0.0,     31,      1,      4,      2,     25,     19,     28,     23,     31,      1,      4,      2,     25,     19,     28,     23,      0,      0,      0,      0,      0,      0,      0,      0,    34.3,    51.4,    54.0,    65.7,    30.1,    46.1,    45.3,    55.0,    34.3,    51.4,    54.0,    65.7,    30.1,    46.1,    45.3,    55.0,     0.0,     0.0,     0.0,     0.0,     0.0,     0.0,     0.0,     0.0,"Megawatt Hours (MWh)","064CXO","NODX","064 "
"NYISO.HUD VL_month_off_dap - NODAL EXCHANGE",260106,2026-01-06,064CXP,NODX,01,064 ,   38235,     420,   11083,     787,   30432,   19673,   31639,   31543,    6596,    6692,   38235,     420,   11083,     787,   30432,   19673,   31639,   31543,    6596,    6692,       0,       0,       0,       0,       0,       0,       0,       0,       0,       0,     491,     -75,    -601,       0,   -1766,   -1240,   -1841,   -1841,    2332,    2332,  100.0,    1.1,   29.0,    2.1,   79.6,   51.5,   82.7,   82.5,   17.3,   17.5,  100.0,    1.1,   29.0,    2.1,   79.6,   51.5,   82.7,   82.5,   17.3,   17.5,    0.0,    0.0,    0.0,    0.0,    0.0,    0.0,    0.0,    0.0,    0.0,    0.0,     29,      1,      3,      2,     23,     20,     26,     23,     29,      1,      3,      2,     23,     20,     26,     23,      0,      0,      0,      0,      0,      0,      0,      0,    35.4,    53.2,    57.9,    66.8,    30.8,    49.2,    48.0,    55.2,    35.4,    53.2,    57.9,    66.8,    30.8,    49.2,    48.0,    55.2,     0.0,     0.0,     0.0,     0.0,     0.0,     0.0,     0.0,     0.0,"Megawatt Hours (MWh)","064CXP","NODX","064 "
"NYISO.N.Y.C._month_on_dap - NODAL EXCHANGE",260106,2026-01-06,064CZS,NODX,01,064 ,   23621,    1015,       0,       0,   18839,   19974,   19854,   19974,    3767,    3647,   23621,    1015,       0,       0,   18839,   19974,   19854,   19974,    3767,    3647,       0,       0,       0,       0,       0,       0,       0,       0,       0,       0,       0,    -145,       0,       0,   -1480,   -1662,   -1625,   -1662,    1625,    1662,  100.0,    4.3,    0.0,    0.0,   79.8,   84.6,   84.1,   84.6,   15.9,   15.4,  100.0,    4.3,    0.0,    0.0,   79.8,   84.6,   84.1,   84.6,   15.9,   15.4,    0.0,    0.0,    0.0,    0.0,    0.0,    0.0,    0.0,    0.0,    0.0,    0.0,     23,      2,      0,      0,     14,     15,     16,     15,     23,      2,      0,      0,     14,     15,     16,     15,      0,      0,      0,      0,      0,      0,      0,      0,    54.0,    55.7,    74.1,    76.6,    54.0,    55.4,    68.5,    75.7,    54.0,    55.7,    74.1,    76.6,    54.0,    55.4,    68.5,    75.7,     0.0,     0.0,     0.0,     0.0,     0.0,     0.0,     0.0,     0.0,"Megawatt Hours (MWh)","064CZS","NODX","064 "
"NYISO.N.Y.C._month_off_dap - NODAL EXCHANGE",260106,2026-01-06,064CZT,NODX,01,064 ,   22227,     775,       0,      60,   18109,   18884,   18944,   18944,    3283,    3283,   22227,     775,       0,      60,   18109,   18884,   18944,   18944,    3283,    3283,       0,       0,       0,       0,       0,       0,       0,       0,       0,       0,     100,     -75,       0,     -10,   -1131,   -1208,   -1216,   -1218,    1316,    1318,  100.0,    3.5,    0.0,    0.3,   81.5,   85.0,   85.2,   85.2,   14.8,   14.8,  100.0,    3.5,    0.0,    0.3,   81.5,   85.0,   85.2,   85.2,   14.8,   14.8,    0.0,    0.0,    0.0,    0.0,    0.0,    0.0,    0.0,    0.0,    0.0,    0.0,     21,      2,      0,      1,     14,     13,     16,     14,     21,      2,      0,      1,     14,     13,     16,     14,      0,      0,      0,      0,      0,      0,      0,      0,    53.9,    57.1,    75.0,    77.5,    53.9,    56.8,    68.3,    75.0,    53.9,    57.1,    75.0,    77.5,    53.9,    56.8,    68.3,    75.0,     0.0,     0.0,     0.0,     0.0,     0.0,     0.0,     0.0,     0.0,"Megawatt Hours (MWh)","064CZT","NODX","064 "
"NYISO.WEST_month_on_dap - NODAL EXCHANGE",260106,2026-01-06,064DEU,NODX,01,064 ,   36387,    3317,    3780,    3140,   25848,   26421,   32305,   33341,    4082,    3046,   36387,    3317,    3780,    3140,   25848,   26421,   32305,   33341,    4082,    3046,       0,       0,       0,       0,       0,       0,       0,       0,       0,       0,     670,    -745,    -250,     -10,    -800,    -920,   -1555,   -1180,    2225,    1850,  100.0,    9.1,   10.4,    8.6,   71.0,   72.6,   88.8,   91.6,   11.2,    8.4,  100.0,    9.1,   10.4,    8.6,   71.0,   72.6,   88.8,   91.6,   11.2,    8.4,    0.0,    0.0,    0.0,    0.0,    0.0,    0.0,    0.0,    0.0,    0.0,    0.0,     27,      1,      3,      2,     17,     16,     19,     20,     27,      1,      3,      2,     17,     16,     19,     20,      0,      0,      0,      0,      0,      0,      0,      0,    59.7,    49.2,    76.5,    71.9,    38.1,    35.0,    50.7,    48.0,    59.7,    49.2,    76.5,    71.9,    38.1,    35.0,    50.7,    48.0,     0.0,     0.0,     0.0,     0.0,     0.0,     0.0,     0.0,     0.0,"Megawatt Hours (MWh)","064DEU","NODX","064 "
"NYISO.WEST_month_off_dap - NODAL EXCHANGE",260106,2026-01-06,064DEV,NODX,01,064 ,   37712,    4410,    3745,    1640,   28202,   29378,   34252,   34763,    3460,    2949,   37712,    4410,    3745,    1640,   28202,   29378,   34252,   34763,    3460,    2949,       0,       0,       0,       0,       0,       0,       0,       0,       0,       0,     565,    -700,    -275,     -10,    -867,   -1076,   -1577,   -1361,    2142,    1926,  100.0,   11.7,    9.9,    4.3,   74.8,   77.9,   90.8,   92.2,    9.2,    7.8,  100.0,   11.7,    9.9,    4.3,   74.8,   77.9,   90.8,   92.2,    9.2,    7.8,    0.0,    0.0,    0.0,    0.0,    0.0,    0.0,    0.0,    0.0,    0.0,    0.0,     28,      1,      3,      2,     18,     16,     20,     20,     28,      1,      3,      2,     18,     16,     20,     20,      0,      0,      0,      0,      0,      0,      0,      0,    63.9,    50.9,    83.4,    73.5,    46.5,    38.3,    60.2,    55.3,    63.9,    50.9,    83.4,    73.5,    46.5,    38.3,    60.2,    55.3,     0.0,     0.0,     0.0,     0.0,     0.0,     0.0,     0.0,     0.0,"Megawatt Hours (MWh)","064DEV","NODX","064 "
"PJM.AEP_month_on_dap - NODAL EXCHANGE",260106,2026-01-06,064DLQ,NODX,01,064 ,   35254,    2340,    4021,     300,   30161,   28760,   32801,   33081,    2453,    2173,   35254,    2340,    4021,     300,   30161,   28760,   32801,   33081,    2453,    2173,       0,       0,       0,       0,       0,       0,       0,       0,       0,       0,       0,    -120,    -140,       0,   -1625,   -1633,   -1745,   -1773,    1745,    1773,  100.0,    6.6,   11.4,    0.9,   85.6,   81.6,   93.0,   93.8,    7.0,    6.2,  100.0,    6.6,   11.4,    0.9,   85.6,   81.6,   93.0,   93.8,    7.0,    6.2,    0.0,    0.0,    0.0,    0.0,    0.0,    0.0,    0.0,    0.0,    0.0,    0.0,     22,      1,      1,      1,     17,      5,     19,      6,     22,      1,      1,      1,     17,      5,     19,      6,      0,      0,      0,      0,      0,      0,      0,      0,    60.1,    90.1,    76.1,    93.8,    60.1,    88.7,    76.1,    91.8,    60.1,    90.1,    76.1,    93.8,    60.1,    88.7,    76.1,    91.8,     0.0,     0.0,     0.0,     0.0,     0.0,     0.0,     0.0,     0.0,"Megawatt Hours (MWh)","064DLQ","NODX","064 "
"PJM.AEP_month_off_dap - NODAL EXCHANGE",260106,2026-01-06,064DLR,NODX,01,064 ,   35224,    2340,    4021,     300,   30196,   28735,   32836,   33056,    2388,    2168,   35224,    2340,    4021,     300,   30196,   28735,   32836,   33056,    2388,    2168,       0,       0,       0,       0,       0,       0,       0,       0,       0,       0,       0,    -120,    -140,       0,   -1620,   -1628,   -1740,   -1768,    1740,    1768,  100.0,    6.6,   11.4,    0.9,   85.7,   81.6,   93.2,   93.8,    6.8,    6.2,  100.0,    6.6,   11.4,    0.9,   85.7,   81.6,   93.2,   93.8,    6.8,    6.2,    0.0,    0.0,    0.0,    0.0,    0.0,    0.0,    0.0,    0.0,    0.0,    0.0,     22,      1,      1,      1,     17,      5,     19,      6,     22,      1,      1,      1,     17,      5,     19,      6,      0,      0,      0,      0,      0,      0,      0,      0,    60.2,    90.2,    76.1,    93.8,    60.2,    88.7,    76.1,    91.8,    60.2,    90.2,    76.1,    93.8,    60.2,    88.7,    76.1,    91.8,     0.0,     0.0,     0.0,     0.0,     0.0,     0.0,     0.0,     0.0,"Megawatt Hours (MWh)","064DLR","NODX","064 "
"PJM.AEP-DAYTON HUB_mo_on_dap - NODAL EXCHANGE",260106,2026-01-06,064DLW,NODX,01,064 ,  114148,    5815,    8990,    4830,   80824,   77124,   91469,   90944,   22679,   23204,  114148,    5815,    8990,    4830,   80824,   77124,   91469,   90944,   22679,   23204,       0,       0,       0,       0,       0,       0,       0,       0,       0,       0,     106,    -331,    -305,     -85,   -4943,   -4945,   -5359,   -5335,    5465,    5441,  100.0,    5.1,    7.9,    4.2,   70.8,   67.6,   80.1,   79.7,   19.9,   20.3,  100.0,    5.1,    7.9,    4.2,   70.8,   67.6,   80.1,   79.7,   19.9,   20.3,    0.0,    0.0,    0.0,    0.0,    0.0,    0.0,    0.0,    0.0,    0.0,    0.0,     36,      4,      3,      3,     18,     23,     22,     29,     36,      4,      3,      3,     18,     23,     22,     29,      0,      0,      0,      0,      0,      0,      0,      0,    51.1,    43.6,    67.9,    58.3,    43.2,    34.5,    52.4,    46.2,    51.1,    43.6,    67.9,    58.3,    43.2,    34.5,    52.4,    46.2,     0.0,     0.0,     0.0,     0.0,     0.0,     0.0,     0.0,     0.0,"Megawatt Hours (MWh)","064DLW","NODX","064 "
"PJM.AEP-DAYTON HUB_mo_off_dap - NODAL EXCHANGE",260106,2026-01-06,064DLX,NODX,01,064 ,  109951,    6470,    6315,    4573,   76933,   76623,   87976,   87511,   21975,   22440,  109951,    6470,    6315,    4573,   76933,   76623,   87976,   87511,   21975,   22440,       0,       0,       0,       0,       0,       0,       0,       0,       0,       0,     275,    -313,    -305,    -110,   -4854,   -4843,   -5277,   -5258,    5552,    5533,  100.0,    5.9,    5.7,    4.2,   70.0,   69.7,   80.0,   79.6,   20.0,   20.4,  100.0,    5.9,    5.7,    4.2,   70.0,   69.7,   80.0,   79.6,   20.0,   20.4,    0.0,    0.0,    0.0,    0.0,    0.0,    0.0,    0.0,    0.0,    0.0,    0.0,     36,      4,      3,      3,     18,     24,     22,     30,     36,      4,      3,      3,     18,     24,     22,     30,      0,      0,      0,      0,      0,      0,      0,      0,    51.8,    43.9,    68.4,    58.1,    43.6,    35.1,    51.3,    45.3,    51.8,    43.9,    68.4,    58.1,    43.6,    35.1,    51.3,    45.3,     0.0,     0.0,     0.0,     0.0,     0.0,     0.0,     0.0,     0.0,"Megawatt Hours (MWh)","064DLX","NODX","064 "
"PJM.APS_month_on_dap - NODAL EXCHANGE",260106,2026-01-06,064DMY,NODX,01,064 ,   12862,    1805,    1360,      85,    8853,   10188,   10743,   11633,    2119,    1229,   12862,    1805,    1360,      85,    8853,   10188,   10743,   11633,    2119,    1229,       0,       0,       0,       0,       0,       0,       0,       0,       0,       0,      25,    -165,      20,     -25,    -504,    -659,    -694,    -664,     719,     689,  100.0,   14.0,   10.6,    0.7,   68.8,   79.2,   83.5,   90.4,   16.5,    9.6,  100.0,   14.0,   10.6,    0.7,   68.8,   79.2,   83.5,   90.4,   16.5,    9.6,    0.0,    0.0,    0.0,    0.0,    0.0,    0.0,    0.0,    0.0,    0.0,    0.0,     20,      2,      1,      1,     16,      8,     19,      9,     20,      2,      1,      1,     16,      8,     19,      9,      0,      0,      0,      0,      0,      0,      0,      0,    42.0,    81.7,    65.5,    90.3,    42.0,    73.4,    60.6,    78.1,    42.0,    81.7,    65.5,    90.3,    42.0,    73.4,    60.6,    78.1,     0.0,     0.0,     0.0,     0.0,     0.0,     0.0,     0.0,     0.0,"Megawatt Hours (MWh)","064DMY","NODX","064 "
"PJM.APS_month_off_dap - NODAL EXCHANGE",260106,2026-01-06,064DMZ,NODX,01,064 ,   12799,    1805,    1360,      85,    8835,   10170,   10725,   11615,    2074,    1184,   12799,    1805,    1360,      85,    8835,   10170,   10725,   11615,    2074,    1184,       0,       0,       0,       0,       0,       0,       0,       0,       0,       0,      25,    -165,      20,     -25,    -519,    -674,    -709,    -679,     734,     704,  100.0,   14.1,   10.6,    0.7,   69.0,   79.5,   83.8,   90.7,   16.2,    9.3,  100.0,   14.1,   10.6,    0.7,   69.0,   79.5,   83.8,   90.7,   16.2,    9.3,    0.0,    0.0,    0.0,    0.0,    0.0,    0.0,    0.0,    0.0,    0.0,    0.0,     20,      2,      1,      1,     16,      8,     19,      9,     20,      2,      1,      1,     16,      8,     19,      9,      0,      0,      0,      0,      0,      0,      0,      0,    42.2,    82.1,    65.5,    90.6,    41.6,    73.1,    59.7,    77.3,    42.2,    82.1,    65.5,    90.6,    41.6,    73.1,    59.7,    77.3,     0.0,     0.0,     0.0,     0.0,     0.0,     0.0,     0.0,     0.0,"Megawatt Hours (MWh)","064DMZ","NODX","064 "
"PJM.BGE_month_on_dap - NODAL EXCHANGE",260106,2026-01-06,064DPQ,NODX,01,064 ,   29863,    2775,    2215,    1000,   22707,   23750,   26482,   26965,    3381,    2898,   29863,    2775,    2215,    1000,   22707,   23750,   26482,   26965,    3381,    2898,       0,       0,       0,       0,       0,       0,       0,       0,       0,       0,     310,    -120,     -85,     -58,   -1456,   -1065,   -1634,   -1208,    1944,    1518,  100.0,    9.3,    7.4,    3.3,   76.0,   79.5,   88.7,   90.3,   11.3,    9.7,  100.0,    9.3,    7.4,    3.3,   76.0,   79.5,   88.7,   90.3,   11.3,    9.7,    0.0,    0.0,    0.0,    0.0,    0.0,    0.0,    0.0,    0.0,    0.0,    0.0,     22,      3,      2,      1,     16,      9,     20,     11,     22,      3,      2,      1,     16,      9,     20,     11,      0,      0,      0,      0,      0,      0,      0,      0,    49.6,    87.4,    67.1,    89.9,    49.1,    83.4,    65.8,    83.6,    49.6,    87.4,    67.1,    89.9,    49.1,    83.4,    65.8,    83.6,     0.0,     0.0,     0.0,     0.0,     0.0,     0.0,     0.0,     0.0,"Megawatt Hours (MWh)","064DPQ","NODX","064 "
"PJM.BGE_month_off_dap - NODAL EXCHANGE",260106,2026-01-06,064DPR,NODX,01,064 ,   29965,    2775,    2240,     975,   22575,   23645,   26325,   26860,    3640,    3105,   29965,    2775,    2240,     975,   22575,   23645,   26325,   26860,    3640,    3105,       0,       0,       0,       0,       0,       0,       0,       0,       0,       0,     275,    -120,     -60,     -83,   -1470,   -1105,   -1673,   -1248,    1948,    1523,  100.0,    9.3,    7.5,    3.3,   75.3,   78.9,   87.9,   89.6,   12.1,   10.4,  100.0,    9.3,    7.5,    3.3,   75.3,   78.9,   87.9,   89.6,   12.1,   10.4,    0.0,    0.0,    0.0,    0.0,    0.0,    0.0,    0.0,    0.0,    0.0,    0.0,     22,      3,      2,      1,     16,      9,     20,     11,     22,      3,      2,      1,     16,      9,     20,     11,      0,      0,      0,      0,      0,      0,      0,      0,    48.9,    86.6,    65.8,    89.2,    48.4,    82.3,    64.0,    82.3,    48.9,    86.6,    65.8,    89.2,    48.4,    82.3,    64.0,    82.3,     0.0,     0.0,     0.0,     0.0,     0.0,     0.0,     0.0,     0.0,"Megawatt Hours (MWh)","064DPR","NODX","064 "
"PJM.DOM_month_on_dap - NODAL EXCHANGE",260106,2026-01-06,064DZS,NODX,01,064 ,   14400,    1050,    2900,       0,   10935,    9130,   11985,   12030,    2415,    2370,   14400,    1050,    2900,       0,   10935,    9130,   11985,   12030,    2415,    2370,       0,       0,       0,       0,       0,       0,       0,       0,       0,       0,      35,    -545,     260,    -260,    -505,   -1320,   -1310,   -1320,    1345,    1355,  100.0,    7.3,   20.1,    0.0,   75.9,   63.4,   83.2,   83.5,   16.8,   16.5,  100.0,    7.3,   20.1,    0.0,   75.9,   63.4,   83.2,   83.5,   16.8,   16.5,    0.0,    0.0,    0.0,    0.0,    0.0,    0.0,    0.0,    0.0,    0.0,    0.0,     20,      2,      2,      0,     15,      7,     17,      9,     20,      2,      2,      0,     15,      7,     17,      9,      0,      0,      0,      0,      0,      0,      0,      0,    55.5,    67.5,    70.9,    83.1,    52.3,    60.0,    64.0,    68.0,    55.5,    67.5,    70.9,    83.1,    52.3,    60.0,    64.0,    68.0,     0.0,     0.0,     0.0,     0.0,     0.0,     0.0,     0.0,     0.0,"Megawatt Hours (MWh)","064DZS","NODX","064 "
"PJM.DOM_month_off_dap - NODAL EXCHANGE",260106,2026-01-06,064DZT,NODX,01,064 ,   14830,    1050,    2900,       0,   11380,    9575,   12430,   12475,    2400,    2355,   14830,    1050,    2900,       0,   11380,    9575,   12430,   12475,    2400,    2355,       0,       0,       0,       0,       0,       0,       0,       0,       0,       0,      35,    -545,     245,    -245,    -430,   -1240,   -1220,   -1240,    1255,    1275,  100.0,    7.1,   19.6,    0.0,   76.7,   64.6,   83.8,   84.1,   16.2,   15.9,  100.0,    7.1,   19.6,    0.0,   76.7,   64.6,   83.8,   84.1,   16.2,   15.9,    0.0,    0.0,    0.0,    0.0,    0.0,    0.0,    0.0,    0.0,    0.0,    0.0,     21,      2,      2,      0,     16,      7,     18,      9,     21,      2,      2,      0,     16,      7,     18,      9,      0,      0,      0,      0,      0,      0,      0,      0,    56.5,    66.5,    71.5,    83.6,    54.7,    60.5,    67.1,    72.0,    56.5,    66.5,    71.5,    83.6,    54.7,    60.5,    67.1,    72.0,     0.0,     0.0,     0.0,     0.0,     0.0,     0.0,     0.0,     0.0,"Megawatt Hours (MWh)","064DZT","NODX","064 "
"PJM.JCPL_month_on_dap - NODAL EXCHANGE",260106,2026-01-06,064EJI,NODX,01,064 ,   39369,    5170,    5150,     502,   29605,   30630,   35277,   36282,    4092,    3087,   39369,    5170,    5150,     502,   29605,   30630,   35277,   36282,    4092,    3087,       0,       0,       0,       0,       0,       0,       0,       0,       0,       0,       5,     -95,     -75,    -135,   -1160,   -1170,   -1390,   -1380,    1395,    1385,  100.0,   13.1,   13.1,    1.3,   75.2,   77.8,   89.6,   92.2,   10.4,    7.8,  100.0,   13.1,   13.1,    1.3,   75.2,   77.8,   89.6,   92.2,   10.4,    7.8,    0.0,    0.0,    0.0,    0.0,    0.0,    0.0,    0.0,    0.0,    0.0,    0.0,     28,      4,      1,      1,     18,     15,     22,     17,     28,      4,      1,      1,     18,     15,     22,     17,      0,      0,      0,      0,      0,      0,      0,      0,    52.6,    69.6,    68.6,    85.5,    49.6,    68.2,    65.6,    79.3,    52.6,    69.6,    68.6,    85.5,    49.6,    68.2,    65.6,    79.3,     0.0,     0.0,     0.0,     0.0,     0.0,     0.0,     0.0,     0.0,"Megawatt Hours (MWh)","064EJI","NODX","064 "
"PJM.JCPL_month_off_dap - NODAL EXCHANGE",260106,2026-01-06,064EJJ,NODX,01,064 ,   37785,    4835,    5150,     535,   28660,   29310,   34030,   34995,    3755,    2790,   37785,    4835,    5150,     535,   28660,   29310,   34030,   34995,    3755,    2790,       0,       0,       0,       0,       0,       0,       0,       0,       0,       0,       0,    -113,     -75,    -117,   -1135,   -1155,   -1365,   -1347,    1365,    1347,  100.0,   12.8,   13.6,    1.4,   75.9,   77.6,   90.1,   92.6,    9.9,    7.4,  100.0,   12.8,   13.6,    1.4,   75.9,   77.6,   90.1,   92.6,    9.9,    7.4,    0.0,    0.0,    0.0,    0.0,    0.0,    0.0,    0.0,    0.0,    0.0,    0.0,     28,      4,      1,      1,     18,     15,     22,     17,     28,      4,      1,      1,     18,     15,     22,     17,      0,      0,      0,      0,      0,      0,      0,      0,    53.3,    68.5,    69.3,    85.1,    50.1,    67.1,    66.1,    78.5,    53.3,    68.5,    69.3,    85.1,    50.1,    67.1,    66.1,    78.5,     0.0,     0.0,     0.0,     0.0,     0.0,     0.0,     0.0,     0.0,"Megawatt Hours (MWh)","064EJJ","NODX","064 "
"PJM.METED_month_on_dap - NODAL EXCHANGE",260106,2026-01-06,064EOW,NODX,01,064 ,   23825,     590,    2850,     730,   19010,   17466,   20330,   21046,    3495,    2779,   23825,     590,    2850,     730,   19010,   17466,   20330,   21046,    3495,    2779,       0,       0,       0,       0,       0,       0,       0,       0,       0,       0,       0,       0,    -545,     -35,   -1802,   -1320,   -1837,   -1900,    1837,    1900,  100.0,    2.5,   12.0,    3.1,   79.8,   73.3,   85.3,   88.3,   14.7,   11.7,  100.0,    2.5,   12.0,    3.1,   79.8,   73.3,   85.3,   88.3,   14.7,   11.7,    0.0,    0.0,    0.0,    0.0,    0.0,    0.0,    0.0,    0.0,    0.0,    0.0,     25,      1,      4,      2,     18,     12,     21,     16,     25,      1,      4,      2,     18,     12,     21,     16,      0,      0,      0,      0,      0,      0,      0,      0,    57.1,    58.9,    68.5,    77.4,    46.3,    51.9,    55.7,    62.1,    57.1,    58.9,    68.5,    77.4,    46.3,    51.9,    55.7,    62.1,     0.0,     0.0,     0.0,     0.0,     0.0,     0.0,     0.0,     0.0,"Megawatt Hours (MWh)","064EOW","NODX","064 "
"PJM.METED_month_off_dap - NODAL EXCHANGE",260106,2026-01-06,064EOX,NODX,01,064 ,   24099,     590,    2780,     800,   19205,   17731,   20595,   21311,    3504,    2788,   24099,     590,    2780,     800,   19205,   17731,   20595,   21311,    3504,    2788,       0,       0,       0,       0,       0,       0,       0,       0,       0,       0,       0,       0,    -545,     -35,   -1822,   -1330,   -1857,   -1910,    1857,    1910,  100.0,    2.4,   11.5,    3.3,   79.7,   73.6,   85.5,   88.4,   14.5,   11.6,  100.0,    2.4,   11.5,    3.3,   79.7,   73.6,   85.5,   88.4,   14.5,   11.6,    0.0,    0.0,    0.0,    0.0,    0.0,    0.0,    0.0,    0.0,    0.0,    0.0,     25,      1,      4,      2,     18,     13,     21,     17,     25,      1,      4,      2,     18,     13,     21,     17,      0,      0,      0,      0,      0,      0,      0,      0,    57.5,    59.0,    68.6,    77.3,    43.7,    51.3,    54.8,    61.3,    57.5,    59.0,    68.6,    77.3,    43.7,    51.3,    54.8,    61.3,     0.0,     0.0,     0.0,     0.0,     0.0,     0.0,     0.0,     0.0,"Megawatt Hours (MWh)","064EOX","NODX","064 "
"PJM.N ILLINOIS HUB_mo_on_dap - NODAL EXCHANGE",260106,2026-01-06,064ERM,NODX,01,064 ,   69525,     925,       0,       0,   60455,   61368,   61380,   61368,    8145,    8157,   69525,     925,       0,       0,   60455,   61368,   61380,   61368,    8145,    8157,       0,       0,       0,       0,       0,       0,       0,       0,       0,       0,     455,    -155,    -145,       0,   -1811,   -1852,   -1966,   -1997,    2421,    2452,  100.0,    1.3,    0.0,    0.0,   87.0,   88.3,   88.3,   88.3,   11.7,   11.7,  100.0,    1.3,    0.0,    0.0,   87.0,   88.3,   88.3,   88.3,   11.7,   11.7,    0.0,    0.0,    0.0,    0.0,    0.0,    0.0,    0.0,    0.0,    0.0,    0.0,     26,      1,      0,      0,     16,     18,     17,     18,     26,      1,      0,      0,     16,     18,     17,     18,      0,      0,      0,      0,      0,      0,      0,      0,    60.8,    64.6,    81.5,    79.2,    57.8,    64.5,    74.3,    76.6,    60.8,    64.6,    81.5,    79.2,    57.8,    64.5,    74.3,    76.6,     0.0,     0.0,     0.0,     0.0,     0.0,     0.0,     0.0,     0.0,"Megawatt Hours (MWh)","064ERM","NODX","064 "
"PJM.N ILLINOIS HUB_mo_off_dap - NODAL EXCHANGE",260106,2026-01-06,064ERN,NODX,01,064 ,   65862,     500,       0,       0,   57575,   58063,   58075,   58063,    7787,    7799,   65862,     500,       0,       0,   57575,   58063,   58075,   58063,    7787,    7799,       0,       0,       0,       0,       0,       0,       0,       0,       0,       0,     455,     -70,    -145,       0,   -1448,   -1404,   -1518,   -1549,    1973,    2004,  100.0,    0.8,    0.0,    0.0,   87.4,   88.2,   88.2,   88.2,   11.8,   11.8,  100.0,    0.8,    0.0,    0.0,   87.4,   88.2,   88.2,   88.2,   11.8,   11.8,    0.0,    0.0,    0.0,    0.0,    0.0,    0.0,    0.0,    0.0,    0.0,    0.0,     25,      1,      0,      0,     16,     18,     17,     18,     25,      1,      0,      0,     16,     18,     17,     18,      0,      0,      0,      0,      0,      0,      0,      0,    63.0,    64.0,    83.2,    77.7,    59.1,    63.9,    76.9,    76.5,    63.0,    64.0,    83.2,    77.7,    59.1,    63.9,    76.9,    76.5,     0.0,     0.0,     0.0,     0.0,     0.0,     0.0,     0.0,     0.0,"Megawatt Hours (MWh)","064ERN","NODX","064 "
"PJM.PECO_month_on_dap - NODAL EXCHANGE",260106,2026-01-06,064EUY,NODX,01,064 ,  149804,   49575,    1625,      25,   87874,  136085,  137474,  137735,   12330,   12069,  149804,   49575,    1625,      25,   87874,  136085,  137474,  137735,   12330,   12069,       0,       0,       0,       0,       0,       0,       0,       0,       0,       0,     887,   -1150,     -45,     -30,   -3955,   -5091,   -5135,   -5166,    6022,    6053,  100.0,   33.1,    1.1,    0.0,   58.7,   90.8,   91.8,   91.9,    8.2,    8.1,  100.0,   33.1,    1.1,    0.0,   58.7,   90.8,   91.8,   91.9,    8.2,    8.1,    0.0,    0.0,    0.0,    0.0,    0.0,    0.0,    0.0,    0.0,    0.0,    0.0,     35,      3,      4,      1,     23,     16,     27,     20,     35,      3,      4,      1,     23,     16,     27,     20,      0,      0,      0,      0,      0,      0,      0,      0,    61.2,    77.8,    74.8,    89.0,    52.5,    72.4,    63.1,    77.4,    61.2,    77.8,    74.8,    89.0,    52.5,    72.4,    63.1,    77.4,     0.0,     0.0,     0.0,     0.0,     0.0,     0.0,     0.0,     0.0,"Megawatt Hours (MWh)","064EUY","NODX","064 "
"PJM.PECO_month_off_dap - NODAL EXCHANGE",260106,2026-01-06,064EUZ,NODX,01,064 ,  152351,   55740,    1325,     200,   84540,  139216,  140480,  140741,   11871,   11610,  152351,   55740,    1325,     200,   84540,  139216,  140480,  140741,   11871,   11610,       0,       0,       0,       0,       0,       0,       0,       0,       0,       0,     785,   -1135,     -80,     -23,   -3792,   -4878,   -4950,   -4981,    5735,    5766,  100.0,   36.6,    0.9,    0.1,   55.5,   91.4,   92.2,   92.4,    7.8,    7.6,  100.0,   36.6,    0.9,    0.1,   55.5,   91.4,   92.2,   92.4,    7.8,    7.6,    0.0,    0.0,    0.0,    0.0,    0.0,    0.0,    0.0,    0.0,    0.0,    0.0,     35,      3,      4,      2,     23,     16,     28,     20,     35,      3,      4,      2,     23,     16,     28,     20,      0,      0,      0,      0,      0,      0,      0,      0,    63.1,    78.8,    75.8,    89.4,    54.9,    70.3,    64.7,    76.1,    63.1,    78.8,    75.8,    89.4,    54.9,    70.3,    64.7,    76.1,     0.0,     0.0,     0.0,     0.0,     0.0,     0.0,     0.0,     0.0,"Megawatt Hours (MWh)","064EUZ","NODX","064 "
"PJM.PENELEC_month_on_dap - NODAL EXCHANGE",260106,2026-01-06,064EVA,NODX,01,064 ,   23977,   12880,       0,     300,    6467,   20567,   19647,   20867,    4330,    3110,   23977,   12880,       0,     300,    6467,   20567,   19647,   20867,    4330,    3110,       0,       0,       0,       0,       0,       0,       0,       0,       0,       0,     150,   -1227,       0,       0,    -978,   -1900,   -2205,   -1900,    2355,    2050,  100.0,   53.7,    0.0,    1.3,   27.0,   85.8,   81.9,   87.0,   18.1,   13.0,  100.0,   53.7,    0.0,    1.3,   27.0,   85.8,   81.9,   87.0,   18.1,   13.0,    0.0,    0.0,    0.0,    0.0,    0.0,    0.0,    0.0,    0.0,    0.0,    0.0,     22,      3,      0,      1,     14,     12,     17,     13,     22,      3,      0,      1,     14,     12,     17,     13,      0,      0,      0,      0,      0,      0,      0,      0,    64.0,    70.8,    74.2,    83.4,    62.3,    69.2,    71.8,    80.6,    64.0,    70.8,    74.2,    83.4,    62.3,    69.2,    71.8,    80.6,     0.0,     0.0,     0.0,     0.0,     0.0,     0.0,     0.0,     0.0,"Megawatt Hours (MWh)","064EVA","NODX","064 "
"PJM.PENELEC_month_off_dap - NODAL EXCHANGE",260106,2026-01-06,064EVB,NODX,01,064 ,   23952,   12880,       0,     300,    6442,   20517,   19622,   20817,    4330,    3135,   23952,   12880,       0,     300,    6442,   20517,   19622,   20817,    4330,    3135,       0,       0,       0,       0,       0,       0,       0,       0,       0,       0,     150,   -1227,       0,       0,   -1008,   -1920,   -2235,   -1920,    2385,    2070,  100.0,   53.8,    0.0,    1.3,   26.9,   85.7,   81.9,   86.9,   18.1,   13.1,  100.0,   53.8,    0.0,    1.3,   26.9,   85.7,   81.9,   86.9,   18.1,   13.1,    0.0,    0.0,    0.0,    0.0,    0.0,    0.0,    0.0,    0.0,    0.0,    0.0,     22,      3,      0,      1,     14,     12,     17,     13,     22,      3,      0,      1,     14,     12,     17,     13,      0,      0,      0,      0,      0,      0,      0,      0,    64.2,    70.6,    74.4,    83.2,    62.5,    69.1,    72.0,    80.5,    64.2,    70.6,    74.4,    83.2,    62.5,    69.1,    72.0,    80.5,     0.0,     0.0,     0.0,     0.0,     0.0,     0.0,     0.0,     0.0,"Megawatt Hours (MWh)","064EVB","NODX","064 "
"PJM.PEPCO_month_on_dap - NODAL EXCHANGE",260106,2026-01-06,064EVG,NODX,01,064 ,   25020,    2190,    8600,    1380,   17945,   12060,   21515,   22040,    3505,    2980,   25020,    2190,    8600,    1380,   17945,   12060,   21515,   22040,    3505,    2980,       0,       0,       0,       0,       0,       0,       0,       0,       0,       0,    1020,     360,     980,    -245,    -620,   -1275,    -505,    -540,    1525,    1560,  100.0,    8.8,   34.4,    5.5,   71.7,   48.2,   86.0,   88.1,   14.0,   11.9,  100.0,    8.8,   34.4,    5.5,   71.7,   48.2,   86.0,   88.1,   14.0,   11.9,    0.0,    0.0,    0.0,    0.0,    0.0,    0.0,    0.0,    0.0,    0.0,    0.0,     27,      2,      2,      2,     20,     15,     23,     18,     27,      2,      2,      2,     20,     15,     23,     18,      0,      0,      0,      0,      0,      0,      0,      0,    42.7,    58.5,    61.5,    77.2,    40.8,    49.1,    56.4,    63.5,    42.7,    58.5,    61.5,    77.2,    40.8,    49.1,    56.4,    63.5,     0.0,     0.0,     0.0,     0.0,     0.0,     0.0,     0.0,     0.0,"Megawatt Hours (MWh)","064EVG","NODX","064 "
"PJM.PEPCO_month_off_dap - NODAL EXCHANGE",260106,2026-01-06,064EVH,NODX,01,064 ,   25000,    2190,    8580,    1400,   17925,   12060,   21515,   22040,    3485,    2960,   25000,    2190,    8580,    1400,   17925,   12060,   21515,   22040,    3485,    2960,       0,       0,       0,       0,       0,       0,       0,       0,       0,       0,    1020,     360,     980,    -245,    -605,   -1235,    -490,    -500,    1510,    1520,  100.0,    8.8,   34.3,    5.6,   71.7,   48.2,   86.1,   88.2,   13.9,   11.8,  100.0,    8.8,   34.3,    5.6,   71.7,   48.2,   86.1,   88.2,   13.9,   11.8,    0.0,    0.0,    0.0,    0.0,    0.0,    0.0,    0.0,    0.0,    0.0,    0.0,     27,      2,      2,      2,     20,     15,     23,     18,     27,      2,      2,      2,     20,     15,     23,     18,      0,      0,      0,      0,      0,      0,      0,      0,    42.8,    58.5,    61.6,    77.3,    40.8,    49.1,    56.3,    63.5,    42.8,    58.5,    61.6,    77.3,    40.8,    49.1,    56.3,    63.5,     0.0,     0.0,     0.0,     0.0,     0.0,     0.0,     0.0,     0.0,"Megawatt Hours (MWh)","064EVH","NODX","064 "
"PJM.PPL_month_on_dap - NODAL EXCHANGE",260106,2026-01-06,064EWU,NODX,01,064 ,   64079,     295,    1015,    1650,   55655,   55692,   57600,   58357,    6479,    5722,   64079,     295,    1015,    1650,   55655,   55692,   57600,   58357,    6479,    5722,       0,       0,       0,       0,       0,       0,       0,       0,       0,       0,     655,     295,    -355,    -295,   -3569,   -2984,   -3569,   -3634,    4224,    4289,  100.0,    0.5,    1.6,    2.6,   86.9,   86.9,   89.9,   91.1,   10.1,    8.9,  100.0,    0.5,    1.6,    2.6,   86.9,   86.9,   89.9,   91.1,   10.1,    8.9,    0.0,    0.0,    0.0,    0.0,    0.0,    0.0,    0.0,    0.0,    0.0,    0.0,     32,      1,      2,      2,     22,     18,     24,     21,     32,      1,      2,      2,     22,     18,     24,     21,      0,      0,      0,      0,      0,      0,      0,      0,    61.2,    51.4,    76.0,    72.3,    61.0,    51.0,    75.2,    71.0,    61.2,    51.4,    76.0,    72.3,    61.0,    51.0,    75.2,    71.0,     0.0,     0.0,     0.0,     0.0,     0.0,     0.0,     0.0,     0.0,"Megawatt Hours (MWh)","064EWU","NODX","064 "
"PJM.PPL_month_off_dap - NODAL EXCHANGE",260106,2026-01-06,064EWV,NODX,01,064 ,   65299,     295,     255,    2065,   56495,   57292,   58855,   59612,    6444,    5687,   65299,     295,     255,    2065,   56495,   57292,   58855,   59612,    6444,    5687,       0,       0,       0,       0,       0,       0,       0,       0,       0,       0,     630,     295,    -358,    -295,   -3470,   -2905,   -3470,   -3558,    4100,    4188,  100.0,    0.5,    0.4,    3.2,   86.5,   87.7,   90.1,   91.3,    9.9,    8.7,  100.0,    0.5,    0.4,    3.2,   86.5,   87.7,   90.1,   91.3,    9.9,    8.7,    0.0,    0.0,    0.0,    0.0,    0.0,    0.0,    0.0,    0.0,    0.0,    0.0,     32,      1,      2,      2,     21,     18,     23,     21,     32,      1,      2,      2,     21,     18,     23,     21,      0,      0,      0,      0,      0,      0,      0,      0,    62.0,    53.1,    75.8,    73.6,    61.8,    52.9,    75.0,    72.4,    62.0,    53.1,    75.8,    73.6,    61.8,    52.9,    75.0,    72.4,     0.0,     0.0,     0.0,     0.0,     0.0,     0.0,     0.0,     0.0,"Megawatt Hours (MWh)","064EWV","NODX","064 "
"PJM.PSEG_month_on_dap - NODAL EXCHANGE",260106,2026-01-06,064EXE,NODX,01,064 ,   83885,    6330,    3665,    2740,   60283,   63096,   69353,   69501,   14532,   14384,   83885,    6330,    3665,    2740,   60283,   63096,   69353,   69501,   14532,   14384,       0,       0,       0,       0,       0,       0,       0,       0,       0,       0,    1159,    -305,    -360,       0,   -2982,   -2857,   -3287,   -3217,    4446,    4376,  100.0,    7.5,    4.4,    3.3,   71.9,   75.2,   82.7,   82.9,   17.3,   17.1,  100.0,    7.5,    4.4,    3.3,   71.9,   75.2,   82.7,   82.9,   17.3,   17.1,    0.0,    0.0,    0.0,    0.0,    0.0,    0.0,    0.0,    0.0,    0.0,    0.0,     36,      4,      2,      3,     25,     21,     30,     25,     36,      4,      2,      3,     25,     21,     30,     25,      0,      0,      0,      0,      0,      0,      0,      0,    33.6,    45.6,    53.6,    70.5,    27.9,    39.4,    42.6,    55.1,    33.6,    45.6,    53.6,    70.5,    27.9,    39.4,    42.6,    55.1,     0.0,     0.0,     0.0,     0.0,     0.0,     0.0,     0.0,     0.0,"Megawatt Hours (MWh)","064EXE","NODX","064 "
"PJM.PSEG_month_off_dap - NODAL EXCHANGE",260106,2026-01-06,064EXF,NODX,01,064 ,   81176,    5940,    3065,    2880,   58206,   61229,   67026,   67174,   14150,   14002,   81176,    5940,    3065,    2880,   58206,   61229,   67026,   67174,   14150,   14002,       0,       0,       0,       0,       0,       0,       0,       0,       0,       0,    1049,    -290,    -365,      20,   -2517,   -2372,   -2787,   -2717,    3836,    3766,  100.0,    7.3,    3.8,    3.5,   71.7,   75.4,   82.6,   82.8,   17.4,   17.2,  100.0,    7.3,    3.8,    3.5,   71.7,   75.4,   82.6,   82.8,   17.4,   17.2,    0.0,    0.0,    0.0,    0.0,    0.0,    0.0,    0.0,    0.0,    0.0,    0.0,     36,      4,      2,      3,     25,     21,     30,     25,     36,      4,      2,      3,     25,     21,     30,     25,      0,      0,      0,      0,      0,      0,      0,      0,    33.4,    47.6,    52.5,    70.1,    27.3,    40.0,    42.1,    54.3,    33.4,    47.6,    52.5,    70.1,    27.3,    40.0,    42.1,    54.3,     0.0,     0.0,     0.0,     0.0,     0.0,     0.0,     0.0,     0.0,"Megawatt Hours (MWh)","064EXF","NODX","064 "
"PJM.WESTERN HUB_month_on_dap - NODAL EXCHANGE",260106,2026-01-06,064FHK,NODX,01,064 ,  269899,   11020,   52060,    6349,  190038,  148695,  207407,  207104,   62492,   62795,  269899,   11020,   52060,    6349,  190038,  148695,  207407,  207104,   62492,   62795,       0,       0,       0,       0,       0,       0,       0,       0,       0,       0,    3675,    1563,   -3337,     -30,  -11131,   -6291,   -9598,   -9658,   13273,   13333,  100.0,    4.1,   19.3,    2.4,   70.4,   55.1,   76.8,   76.7,   23.2,   23.3,  100.0,    4.1,   19.3,    2.4,   70.4,   55.1,   76.8,   76.7,   23.2,   23.3,    0.0,    0.0,    0.0,    0.0,    0.0,    0.0,    0.0,    0.0,    0.0,    0.0,     50,      7,      5,      7,     27,     35,     36,     45,     50,      7,      5,      7,     27,     35,     36,     45,      0,      0,      0,      0,      0,      0,      0,      0,    43.1,    35.9,    56.7,    52.4,    37.5,    29.9,    45.8,    43.5,    43.1,    35.9,    56.7,    52.4,    37.5,    29.9,    45.8,    43.5,     0.0,     0.0,     0.0,     0.0,     0.0,     0.0,     0.0,     0.0,"Megawatt Hours (MWh)","064FHK","NODX","064 "
"PJM.WESTERN HUB_month_off_dap - NODAL EXCHANGE",260106,2026-01-06,064FHL,NODX,01,064 ,  268943,    7140,   60640,    6082,  196329,  142526,  209551,  209248,   59392,   59695,  268943,    7140,   60640,    6082,  196329,  142526,  209551,  209248,   59392,   59695,       0,       0,       0,       0,       0,       0,       0,       0,       0,       0,    2834,    -412,   -4937,     755,   -9668,   -5138,   -9325,   -9320,   12159,   12154,  100.0,    2.7,   22.5,    2.3,   73.0,   53.0,   77.9,   77.8,   22.1,   22.2,  100.0,    2.7,   22.5,    2.3,   73.0,   53.0,   77.9,   77.8,   22.1,   22.2,    0.0,    0.0,    0.0,    0.0,    0.0,    0.0,    0.0,    0.0,    0.0,    0.0,     50,      5,      7,      7,     27,     33,     36,     43,     50,      5,      7,      7,     27,     33,     36,     43,      0,      0,      0,      0,      0,      0,      0,      0,    46.0,    39.1,    59.2,    52.8,    38.4,    32.5,    45.9,    43.8,    46.0,    39.1,    59.2,    52.8,    38.4,    32.5,    45.9,    43.8,     0.0,     0.0,     0.0,     0.0,     0.0,     0.0,     0.0,     0.0,"Megawatt Hours (MWh)","064FHL","NODX","064 "
"MISO.INDIANA.HUB_month_off_rtp - NODAL EXCHANGE",260106,2026-01-06,064FJZ,NODX,01,064 ,   33111,    1500,    7440,       0,   29407,   23417,   30907,   30857,    2204,    2254,   33111,    1500,    7440,       0,   29407,   23417,   30907,   30857,    2204,    2254,       0,       0,       0,       0,       0,       0,       0,       0,       0,       0,     190,     -50,      80,    -115,    -760,    -850,    -925,    -885,    1115,    1075,  100.0,    4.5,   22.5,    0.0,   88.8,   70.7,   93.3,   93.2,    6.7,    6.8,  100.0,    4.5,   22.5,    0.0,   88.8,   70.7,   93.3,   93.2,    6.7,    6.8,    0.0,    0.0,    0.0,    0.0,    0.0,    0.0,    0.0,    0.0,    0.0,    0.0,     21,      1,      1,      0,     17,     15,     18,     16,     21,      1,      1,      0,     17,     15,     18,     16,      0,      0,      0,      0,      0,      0,      0,      0,    56.6,    67.2,    76.8,    84.8,    43.3,    50.8,    54.8,    57.9,    56.6,    67.2,    76.8,    84.8,    43.3,    50.8,    54.8,    57.9,     0.0,     0.0,     0.0,     0.0,     0.0,     0.0,     0.0,     0.0,"Megawatt Hours (MWh)","064FJZ","NODX","064 "
"PJM.AEP-DAYTON HUB_mo_on_rtp - NODAL EXCHANGE",260106,2026-01-06,064FKA,NODX,01,064 ,   91881,   29065,    2450,     700,   49452,   76195,   79217,   79345,   12664,   12536,   91881,   29065,    2450,     700,   49452,   76195,   79217,   79345,   12664,   12536,       0,       0,       0,       0,       0,       0,       0,       0,       0,       0,     -56,    -807,    -165,    -263,   -1659,   -2301,   -2729,   -2729,    2673,    2673,  100.0,   31.6,    2.7,    0.8,   53.8,   82.9,   86.2,   86.4,   13.8,   13.6,  100.0,   31.6,    2.7,    0.8,   53.8,   82.9,   86.2,   86.4,   13.8,   13.6,    0.0,    0.0,    0.0,    0.0,    0.0,    0.0,    0.0,    0.0,    0.0,    0.0,     36,      6,      3,      3,     25,     22,     32,     27,     36,      6,      3,      3,     25,     22,     32,     27,      0,      0,      0,      0,      0,      0,      0,      0,    50.7,    55.7,    62.9,    71.1,    37.0,    39.9,    45.9,    50.7,    50.7,    55.7,    62.9,    71.1,    37.0,    39.9,    45.9,    50.7,     0.0,     0.0,     0.0,     0.0,     0.0,     0.0,     0.0,     0.0,"Megawatt Hours (MWh)","064FKA","NODX","064 "
"PJM.AEP-DAYTON HUB_mo_off_rtp - NODAL EXCHANGE",260106,2026-01-06,064FKB,NODX,01,064 ,   92451,   25110,    2150,    1465,   53179,   76079,   79754,   79694,   12697,   12757,   92451,   25110,    2150,    1465,   53179,   76079,   79754,   79694,   12697,   12757,       0,       0,       0,       0,       0,       0,       0,       0,       0,       0,     113,    -600,    -140,    -295,   -1588,   -2103,   -2483,   -2538,    2596,    2651,  100.0,   27.2,    2.3,    1.6,   57.5,   82.3,   86.3,   86.2,   13.7,   13.8,  100.0,   27.2,    2.3,    1.6,   57.5,   82.3,   86.3,   86.2,   13.7,   13.8,    0.0,    0.0,    0.0,    0.0,    0.0,    0.0,    0.0,    0.0,    0.0,    0.0,     35,      6,      3,      4,     24,     22,     31,     28,     35,      6,      3,      4,     24,     22,     31,     28,      0,      0,      0,      0,      0,      0,      0,      0,    50.8,    54.0,    68.0,    68.5,    39.1,    40.1,    45.5,    48.5,    50.8,    54.0,    68.0,    68.5,    39.1,    40.1,    45.5,    48.5,     0.0,     0.0,     0.0,     0.0,     0.0,     0.0,     0.0,     0.0,"Megawatt Hours (MWh)","064FKB","NODX","064 "
"PJM.N ILLINOIS HUB_mo_on_rtp - NODAL EXCHANGE",260106,2026-01-06,064FKC,NODX,01,064 ,   76215,    2010,     895,     780,   62930,   64062,   65720,   65737,   10495,   10478,   76215,    2010,     895,     780,   62930,   64062,   65720,   65737,   10495,   10478,       0,       0,       0,       0,       0,       0,       0,       0,       0,       0,     931,      25,    -325,     -60,   -1733,   -1476,   -1768,   -1861,    2699,    2792,  100.0,    2.6,    1.2,    1.0,   82.6,   84.1,   86.2,   86.3,   13.8,   13.7,  100.0,    2.6,    1.2,    1.0,   82.6,   84.1,   86.2,   86.3,   13.8,   13.7,    0.0,    0.0,    0.0,    0.0,    0.0,    0.0,    0.0,    0.0,    0.0,    0.0,     25,      2,      1,      1,     19,     19,     22,     20,     25,      2,      1,      1,     19,     19,     22,     20,      0,      0,      0,      0,      0,      0,      0,      0,    49.0,    50.3,    69.4,    68.0,    38.7,    36.5,    52.8,    48.0,    49.0,    50.3,    69.4,    68.0,    38.7,    36.5,    52.8,    48.0,     0.0,     0.0,     0.0,     0.0,     0.0,     0.0,     0.0,     0.0,"Megawatt Hours (MWh)","064FKC","NODX","064 "
"PJM.N ILLINOIS HUB_mo_off_rtp - NODAL EXCHANGE",260106,2026-01-06,064FKD,NODX,01,064 ,   71570,    3550,     770,     980,   57277,   60194,   61807,   61944,    9763,    9626,   71570,    3550,     770,     980,   57277,   60194,   61807,   61944,    9763,    9626,       0,       0,       0,       0,       0,       0,       0,       0,       0,       0,     488,     -55,    -325,     -30,   -1379,   -1272,   -1464,   -1627,    1952,    2115,  100.0,    5.0,    1.1,    1.4,   80.0,   84.1,   86.4,   86.6,   13.6,   13.4,  100.0,    5.0,    1.1,    1.4,   80.0,   84.1,   86.4,   86.6,   13.6,   13.4,    0.0,    0.0,    0.0,    0.0,    0.0,    0.0,    0.0,    0.0,    0.0,    0.0,     25,      2,      1,      2,     19,     18,     22,     20,     25,      2,      1,      2,     19,     18,     22,     20,      0,      0,      0,      0,      0,      0,      0,      0,    43.9,    55.0,    64.3,    71.1,    36.3,    42.2,    50.2,    51.5,    43.9,    55.0,    64.3,    71.1,    36.3,    42.2,    50.2,    51.5,     0.0,     0.0,     0.0,     0.0,     0.0,     0.0,     0.0,     0.0,"Megawatt Hours (MWh)","064FKD","NODX","064 "
"PJM.WESTERN HUB_month_on_rtp - NODAL EXCHANGE",260106,2026-01-06,064FKE,NODX,01,064 ,  248049,   25059,   30701,    2369,  184239,  178487,  211667,  211557,   36382,   36492,  248049,   25059,   30701,    2369,  184239,  178487,  211667,  211557,   36382,   36492,       0,       0,       0,       0,       0,       0,       0,       0,       0,       0,    6803,    -198,     935,    -582,   -1240,   -2363,   -2020,   -2010,    8823,    8813,  100.0,   10.1,   12.4,    1.0,   74.3,   72.0,   85.3,   85.3,   14.7,   14.7,  100.0,   10.1,   12.4,    1.0,   74.3,   72.0,   85.3,   85.3,   14.7,   14.7,    0.0,    0.0,    0.0,    0.0,    0.0,    0.0,    0.0,    0.0,    0.0,    0.0,     48,      8,      4,      3,     28,     34,     37,     40,     48,      8,      4,      3,     28,     34,     37,     40,      0,      0,      0,      0,      0,      0,      0,      0,    39.0,    38.3,    55.3,    56.8,    34.4,    34.0,    46.8,    45.7,    39.0,    38.3,    55.3,    56.8,    34.4,    34.0,    46.8,    45.7,     0.0,     0.0,     0.0,     0.0,     0.0,     0.0,     0.0,     0.0,"Megawatt Hours (MWh)","064FKE","NODX","064 "
"PJM.WESTERN HUB_month_off_rtp - NODAL EXCHANGE",260106,2026-01-06,064FKF,NODX,01,064 ,  212213,   29460,   25757,    2437,  146092,  149865,  177989,  178059,   34224,   34154,  212213,   29460,   25757,    2437,  146092,  149865,  177989,  178059,   34224,   34154,       0,       0,       0,       0,       0,       0,       0,       0,       0,       0,    3467,    -446,     228,     -91,   -3433,   -4099,   -3970,   -3962,    7437,    7429,  100.0,   13.9,   12.1,    1.1,   68.8,   70.6,   83.9,   83.9,   16.1,   16.1,  100.0,   13.9,   12.1,    1.1,   68.8,   70.6,   83.9,   83.9,   16.1,   16.1,    0.0,    0.0,    0.0,    0.0,    0.0,    0.0,    0.0,    0.0,    0.0,    0.0,     47,      6,      5,      5,     29,     31,     39,     37,     47,      6,      5,      5,     29,     31,     39,     37,      0,      0,      0,      0,      0,      0,      0,      0,    40.8,    41.5,    58.7,    58.7,    39.4,    37.8,    51.9,    48.9,    40.8,    41.5,    58.7,    58.7,    39.4,    37.8,    51.9,    48.9,     0.0,     0.0,     0.0,     0.0,     0.0,     0.0,     0.0,     0.0,"Megawatt Hours (MWh)","064FKF","NODX","064 "
"ERCOT.HB_NORTH_month_on_rtp - NODAL EXCHANGE",260106,2026-01-06,064FOK,NODX,01,064 ,   82384,    2000,    2475,      50,   65098,   64623,   67148,   67148,   15236,   15236,   82384,    2000,    2475,      50,   65098,   64623,   67148,   67148,   15236,   15236,       0,       0,       0,       0,       0,       0,       0,       0,       0,       0,     -50,     -25,    -725,     -25,   -3480,   -2785,   -3530,   -3535,    3480,    3485,  100.0,    2.4,    3.0,    0.1,   79.0,   78.4,   81.5,   81.5,   18.5,   18.5,  100.0,    2.4,    3.0,    0.1,   79.0,   78.4,   81.5,   81.5,   18.5,   18.5,    0.0,    0.0,    0.0,    0.0,    0.0,    0.0,    0.0,    0.0,    0.0,    0.0,     25,      1,      2,      1,     18,     20,     19,     23,     25,      1,      2,      1,     18,     20,     19,     23,      0,      0,      0,      0,      0,      0,      0,      0,    62.6,    43.1,    74.8,    63.5,    55.8,    40.6,    62.4,    55.6,    62.6,    43.1,    74.8,    63.5,    55.8,    40.6,    62.4,    55.6,     0.0,     0.0,     0.0,     0.0,     0.0,     0.0,     0.0,     0.0,"Megawatt Hours (MWh)","064FOK","NODX","064 "
"ERCOT.HB_NORTH_month_off_rtp - NODAL EXCHANGE",260106,2026-01-06,064FOL,NODX,01,064 ,   81393,       0,    2400,       0,   70269,   67689,   70269,   70089,   11124,   11304,   81393,       0,    2400,       0,   70269,   67689,   70269,   70089,   11124,   11304,       0,       0,       0,       0,       0,       0,       0,       0,       0,       0,       0,     -25,       0,       0,   -2940,   -2970,   -2965,   -2970,    2965,    2970,  100.0,    0.0,    2.9,    0.0,   86.3,   83.2,   86.3,   86.1,   13.7,   13.9,  100.0,    0.0,    2.9,    0.0,   86.3,   83.2,   86.3,   86.1,   13.7,   13.9,    0.0,    0.0,    0.0,    0.0,    0.0,    0.0,    0.0,    0.0,    0.0,    0.0,     21,      0,      1,      0,     15,     18,     15,     19,     21,      0,      1,      0,     15,     18,     15,     19,      0,      0,      0,      0,      0,      0,      0,      0,    72.1,    48.0,    82.2,    67.5,    64.0,    45.7,    67.9,    61.3,    72.1,    48.0,    82.2,    67.5,    64.0,    45.7,    67.9,    61.3,     0.0,     0.0,     0.0,     0.0,     0.0,     0.0,     0.0,     0.0,"Megawatt Hours (MWh)","064FOL","NODX","064 "
"ERCOT.HB_NORTH_month_7x8_rtp - NODAL EXCHANGE",260106,2026-01-06,064GBD,NODX,01,064 ,   31375,    8775,       0,       0,   18840,   27795,   27615,   27795,    3760,    3580,   31375,    8775,       0,       0,   18840,   27795,   27615,   27795,    3760,    3580,       0,       0,       0,       0,       0,       0,       0,       0,       0,       0,       0,    -175,       0,       0,   -1625,   -1800,   -1800,   -1800,    1800,    1800,  100.0,   28.0,    0.0,    0.0,   60.0,   88.6,   88.0,   88.6,   12.0,   11.4,  100.0,   28.0,    0.0,    0.0,   60.0,   88.6,   88.0,   88.6,   12.0,   11.4,    0.0,    0.0,    0.0,    0.0,    0.0,    0.0,    0.0,    0.0,    0.0,    0.0,     20,      2,      0,      0,     14,     13,     16,     13,     20,      2,      0,      0,     14,     13,     16,     13,      0,      0,      0,      0,      0,      0,      0,      0,    54.1,    66.7,    72.3,    84.0,    38.2,    53.8,    52.3,    58.6,    54.1,    66.7,    72.3,    84.0,    38.2,    53.8,    52.3,    58.6,     0.0,     0.0,     0.0,     0.0,     0.0,     0.0,     0.0,     0.0,"Megawatt Hours (MWh)","064GBD","NODX","064 "
"ERCOT North 345KV Hub RT 7x16 - ICE FUTURES ENERGY DIV",260106,2026-01-06,064IBM,IFED,01,064 ,   17565,     665,    2520,     510,   16350,   14385,   17525,   17415,      40,     150,   17565,     665,    2520,     510,   16350,   14385,   17525,   17415,      40,     150,       0,       0,       0,       0,       0,       0,       0,       0,       0,       0,       0,      50,    -550,     -50,       0,     600,       0,       0,       0,       0,  100.0,    3.8,   14.3,    2.9,   93.1,   81.9,   99.8,   99.1,    0.2,    0.9,  100.0,    3.8,   14.3,    2.9,   93.1,   81.9,   99.8,   99.1,    0.2,    0.9,    0.0,    0.0,    0.0,    0.0,    0.0,    0.0,    0.0,    0.0,    0.0,    0.0,     26,      3,      3,      4,     20,     18,     25,     23,     26,      3,      3,      4,     20,     18,     25,     23,      0,      0,      0,      0,      0,      0,      0,      0,    51.2,    50.5,    79.5,    73.4,    34.4,    25.8,    46.1,    39.0,    51.2,    50.5,    79.5,    73.4,    34.4,    25.8,    46.1,    39.0,     0.0,     0.0,     0.0,     0.0,     0.0,     0.0,     0.0,     0.0,"(1MW for about 352 Hours)","064IBM","IFED","064 "
"PROPANE ARGUS CIF ARA MINI - ICE FUTURES ENERGY DIV",260106,2026-01-06,066391,IFED,01,066 ,    5788,       0,    2591,      69,    4642,    2529,    4711,    5189,    1077,     599,    5788,       0,    2591,      69,    4642,    2529,    4711,    5189,    1077,     599,       0,       0,       0,       0,       0,       0,       0,       0,       0,       0,    -793,    -321,    -112,     -48,    -588,    -558,    -957,    -718,     164,     -75,  100.0,    0.0,   44.8,    1.2,   80.2,   43.7,   81.4,   89.7,   18.6,   10.3,  100.0,    0.0,   44.8,    1.2,   80.2,   43.7,   81.4,   89.7,   18.6,   10.3,    0.0,    0.0,    0.0,    0.0,    0.0,    0.0,    0.0,    0.0,    0.0,    0.0,     29,      0,      6,      1,     19,     11,     20,     17,     29,      0,      6,      1,     19,     11,     20,     17,      0,      0,      0,      0,      0,      0,      0,      0,    38.0,    62.5,    58.8,    77.5,    38.0,    61.3,    57.4,    72.1,    38.0,    62.5,    58.8,    77.5,    38.0,    61.3,    57.4,    72.1,     0.0,     0.0,     0.0,     0.0,     0.0,     0.0,     0.0,     0.0,"100 metric tonnes","066391","IFED","066 "
"PROPANE ARGUS FAR EAST MINI - ICE FUTURES ENERGY DIV",260106,2026-01-06,066393,IFED,01,066 ,    5648,    1686,    1341,     125,    2858,    3680,    4669,    5146,     979,     502,    5648,    1686,    1341,     125,    2858,    3680,    4669,    5146,     979,     502,       0,       0,       0,       0,       0,       0,       0,       0,       0,       0,   -1247,    -139,     543,    -558,    -603,   -1076,   -1300,   -1091,      53,    -156,  100.0,   29.9,   23.7,    2.2,   50.6,   65.2,   82.7,   91.1,   17.3,    8.9,  100.0,   29.9,   23.7,    2.2,   50.6,   65.2,   82.7,   91.1,   17.3,    8.9,    0.0,    0.0,    0.0,    0.0,    0.0,    0.0,    0.0,    0.0,    0.0,    0.0,     52,      9,      6,      4,     27,     29,     38,     37,     52,      9,      6,      4,     27,     29,     38,     37,      0,      0,      0,      0,      0,      0,      0,      0,    34.5,    46.9,    52.8,    64.8,    34.3,    46.1,    52.0,    63.8,    34.5,    46.9,    52.8,    64.8,    34.3,    46.1,    52.0,    63.8,     0.0,     0.0,     0.0,     0.0,     0.0,     0.0,     0.0,     0.0,"100  metric tonnes","066393","IFED","066 "
"ARGUS CIF ARA Lg Finl Propane - ICE FUTURES ENERGY DIV",260106,2026-01-06,066411,IFED,01,066 ,    3620,     444,     162,     718,    1833,    2273,    2995,    3153,     625,     467,    3620,     444,     162,     718,    1833,    2273,    2995,    3153,     625,     467,       0,       0,       0,       0,       0,       0,       0,       0,       0,       0,    -489,    -231,      38,     -15,    -228,    -507,    -474,    -484,     -15,      -5,  100.0,   12.3,    4.5,   19.8,   50.6,   62.8,   82.7,   87.1,   17.3,   12.9,  100.0,   12.3,    4.5,   19.8,   50.6,   62.8,   82.7,   87.1,   17.3,   12.9,    0.0,    0.0,    0.0,    0.0,    0.0,    0.0,    0.0,    0.0,    0.0,    0.0,     22,      3,      2,      5,     12,     16,     17,     21,     22,      3,      2,      5,     12,     16,     17,     21,      0,      0,      0,      0,      0,      0,      0,      0,    42.3,    47.2,    65.9,    64.3,    24.6,    29.5,    32.2,    36.6,    42.3,    47.2,    65.9,    64.3,    24.6,    29.5,    32.2,    36.6,     0.0,     0.0,     0.0,     0.0,     0.0,     0.0,     0.0,     0.0,"1000 metric tonnes","066411","IFED","066 "
"ARGUS FAR EAST PROPANE - ICE FUTURES ENERGY DIV",260106,2026-01-06,066413,IFED,01,066 ,   12716,     233,    1322,    2502,    8888,    7875,   11623,   11699,    1093,    1017,   12716,     233,    1322,    2502,    8888,    7875,   11623,   11699,    1093,    1017,       0,       0,       0,       0,       0,       0,       0,       0,       0,       0,   -1900,       5,    -561,    -164,   -1667,    -911,   -1826,   -1636,     -74,    -264,  100.0,    1.8,   10.4,   19.7,   69.9,   61.9,   91.4,   92.0,    8.6,    8.0,  100.0,    1.8,   10.4,   19.7,   69.9,   61.9,   91.4,   92.0,    8.6,    8.0,    0.0,    0.0,    0.0,    0.0,    0.0,    0.0,    0.0,    0.0,    0.0,    0.0,     58,      5,      7,     12,     45,     43,     57,     55,     58,      5,      7,     12,     45,     43,     57,     55,      0,      0,      0,      0,      0,      0,      0,      0,    40.1,    27.2,    54.2,    41.4,    36.1,    19.1,    42.3,    28.1,    40.1,    27.2,    54.2,    41.4,    36.1,    19.1,    42.3,    28.1,     0.0,     0.0,     0.0,     0.0,     0.0,     0.0,     0.0,     0.0,"1000  metric tonnes","066413","IFED","066 "
"ETHANE, MT. BELV-ENTERPRISE - ICE FUTURES ENERGY DIV",260106,2026-01-06,066416,IFED,01,066 ,   76426,    7018,   10649,    6661,   62508,   58933,   76187,   76243,     239,     183,   76426,    7018,   10649,    6661,   62508,   58933,   76187,   76243,     239,     183,       0,       0,       0,       0,       0,       0,       0,       0,       0,       0,   -8748,    -353,     790,   -1881,   -6691,   -7739,   -8925,   -8830,     177,      82,  100.0,    9.2,   13.9,    8.7,   81.8,   77.1,   99.7,   99.8,    0.3,    0.2,  100.0,    9.2,   13.9,    8.7,   81.8,   77.1,   99.7,   99.8,    0.3,    0.2,    0.0,    0.0,    0.0,    0.0,    0.0,    0.0,    0.0,    0.0,    0.0,    0.0,     59,      8,      6,      8,     40,     38,     51,     49,     59,      8,      6,      8,     40,     38,     51,     49,      0,      0,      0,      0,      0,      0,      0,      0,    36.4,    39.7,    57.3,    58.6,    22.2,    26.7,    33.4,    40.8,    36.4,    39.7,    57.3,    58.6,    22.2,    26.7,    33.4,    40.8,     0.0,     0.0,     0.0,     0.0,     0.0,     0.0,     0.0,     0.0,"42000 gallons(1000 barrels)","066416","IFED","066 "
"ISOBUTANE OPIS MT BELV NONTET - ICE FUTURES ENERGY DIV",260106,2026-01-06,066418,IFED,01,066 ,    6414,     136,    1094,       9,    5330,    4374,    5475,    5477,     939,     937,    6414,     136,    1094,       9,    5330,    4374,    5475,    5477,     939,     937,       0,       0,       0,       0,       0,       0,       0,       0,       0,       0,    -147,     -32,     -20,       0,    -347,     -51,    -379,     -71,     232,     -76,  100.0,    2.1,   17.1,    0.1,   83.1,   68.2,   85.4,   85.4,   14.6,   14.6,  100.0,    2.1,   17.1,    0.1,   83.1,   68.2,   85.4,   85.4,   14.6,   14.6,    0.0,    0.0,    0.0,    0.0,    0.0,    0.0,    0.0,    0.0,    0.0,    0.0,     20,      1,      1,      1,      9,     11,     11,     12,     20,      1,      1,      1,      9,     11,     11,     12,      0,      0,      0,      0,      0,      0,      0,      0,    61.9,    55.4,    82.3,    78.7,    61.9,    49.9,    77.8,    71.9,    61.9,    55.4,    82.3,    78.7,    61.9,    49.9,    77.8,    71.9,     0.0,     0.0,     0.0,     0.0,     0.0,     0.0,     0.0,     0.0,"42000 gallons(1000 barrels)","066418","IFED","066 "
"NAT GASLNE OPIS MT B NONTET FP - ICE FUTURES ENERGY DIV",260106,2026-01-06,06641A,IFED,01,066 ,   17025,     368,     927,    2322,   14335,   12975,   17025,   16224,       0,     801,   17025,     368,     927,    2322,   14335,   12975,   17025,   16224,       0,     801,       0,       0,       0,       0,       0,       0,       0,       0,       0,       0,   -2601,      14,     -95,    -658,   -1926,   -1789,   -2570,   -2542,     -31,     -59,  100.0,    2.2,    5.4,   13.6,   84.2,   76.2,  100.0,   95.3,    0.0,    4.7,  100.0,    2.2,    5.4,   13.6,   84.2,   76.2,  100.0,   95.3,    0.0,    4.7,    0.0,    0.0,    0.0,    0.0,    0.0,    0.0,    0.0,    0.0,    0.0,    0.0,     33,      3,      3,      5,     20,     22,     25,     28,     33,      3,      3,      5,     20,     22,     25,     28,      0,      0,      0,      0,      0,      0,      0,      0,    58.8,    46.0,    83.3,    73.9,    27.2,    24.2,    34.7,    30.0,    58.8,    46.0,    83.3,    73.9,    27.2,    24.2,    34.7,    30.0,     0.0,     0.0,     0.0,     0.0,     0.0,     0.0,     0.0,     0.0,"42000 gallons(1000 barrels)","06641A","IFED","066 "
"BUTANE OPIS MT BELV NONTET FP - ICE FUTURES ENERGY DIV",260106,2026-01-06,06641D,IFED,01,066 ,   53680,    6438,    7937,    5420,   41312,   39796,   53170,   53153,     510,     527,   53680,    6438,    7937,    5420,   41312,   39796,   53170,   53153,     510,     527,       0,       0,       0,       0,       0,       0,       0,       0,       0,       0,  -11283,   -1231,     256,   -1361,   -9019,  -10519,  -11611,  -11624,     328,     341,  100.0,   12.0,   14.8,   10.1,   77.0,   74.1,   99.0,   99.0,    0.9,    1.0,  100.0,   12.0,   14.8,   10.1,   77.0,   74.1,   99.0,   99.0,    0.9,    1.0,    0.0,    0.0,    0.0,    0.0,    0.0,    0.0,    0.0,    0.0,    0.0,    0.0,     94,     10,     12,     16,     62,     59,     82,     77,     94,     10,     12,     16,     62,     59,     82,     77,      0,      0,      0,      0,      0,      0,      0,      0,    24.2,    34.7,    39.3,    48.4,    16.2,    21.2,    25.8,    29.5,    24.2,    34.7,    39.3,    48.4,    16.2,    21.2,    25.8,    29.5,     0.0,     0.0,     0.0,     0.0,     0.0,     0.0,     0.0,     0.0,"42000 gallons(1000 barrels)","06641D","IFED","066 "
"PROPANE OPIS CONWAY INWELL FP - ICE FUTURES ENERGY DIV",260106,2026-01-06,06641E,IFED,01,066 ,   12796,    2070,     211,    1014,    9330,   11424,   12414,   12649,     382,     147,   12796,    2070,     211,    1014,    9330,   11424,   12414,   12649,     382,     147,       0,       0,       0,       0,       0,       0,       0,       0,       0,       0,   -1860,    -159,      -2,    -171,   -1636,   -1717,   -1966,   -1890,     106,      30,  100.0,   16.2,    1.6,    7.9,   72.9,   89.3,   97.0,   98.9,    3.0,    1.1,  100.0,   16.2,    1.6,    7.9,   72.9,   89.3,   97.0,   98.9,    3.0,    1.1,    0.0,    0.0,    0.0,    0.0,    0.0,    0.0,    0.0,    0.0,    0.0,    0.0,     36,      4,      3,      6,     21,     24,     28,     30,     36,      4,      3,      6,     21,     24,     28,     30,      0,      0,      0,      0,      0,      0,      0,      0,    68.4,    66.9,    81.1,    79.9,    56.5,    58.4,    61.4,    62.5,    68.4,    66.9,    81.1,    79.9,    56.5,    58.4,    61.4,    62.5,     0.0,     0.0,     0.0,     0.0,     0.0,     0.0,     0.0,     0.0,"42000 gallons(1000 barrels)","06641E","IFED","066 "
"PROPANE OPIS MT BELV NONTET FP - ICE FUTURES ENERGY DIV",260106,2026-01-06,06641F,IFED,01,066 ,   85152,   22446,    5634,    2632,   60001,   76203,   85079,   84469,      73,     683,   85152,   22446,    5634,    2632,   60001,   76203,   85079,   84469,      73,     683,       0,       0,       0,       0,       0,       0,       0,       0,       0,       0,  -11129,    3138,    -377,   -2200,  -12036,   -9155,  -11098,  -11732,     -31,     603,  100.0,   26.4,    6.6,    3.1,   70.5,   89.5,   99.9,   99.2,    0.1,    0.8,  100.0,   26.4,    6.6,    3.1,   70.5,   89.5,   99.9,   99.2,    0.1,    0.8,    0.0,    0.0,    0.0,    0.0,    0.0,    0.0,    0.0,    0.0,    0.0,    0.0,     72,      5,      9,      7,     41,     42,     51,     53,     72,      5,      9,      7,     41,     42,     51,     53,      0,      0,      0,      0,      0,      0,      0,      0,    61.2,    43.5,    77.2,    64.2,    59.8,    39.6,    74.1,    59.6,    61.2,    43.5,    77.2,    64.2,    59.8,    39.6,    74.1,    59.6,     0.0,     0.0,     0.0,     0.0,     0.0,     0.0,     0.0,     0.0,"42000 gallons(1000 barrels)","06641F","IFED","066 "
"PROPANE OPIS MT BELVIEU TET FP - ICE FUTURES ENERGY DIV",260106,2026-01-06,06641G,IFED,01,066 ,  176068,   19527,   32856,   31787,  124181,  110906,  175495,  175549,     573,     519,  176068,   19527,   32856,   31787,  124181,  110906,  175495,  175549,     573,     519,       0,       0,       0,       0,       0,       0,       0,       0,       0,       0,  -18453,   -4939,     625,   -3244,  -10509,  -15825,  -18692,  -18444,     239,      -9,  100.0,   11.1,   18.7,   18.1,   70.5,   63.0,   99.7,   99.7,    0.3,    0.3,  100.0,   11.1,   18.7,   18.1,   70.5,   63.0,   99.7,   99.7,    0.3,    0.3,    0.0,    0.0,    0.0,    0.0,    0.0,    0.0,    0.0,    0.0,    0.0,    0.0,    133,     14,     17,     23,     87,     83,    114,    111,    133,     14,     17,     23,     87,     83,    114,    111,      0,      0,      0,      0,      0,      0,      0,      0,    26.7,    32.9,    45.1,    44.6,    21.0,    23.3,    30.9,    31.3,    26.7,    32.9,    45.1,    44.6,    21.0,    23.3,    30.9,    31.3,     0.0,     0.0,     0.0,     0.0,     0.0,     0.0,     0.0,     0.0,"42000 gallons(1000 barrels)","06641G","IFED","066 "
"PROPANE ARGUS SAUDI CP FP - ICE FUTURES ENERGY DIV",260106,2026-01-06,06641H,IFED,01,066 ,    4762,    1007,     199,     444,    2464,    3297,    3915,    3940,     847,     822,    4762,    1007,     199,     444,    2464,    3297,    3915,    3940,     847,     822,       0,       0,       0,       0,       0,       0,       0,       0,       0,       0,   -1042,    -316,     -51,      25,    -596,   -1286,    -887,   -1312,    -155,     270,  100.0,   21.1,    4.2,    9.3,   51.7,   69.2,   82.2,   82.7,   17.8,   17.3,  100.0,   21.1,    4.2,    9.3,   51.7,   69.2,   82.2,   82.7,   17.8,   17.3,    0.0,    0.0,    0.0,    0.0,    0.0,    0.0,    0.0,    0.0,    0.0,    0.0,     38,      6,      5,      7,     23,     23,     34,     30,     38,      6,      5,      7,     23,     23,     34,     30,      0,      0,      0,      0,      0,      0,      0,      0,    36.9,    41.4,    49.2,    57.4,    34.0,    37.0,    43.6,    47.4,    36.9,    41.4,    49.2,    57.4,    34.0,    37.0,    43.6,    47.4,     0.0,     0.0,     0.0,     0.0,     0.0,     0.0,     0.0,     0.0,"1000 Metric  Tonnes","06641H","IFED","066 "
"ARGUS PROPANE FAR EAST INDEX - NEW YORK MERCANTILE EXCHANGE",260106,2026-01-06,06665B,NYME,01,066 ,    5040,     899,      19,     627,    2518,    3530,    4044,    4176,     996,     864,    5040,     899,      19,     627,    2518,    3530,    4044,    4176,     996,     864,       0,       0,       0,       0,       0,       0,       0,       0,       0,       0,    -801,     -97,      19,     -49,    -672,    -846,    -818,    -876,      17,      75,  100.0,   17.8,    0.4,   12.4,   50.0,   70.0,   80.2,   82.9,   19.8,   17.1,  100.0,   17.8,    0.4,   12.4,   50.0,   70.0,   80.2,   82.9,   19.8,   17.1,    0.0,    0.0,    0.0,    0.0,    0.0,    0.0,    0.0,    0.0,    0.0,    0.0,     23,      3,      1,      4,     18,     18,     22,     22,     23,      3,      1,      4,     18,     18,     22,     22,      0,      0,      0,      0,      0,      0,      0,      0,    44.0,    47.7,    59.7,    63.4,    35.1,    40.1,    39.9,    43.6,    44.0,    47.7,    59.7,    63.4,    35.1,    40.1,    39.9,    43.6,     0.0,     0.0,     0.0,     0.0,     0.0,     0.0,     0.0,     0.0,"(CONTRACTS OF 1,000 METRIC TONS)","06665B","NYME","066 "
"PROPANE NON-LDH MT BEL - NEW YORK MERCANTILE EXCHANGE",260106,2026-01-06,06665G,NYME,01,066 ,   26341,    2208,     546,     416,   23609,   24865,   26233,   25827,     108,     514,   26341,    2208,     546,     416,   23609,   24865,   26233,   25827,     108,     514,       0,       0,       0,       0,       0,       0,       0,       0,       0,       0,   -4788,     -56,    -410,     -31,   -4701,   -4632,   -4788,   -5073,       0,     285,  100.0,    8.4,    2.1,    1.6,   89.6,   94.4,   99.6,   98.0,    0.4,    2.0,  100.0,    8.4,    2.1,    1.6,   89.6,   94.4,   99.6,   98.0,    0.4,    2.0,    0.0,    0.0,    0.0,    0.0,    0.0,    0.0,    0.0,    0.0,    0.0,    0.0,     58,      5,      2,      2,     34,     36,     40,     39,     58,      5,      2,      2,     34,     36,     40,     39,      0,      0,      0,      0,      0,      0,      0,      0,    34.7,    45.8,    58.3,    61.5,    27.8,    34.2,    47.8,    49.3,    34.7,    45.8,    58.3,    61.5,    27.8,    34.2,    47.8,    49.3,     0.0,     0.0,     0.0,     0.0,     0.0,     0.0,     0.0,     0.0,"(CONTRACTS OF 42,000 GALLONS)","06665G","NYME","066 "
"PROPANE - NEW YORK MERCANTILE EXCHANGE",260106,2026-01-06,06665O,NYME,01,066 ,  124830,    7091,   20422,   15955,  101132,   88152,  124178,  124529,     652,     301,  124830,    7091,   20422,   15955,  101132,   88152,  124178,  124529,     652,     301,       0,       0,       0,       0,       0,       0,       0,       0,       0,       0,  -13914,     293,   -2637,    -931,  -13348,  -10369,  -13986,  -13937,      72,      23,  100.0,    5.7,   16.4,   12.8,   81.0,   70.6,   99.5,   99.8,    0.5,    0.2,  100.0,    5.7,   16.4,   12.8,   81.0,   70.6,   99.5,   99.8,    0.5,    0.2,    0.0,    0.0,    0.0,    0.0,    0.0,    0.0,    0.0,    0.0,    0.0,    0.0,    145,     14,     27,     19,     93,     82,    118,    118,    145,     14,     27,     19,     93,     82,    118,    118,      0,      0,      0,      0,      0,      0,      0,      0,    33.9,    21.2,    48.0,    37.2,    26.6,    17.5,    36.3,    26.8,    33.9,    21.2,    48.0,    37.2,    26.6,    17.5,    36.3,    26.8,     0.0,     0.0,     0.0,     0.0,     0.0,     0.0,     0.0,     0.0,"(CONTRACTS OF 42,000 GALLONS)","06665O","NYME","066 "
"MT BELVIEU ETHANE OPIS - NEW YORK MERCANTILE EXCHANGE",260106,2026-01-06,06665P,NYME,01,066 ,   49419,    9158,    1445,    1454,   38590,   45318,   49202,   48217,     217,    1202,   49419,    9158,    1445,    1454,   38590,   45318,   49202,   48217,     217,    1202,       0,       0,       0,       0,       0,       0,       0,       0,       0,       0,   -4010,    -448,    -388,    -235,   -3336,   -3337,   -4019,   -3960,       9,     -50,  100.0,   18.5,    2.9,    2.9,   78.1,   91.7,   99.6,   97.6,    0.4,    2.4,  100.0,   18.5,    2.9,    2.9,   78.1,   91.7,   99.6,   97.6,    0.4,    2.4,    0.0,    0.0,    0.0,    0.0,    0.0,    0.0,    0.0,    0.0,    0.0,    0.0,     55,      9,      8,      7,     29,     35,     42,     46,     55,      9,      8,      7,     29,     35,     42,     46,      0,      0,      0,      0,      0,      0,      0,      0,    66.5,    37.4,    77.0,    62.8,    58.3,    29.1,    63.5,    44.8,    66.5,    37.4,    77.0,    62.8,    58.3,    29.1,    63.5,    44.8,     0.0,     0.0,     0.0,     0.0,     0.0,     0.0,     0.0,     0.0,"(CONTRACTS OF 42,000 GALLONS)","06665P","NYME","066 "
"MT BELV NORM BUTANE OPIS - NEW YORK MERCANTILE EXCHANGE",260106,2026-01-06,06665Q,NYME,01,066 ,   45504,    4409,    4784,    2935,   37159,   36686,   44503,   44405,    1001,    1099,   45504,    4409,    4784,    2935,   37159,   36686,   44503,   44405,    1001,    1099,       0,       0,       0,       0,       0,       0,       0,       0,       0,       0,  -10341,    -386,     -24,    -472,   -9396,   -9718,  -10254,  -10214,     -87,    -127,  100.0,    9.7,   10.5,    6.4,   81.7,   80.6,   97.8,   97.6,    2.2,    2.4,  100.0,    9.7,   10.5,    6.4,   81.7,   80.6,   97.8,   97.6,    2.2,    2.4,    0.0,    0.0,    0.0,    0.0,    0.0,    0.0,    0.0,    0.0,    0.0,    0.0,    114,     13,     17,     15,     69,     66,     89,     93,    114,     13,     17,     15,     69,     66,     89,     93,      0,      0,      0,      0,      0,      0,      0,      0,    25.3,    20.6,    45.0,    35.9,    19.5,    15.9,    31.2,    23.4,    25.3,    20.6,    45.0,    35.9,    19.5,    15.9,    31.2,    23.4,     0.0,     0.0,     0.0,     0.0,     0.0,     0.0,     0.0,     0.0,"(CONTRACTS OF 42,000 GALLONS)","06665Q","NYME","066 "
"MT BELV NAT GASOLINE OPIS - NEW YORK MERCANTILE EXCHANGE",260106,2026-01-06,06665R,NYME,01,066 ,   40080,     520,    1283,     190,   39277,   37570,   39987,   39043,      93,    1037,   40080,     520,    1283,     190,   39277,   37570,   39987,   39043,      93,    1037,       0,       0,       0,       0,       0,       0,       0,       0,       0,       0,   -4304,    -170,     -52,      -6,   -4082,   -4713,   -4258,   -4771,     -46,     467,  100.0,    1.3,    3.2,    0.5,   98.0,   93.7,   99.8,   97.4,    0.2,    2.6,  100.0,    1.3,    3.2,    0.5,   98.0,   93.7,   99.8,   97.4,    0.2,    2.6,    0.0,    0.0,    0.0,    0.0,    0.0,    0.0,    0.0,    0.0,    0.0,    0.0,     44,      2,      5,      2,     23,     28,     27,     33,     44,      2,      5,      2,     23,     28,     27,     33,      0,      0,      0,      0,      0,      0,      0,      0,    83.3,    43.3,    92.5,    67.2,    80.4,    42.6,    87.4,    64.4,    83.3,    43.3,    92.5,    67.2,    80.4,    42.6,    87.4,    64.4,     0.0,     0.0,     0.0,     0.0,     0.0,     0.0,     0.0,     0.0,"(CONTRACTS OF 42,000 GALLONS)","06665R","NYME","066 "
"CONWAY PROPANE (OPIS) - NEW YORK MERCANTILE EXCHANGE",260106,2026-01-06,06665T,NYME,01,066 ,   23637,     715,     467,     928,   21591,   22111,   23234,   23506,     403,     131,   23637,     715,     467,     928,   21591,   22111,   23234,   23506,     403,     131,       0,       0,       0,       0,       0,       0,       0,       0,       0,       0,   -4380,     365,      56,    -271,   -4460,   -4108,   -4366,   -4323,     -14,     -57,  100.0,    3.0,    2.0,    3.9,   91.3,   93.5,   98.3,   99.4,    1.7,    0.6,  100.0,    3.0,    2.0,    3.9,   91.3,   93.5,   98.3,   99.4,    1.7,    0.6,    0.0,    0.0,    0.0,    0.0,    0.0,    0.0,    0.0,    0.0,    0.0,    0.0,     61,      4,      6,      6,     43,     33,     50,     42,     61,      4,      6,      6,     43,     33,     50,     42,      0,      0,      0,      0,      0,      0,      0,      0,    53.0,    56.1,    66.1,    73.4,    52.3,    55.2,    64.0,    69.3,    53.0,    56.1,    66.1,    73.4,    52.3,    55.2,    64.0,    69.3,     0.0,     0.0,     0.0,     0.0,     0.0,     0.0,     0.0,     0.0,"(CONTRACTS OF 42,000 GALLONS)","06665T","NYME","066 "
"CRUDE DIFF-WCS HOUSTON/WTI 1ST - ICE FUTURES ENERGY DIV",260106,2026-01-06,06739C,IFED,01,067 ,   65145,    7925,    1325,    2775,   54400,   61045,   65100,   65145,      45,       0,   65145,    7925,    1325,    2775,   54400,   61045,   65100,   65145,      45,       0,       0,       0,       0,       0,       0,       0,       0,       0,       0,       0,    4435,    -645,     170,     930,    4105,    3335,    4390,    4435,      45,       0,  100.0,   12.2,    2.0,    4.3,   83.5,   93.7,   99.9,  100.0,    0.1,    0.0,  100.0,   12.2,    2.0,    4.3,   83.5,   93.7,   99.9,  100.0,    0.1,    0.0,    0.0,    0.0,    0.0,    0.0,    0.0,    0.0,    0.0,    0.0,    0.0,    0.0,     44,      3,      3,      3,     31,     25,     36,     30,     44,      3,      3,      3,     31,     25,     36,     30,      0,      0,      0,      0,      0,      0,      0,      0,    61.8,    67.4,    74.9,    83.0,    47.9,    65.0,    58.9,    70.4,    61.8,    67.4,    74.9,    83.0,    47.9,    65.0,    58.9,    70.4,     0.0,     0.0,     0.0,     0.0,     0.0,     0.0,     0.0,     0.0,"(1000 Barrels)","06739C","IFED","067 "
"CRUDE OIL, LIGHT SWEET-WTI - ICE FUTURES EUROPE",260106,2026-01-06,067411,ICEU,01,067 ,  794768,  141251,   71878,  217363,  426341,  495557,  784955,  784798,    9813,    9970,  794768,  141251,   71878,  217363,  426341,  495557,  784955,  784798,    9813,    9970,       0,       0,       0,       0,       0,       0,       0,       0,       0,       0,   12627,   11000,    4165,    1436,     130,    6164,   12566,   11765,      61,     862,  100.0,   17.8,    9.0,   27.3,   53.6,   62.4,   98.8,   98.7,    1.2,    1.3,  100.0,   17.8,    9.0,   27.3,   53.6,   62.4,   98.8,   98.7,    1.2,    1.3,    0.0,    0.0,    0.0,    0.0,    0.0,    0.0,    0.0,    0.0,    0.0,    0.0,    137,     31,     34,     57,     58,     58,    120,    122,    137,     31,     34,     57,     58,     58,    120,    122,      0,      0,      0,      0,      0,      0,      0,      0,    37.4,    35.1,    56.0,    46.4,    28.8,    24.8,    38.8,    33.9,    37.4,    35.1,    56.0,    46.4,    28.8,    24.8,    38.8,    33.9,     0.0,     0.0,     0.0,     0.0,     0.0,     0.0,     0.0,     0.0,"(CONTRACTS OF 1,000 BARRELS)","067411","ICEU","067 "
"CRUDE DIFF-TMX WCS 1A INDEX - ICE FUTURES ENERGY DIV",260106,2026-01-06,06742G,IFED,01,067 ,   70091,    4554,    5280,     919,   64138,   63727,   69611,   69926,     480,     165,   70091,    4554,    5280,     919,   64138,   63727,   69611,   69926,     480,     165,       0,       0,       0,       0,       0,       0,       0,       0,       0,       0,    1651,    -840,    -520,     235,    1791,    1966,    1186,    1681,     465,     -30,  100.0,    6.5,    7.5,    1.3,   91.5,   90.9,   99.3,   99.8,    0.7,    0.2,  100.0,    6.5,    7.5,    1.3,   91.5,   90.9,   99.3,   99.8,    0.7,    0.2,    0.0,    0.0,    0.0,    0.0,    0.0,    0.0,    0.0,    0.0,    0.0,    0.0,     42,      1,      3,      3,     24,     27,     27,     31,     42,      1,      3,      3,     24,     27,     27,     31,      0,      0,      0,      0,      0,      0,      0,      0,    55.5,    34.6,    74.8,    58.5,    47.4,    33.7,    66.6,    54.8,    55.5,    34.6,    74.8,    58.5,    47.4,    33.7,    66.6,    54.8,     0.0,     0.0,     0.0,     0.0,     0.0,     0.0,     0.0,     0.0,"1000 BARRELS","06742G","IFED","067 "
"CRUDE DIFF-TMX SW 1A INDEX - ICE FUTURES ENERGY DIV",260106,2026-01-06,06742T,IFED,01,067 ,   17190,    2035,     180,     270,   14815,   16545,   17120,   16995,      70,     195,   17190,    2035,     180,     270,   14815,   16545,   17120,   16995,      70,     195,       0,       0,       0,       0,       0,       0,       0,       0,       0,       0,    1674,     180,       0,    -180,    1674,    1854,    1674,    1674,       0,       0,  100.0,   11.8,    1.0,    1.6,   86.2,   96.2,   99.6,   98.9,    0.4,    1.1,  100.0,   11.8,    1.0,    1.6,   86.2,   96.2,   99.6,   98.9,    0.4,    1.1,    0.0,    0.0,    0.0,    0.0,    0.0,    0.0,    0.0,    0.0,    0.0,    0.0,     28,      1,      1,      2,     16,     19,     18,     22,     28,      1,      1,      2,     16,     19,     18,     22,      0,      0,      0,      0,      0,      0,      0,      0,    68.7,    56.5,    88.2,    76.3,    59.5,    44.4,    67.1,    59.5,    68.7,    56.5,    88.2,    76.3,    59.5,    44.4,    67.1,    59.5,     0.0,     0.0,     0.0,     0.0,     0.0,     0.0,     0.0,     0.0,"1000 BARRELS","06742T","IFED","067 "
"CONDENSATE DIF-TMX C5 1A INDEX - ICE FUTURES ENERGY DIV",260106,2026-01-06,06743A,IFED,01,067 ,   10524,      20,     240,      90,   10414,   10174,   10524,   10504,       0,      20,   10524,      20,     240,      90,   10414,   10174,   10524,   10504,       0,      20,       0,       0,       0,       0,       0,       0,       0,       0,       0,       0,    1020,       0,      90,       0,    1020,     930,    1020,    1020,       0,       0,  100.0,    0.2,    2.3,    0.9,   99.0,   96.7,  100.0,   99.8,    0.0,    0.2,  100.0,    0.2,    2.3,    0.9,   99.0,   96.7,  100.0,   99.8,    0.0,    0.2,    0.0,    0.0,    0.0,    0.0,    0.0,    0.0,    0.0,    0.0,    0.0,    0.0,     25,      1,      1,      1,     16,     14,     17,     16,     25,      1,      1,      1,     16,     14,     17,     16,      0,      0,      0,      0,      0,      0,      0,      0,    64.2,    65.8,    87.5,    87.4,    64.2,    65.0,    85.6,    79.7,    64.2,    65.8,    87.5,    87.4,    64.2,    65.0,    85.6,    79.7,     0.0,     0.0,     0.0,     0.0,     0.0,     0.0,     0.0,     0.0,"1000 BARRELS","06743A","IFED","067 "
"WTI-PHYSICAL - NEW YORK MERCANTILE EXCHANGE",260106,2026-01-06,067651,NYME,01,067 , 1968879,  258956,  201604,  811995,  829757,  900523, 1900708, 1914122,   68171,   54757, 1968879,  258956,  201604,  811995,  829757,  900523, 1900708, 1914122,   68171,   54757,       0,       0,       0,       0,       0,       0,       0,       0,       0,       0,   70622,   -2439,    4800,   44735,   21297,   21810,   63593,   71345,    7029,    -723,  100.0,   13.2,   10.2,   41.2,   42.1,   45.7,   96.5,   97.2,    3.5,    2.8,  100.0,   13.2,   10.2,   41.2,   42.1,   45.7,   96.5,   97.2,    3.5,    2.8,    0.0,    0.0,    0.0,    0.0,    0.0,    0.0,    0.0,    0.0,    0.0,    0.0,    314,    106,     92,    143,     95,     96,    282,    260,    314,    106,     92,    143,     95,     96,    282,    260,      0,      0,      0,      0,      0,      0,      0,      0,    16.5,    15.4,    27.4,    25.2,    11.4,    10.1,    15.1,    14.2,    16.5,    15.4,    27.4,    25.2,    11.4,    10.1,    15.1,    14.2,     0.0,     0.0,     0.0,     0.0,     0.0,     0.0,     0.0,     0.0,"(CONTRACTS OF 1,000 BARRELS)","067651","NYME","067 "
"WTI FINANCIAL CRUDE OIL - NEW YORK MERCANTILE EXCHANGE",260106,2026-01-06,06765A,NYME,01,067 ,  153565,   54137,    7006,   10546,   54256,   98398,  118939,  115950,   34626,   37615,  153565,   54137,    7006,   10546,   54256,   98398,  118939,  115950,   34626,   37615,       0,       0,       0,       0,       0,       0,       0,       0,       0,       0,  -26558,   -2252,   -7211,   -4696,  -26546,  -16084,  -33494,  -27991,    6936,    1433,  100.0,   35.3,    4.6,    6.9,   35.3,   64.1,   77.5,   75.5,   22.5,   24.5,  100.0,   35.3,    4.6,    6.9,   35.3,   64.1,   77.5,   75.5,   22.5,   24.5,    0.0,    0.0,    0.0,    0.0,    0.0,    0.0,    0.0,    0.0,    0.0,    0.0,     35,      7,      1,      5,     19,     23,     26,     29,     35,      7,      1,      5,     19,     23,     26,     29,      0,      0,      0,      0,      0,      0,      0,      0,    40.6,    42.9,    56.6,    59.8,    39.0,    42.9,    52.7,    57.8,    40.6,    42.9,    56.6,    59.8,    39.0,    42.9,    52.7,    57.8,     0.0,     0.0,     0.0,     0.0,     0.0,     0.0,     0.0,     0.0,"(CONTRACTS OF 1,000 BARRELS)","06765A","NYME","067 "
"WTI-BRENT CALENDAR - NEW YORK MERCANTILE EXCHANGE",260106,2026-01-06,06765L,NYME,01,067 ,  180112,       0,   88680,    3515,  172316,   78716,  175831,  170911,    4281,    9201,  180112,       0,   88680,    3515,  172316,   78716,  175831,  170911,    4281,    9201,       0,       0,       0,       0,       0,       0,       0,       0,       0,       0,   -9884,       0,   -1730,     329,   -9566,   -6679,   -9237,   -8080,    -647,   -1804,  100.0,    0.0,   49.2,    2.0,   95.7,   43.7,   97.6,   94.9,    2.4,    5.1,  100.0,    0.0,   49.2,    2.0,   95.7,   43.7,   97.6,   94.9,    2.4,    5.1,    0.0,    0.0,    0.0,    0.0,    0.0,    0.0,    0.0,    0.0,    0.0,    0.0,     24,      0,      7,      6,     14,      9,     20,     16,     24,      0,      7,      6,     14,      9,     20,     16,      0,      0,      0,      0,      0,      0,      0,      0,    78.9,    79.9,    90.3,    88.4,    78.2,    79.2,    87.5,    86.2,    78.9,    79.9,    90.3,    88.4,    78.2,    79.2,    87.5,    86.2,     0.0,     0.0,     0.0,     0.0,     0.0,     0.0,     0.0,     0.0,"(CONTRACTS OF 1,000 BARRELS)","06765L","NYME","067 "
"BRENT LAST DAY - NEW YORK MERCANTILE EXCHANGE",260106,2026-01-06,06765T,NYME,01,067 ,  216192,   47201,   75053,   86167,   75317,   49981,  208685,  211201,    7507,    4991,  216192,   47201,   75053,   86167,   75317,   49981,  208685,  211201,    7507,    4991,       0,       0,       0,       0,       0,       0,       0,       0,       0,       0,  -12233,    2406,    2644,   -9293,   -7015,   -6654,  -13902,  -13303,    1669,    1070,  100.0,   21.8,   34.7,   39.9,   34.8,   23.1,   96.5,   97.7,    3.5,    2.3,  100.0,   21.8,   34.7,   39.9,   34.8,   23.1,   96.5,   97.7,    3.5,    2.3,    0.0,    0.0,    0.0,    0.0,    0.0,    0.0,    0.0,    0.0,    0.0,    0.0,     64,     25,     15,     34,     21,     17,     59,     53,     64,     25,     15,     34,     21,     17,     59,     53,      0,      0,      0,      0,      0,      0,      0,      0,    33.0,    52.1,    54.0,    68.1,    22.9,    36.6,    30.1,    39.6,    33.0,    52.1,    54.0,    68.1,    22.9,    36.6,    30.1,    39.6,     0.0,     0.0,     0.0,     0.0,     0.0,     0.0,     0.0,     0.0,"(CONTRACTS OF 1,000 BARRELS)","06765T","NYME","067 "
"WTI  HOUSTON ARGUS/WTI TR MO - NEW YORK MERCANTILE EXCHANGE",260106,2026-01-06,0676A5,NYME,01,067 ,  439707,   27844,   34746,   22542,  382686,  375461,  433072,  432749,    6635,    6958,  439707,   27844,   34746,   22542,  382686,  375461,  433072,  432749,    6635,    6958,       0,       0,       0,       0,       0,       0,       0,       0,       0,       0,    9339,   -1690,   -2835,    3269,    7640,    9205,    9219,    9639,     120,    -300,  100.0,    6.3,    7.9,    5.1,   87.0,   85.4,   98.5,   98.4,    1.5,    1.6,  100.0,    6.3,    7.9,    5.1,   87.0,   85.4,   98.5,   98.4,    1.5,    1.6,    0.0,    0.0,    0.0,    0.0,    0.0,    0.0,    0.0,    0.0,    0.0,    0.0,     46,      3,      5,      7,     26,     30,     33,     38,     46,      3,      5,      7,     26,     30,     33,     38,      0,      0,      0,      0,      0,      0,      0,      0,    55.5,    48.6,    75.1,    66.2,    52.3,    42.8,    65.0,    54.5,    55.5,    48.6,    75.1,    66.2,    52.3,    42.8,    65.0,    54.5,     0.0,     0.0,     0.0,     0.0,     0.0,     0.0,     0.0,     0.0,"(CONTRACTS OF 1,000 BARRELS)","0676A5","NYME","067 "
"WTI MIDLAND ARGUS VS WTI TRADE - NEW YORK MERCANTILE EXCHANGE",260106,2026-01-06,067A71,NYME,01,067 ,  273800,       0,    4910,    7577,  262551,  238238,  270128,  250725,    3672,   23075,  273800,       0,    4910,    7577,  262551,  238238,  270128,  250725,    3672,   23075,       0,       0,       0,       0,       0,       0,       0,       0,       0,       0,    6070,       0,    -395,     250,    7050,    6180,    7300,    6035,   -1230,      35,  100.0,    0.0,    1.8,    2.8,   95.9,   87.0,   98.7,   91.6,    1.3,    8.4,  100.0,    0.0,    1.8,    2.8,   95.9,   87.0,   98.7,   91.6,    1.3,    8.4,    0.0,    0.0,    0.0,    0.0,    0.0,    0.0,    0.0,    0.0,    0.0,    0.0,     34,      0,      3,      3,     17,     21,     20,     24,     34,      0,      3,      3,     17,     21,     20,     24,      0,      0,      0,      0,      0,      0,      0,      0,    70.6,    51.6,    88.1,    72.6,    70.6,    49.3,    87.6,    69.8,    70.6,    51.6,    88.1,    72.6,    70.6,    49.3,    87.6,    69.8,     0.0,     0.0,     0.0,     0.0,     0.0,     0.0,     0.0,     0.0,"(CONTRACTS OF 1,000 BARRELS)","067A71","NYME","067 "
"COCOA - ICE FUTURES U.S.",260106,2026-01-06,073732,ICUS,01,073 ,  127271,   39330,   36100,   25735,   53522,   56140,  118587,  117975,    8684,    9296,  116445,   39599,   36650,   21225,   47363,   49594,  108187,  107469,    8258,    8976,   10826,    2321,    2040,    1920,    6159,    6546,   10400,   10506,     426,     320,    3253,     108,      36,    1105,    1619,    2021,    2832,    3162,     421,      91,  100.0,   30.9,   28.4,   20.2,   42.1,   44.1,   93.2,   92.7,    6.8,    7.3,  100.0,   34.0,   31.5,   18.2,   40.7,   42.6,   92.9,   92.3,    7.1,    7.7,  100.0,   21.4,   18.8,   17.7,   56.9,   60.5,   96.1,   97.0,    3.9,    3.0,    185,     55,     68,     70,     48,     43,    147,    143,    185,     62,     65,     67,     46,     43,    143,    142,     68,     15,     19,     11,     26,     14,     50,     35,    15.5,    16.0,    26.5,    26.4,    13.6,    10.7,    22.5,    17.9,    16.3,    13.7,    27.9,    24.9,    14.1,    11.0,    22.9,    18.0,    31.5,    57.3,    50.9,    74.0,    30.2,    48.1,    47.0,    59.2,"(CONTRACTS OF 10 METRIC TONS)","073732","ICUS","073 "
"PALLADIUM - NEW YORK MERCANTILE EXCHANGE",260106,2026-01-06,075651,NYME,01,075 ,   19349,    9797,    9218,     575,    5791,    8132,   16163,   17925,    3186,    1424,   19349,    9797,    9218,     575,    5791,    8132,   16163,   17925,    3186,    1424,       0,       0,       0,       0,       0,       0,       0,       0,       0,       0,   -1244,    -118,   -1268,     -88,    -568,     227,    -774,   -1129,    -470,    -115,  100.0,   50.6,   47.6,    3.0,   29.9,   42.0,   83.5,   92.6,   16.5,    7.4,  100.0,   50.6,   47.6,    3.0,   29.9,   42.0,   83.5,   92.6,   16.5,    7.4,    0.0,    0.0,    0.0,    0.0,    0.0,    0.0,    0.0,    0.0,    0.0,    0.0,    168,     78,     41,     25,     25,     31,    122,     79,    168,     78,     41,     25,     25,     31,    122,     79,      0,      0,      0,      0,      0,      0,      0,      0,    20.6,    32.8,    32.9,    47.2,    20.6,    32.7,    32.4,    47.0,    20.6,    32.8,    32.9,    47.2,    20.6,    32.7,    32.4,    47.0,     0.0,     0.0,     0.0,     0.0,     0.0,     0.0,     0.0,     0.0,"(CONTRACTS OF 100 TROY OUNCES)","075651","NYME","075 "
"PLATINUM - NEW YORK MERCANTILE EXCHANGE",260106,2026-01-06,076651,NYME,01,076 ,   79050,   42589,   24479,    7795,   18665,   42579,   69049,   74853,   10001,    4197,   79050,   42589,   24479,    7795,   18665,   42579,   69049,   74853,   10001,    4197,       0,       0,       0,       0,       0,       0,       0,       0,       0,       0,   -3786,   -2078,   -2146,    -192,   -1633,   -1355,   -3903,   -3693,     117,     -93,  100.0,   53.9,   31.0,    9.9,   23.6,   53.9,   87.3,   94.7,   12.7,    5.3,  100.0,   53.9,   31.0,    9.9,   23.6,   53.9,   87.3,   94.7,   12.7,    5.3,    0.0,    0.0,    0.0,    0.0,    0.0,    0.0,    0.0,    0.0,    0.0,    0.0,    255,    140,     49,     27,     38,     43,    192,    106,    255,    140,     49,     27,     38,     43,    192,    106,      0,      0,      0,      0,      0,      0,      0,      0,    15.6,    36.3,    26.0,    52.5,    15.5,    33.5,    25.1,    47.1,    15.6,    36.3,    26.0,    52.5,    15.5,    33.5,    25.1,    47.1,     0.0,     0.0,     0.0,     0.0,     0.0,     0.0,     0.0,     0.0,"(CONTRACTS OF 50 TROY OUNCES)","076651","NYME","076 "
"SUGAR NO. 11 - ICE FUTURES U.S.",260106,2026-01-06,080732,ICUS,01,080 ,  943170,  146552,  300650,  204568,  517536,  357320,  868656,  862538,   74514,   80632,  943170,  146552,  300650,  204568,  517536,  357320,  868656,  862538,   74514,   80632,       0,       0,       0,       0,       0,       0,       0,       0,       0,       0,   20069,   -8581,    7695,   11264,   18574,    3520,   21257,   22479,   -1188,   -2410,  100.0,   15.5,   31.9,   21.7,   54.9,   37.9,   92.1,   91.5,    7.9,    8.5,  100.0,   15.5,   31.9,   21.7,   54.9,   37.9,   92.1,   91.5,    7.9,    8.5,    0.0,    0.0,    0.0,    0.0,    0.0,    0.0,    0.0,    0.0,    0.0,    0.0,    248,     64,     90,     87,     79,     70,    206,    187,    248,     64,     90,     87,     79,     70,    206,    187,      0,      0,      0,      0,      0,      0,      0,      0,    16.6,    17.7,    26.0,    27.1,    10.9,    11.6,    17.2,    19.4,    16.6,    17.7,    26.0,    27.1,    10.9,    11.6,    17.2,    19.4,     0.0,     0.0,     0.0,     0.0,     0.0,     0.0,     0.0,     0.0,"(CONTRACTS OF 112,000 POUNDS)","080732","ICUS","080 "
"COFFEE C - ICE FUTURES U.S.",260106,2026-01-06,083731,ICUS,01,083 ,  170823,   56382,   25846,   38069,   68593,  100216,  163044,  164131,    7779,    6692,  152834,   55941,   29516,   27270,   62381,   89693,  145592,  146479,    7242,    6355,   17989,    8669,    4558,    2571,    6212,   10523,   17452,   17652,     537,     337,    6303,    3314,   -2679,    1613,    1394,    7208,    6321,    6142,     -18,     161,  100.0,   33.0,   15.1,   22.3,   40.2,   58.7,   95.4,   96.1,    4.6,    3.9,  100.0,   36.6,   19.3,   17.8,   40.8,   58.7,   95.3,   95.8,    4.7,    4.2,  100.0,   48.2,   25.3,   14.3,   34.5,   58.5,   97.0,   98.1,    3.0,    1.9,    347,    120,     81,    102,    100,    114,    272,    257,    345,    125,     80,     93,     95,    110,    258,    252,    134,     28,     23,     19,     59,     45,     99,     76,    14.5,    16.1,    24.0,    27.5,    10.0,    11.7,    17.2,    19.9,    16.1,    16.5,    26.1,    27.6,    11.1,    11.1,    18.6,    19.2,    32.1,    26.7,    48.0,    43.2,    30.1,    21.7,    39.3,    35.4,"(CONTRACTS OF 37,500 POUNDS)","083731","ICUS","083 "
"SILVER - COMMODITY EXCHANGE INC.",260106,2026-01-06,084691,CMX ,01,084 ,  153240,   47384,   18113,   24052,   47989,   99680,  119425,  141845,   33815,   11395,  153240,   47384,   18113,   24052,   47989,   99680,  119425,  141845,   33815,   11395,       0,       0,       0,       0,       0,       0,       0,       0,       0,       0,   -4151,   -3122,   -2330,    -655,   -2334,    -905,   -6111,   -3890,    1960,    -261,  100.0,   30.9,   11.8,   15.7,   31.3,   65.0,   77.9,   92.6,   22.1,    7.4,  100.0,   30.9,   11.8,   15.7,   31.3,   65.0,   77.9,   92.6,   22.1,    7.4,    0.0,    0.0,    0.0,    0.0,    0.0,    0.0,    0.0,    0.0,    0.0,    0.0,    211,    102,     44,     54,     36,     48,    162,    129,    211,    102,     44,     54,     36,     48,    162,    129,      0,      0,      0,      0,      0,      0,      0,      0,    18.2,    29.2,    29.4,    44.1,    14.7,    26.5,    23.6,    37.6,    18.2,    29.2,    29.4,    44.1,    14.7,    26.5,    23.6,    37.6,     0.0,     0.0,     0.0,     0.0,     0.0,     0.0,     0.0,     0.0,"(CONTRACTS OF 5,000 TROY OUNCES)","084691","CMX ","084 "
"COPPER- #1 - COMMODITY EXCHANGE INC.",260106,2026-01-06,085692,CMX ,01,085 ,  267027,  101724,   43866,   60219,   81594,  153608,  243537,  257693,   23490,    9334,  267027,  101724,   43866,   60219,   81594,  153608,  243537,  257693,   23490,    9334,       0,       0,       0,       0,       0,       0,       0,       0,       0,       0,    6888,   -1051,     930,    3752,    2866,    2172,    5567,    6854,    1321,      34,  100.0,   38.1,   16.4,   22.6,   30.6,   57.5,   91.2,   96.5,    8.8,    3.5,  100.0,   38.1,   16.4,   22.6,   30.6,   57.5,   91.2,   96.5,    8.8,    3.5,    0.0,    0.0,    0.0,    0.0,    0.0,    0.0,    0.0,    0.0,    0.0,    0.0,    309,    169,     52,     93,     59,     54,    265,    177,    309,    169,     52,     93,     59,     54,    265,    177,      0,      0,      0,      0,      0,      0,      0,      0,    15.8,    30.5,    25.2,    45.0,    12.5,    29.6,    19.5,    41.6,    15.8,    30.5,    25.2,    45.0,    12.5,    29.6,    19.5,    41.6,     0.0,     0.0,     0.0,     0.0,     0.0,     0.0,     0.0,     0.0,"(CONTRACTS OF 25,000 POUNDS)","085692","CMX ","085 "
"GOLD - COMMODITY EXCHANGE INC.",260106,2026-01-06,088691,CMX ,01,088 ,  488116,  274435,   46803,   73345,   80218,  352253,  427998,  472401,   60118,   15715,  488116,  274435,   46803,   73345,   80218,  352253,  427998,  472401,   60118,   15715,       0,       0,       0,       0,       0,       0,       0,       0,       0,       0,    6250,   -1157,    2384,    9542,   -2036,   -5247,    6349,    6679,     -99,    -429,  100.0,   56.2,    9.6,   15.0,   16.4,   72.2,   87.7,   96.8,   12.3,    3.2,  100.0,   56.2,    9.6,   15.0,   16.4,   72.2,   87.7,   96.8,   12.3,    3.2,    0.0,    0.0,    0.0,    0.0,    0.0,    0.0,    0.0,    0.0,    0.0,    0.0,    310,    194,     52,     71,     49,     45,    269,    144,    310,    194,     52,     71,     49,     45,    269,    144,      0,      0,      0,      0,      0,      0,      0,      0,    15.0,    34.0,    26.5,    51.6,    12.5,    32.3,    21.8,    47.7,    15.0,    34.0,    26.5,    51.6,    12.5,    32.3,    21.8,    47.7,     0.0,     0.0,     0.0,     0.0,     0.0,     0.0,     0.0,     0.0,"(CONTRACTS OF 100 TROY OUNCES)","088691","CMX ","088 "
"MICRO GOLD - COMMODITY EXCHANGE INC.",260106,2026-01-06,088695,CMX ,01,088 ,   68733,   23103,   37612,    5398,    3011,       0,   31512,   43010,   37221,   25723,   68733,   23103,   37612,    5398,    3011,       0,   31512,   43010,   37221,   25723,       0,       0,       0,       0,       0,       0,       0,       0,       0,       0,   -1288,    6632,   -4262,    -719,     141,       0,    6054,   -4981,   -7342,    3693,  100.0,   33.6,   54.7,    7.9,    4.4,    0.0,   45.8,   62.6,   54.2,   37.4,  100.0,   33.6,   54.7,    7.9,    4.4,    0.0,   45.8,   62.6,   54.2,   37.4,    0.0,    0.0,    0.0,    0.0,    0.0,    0.0,    0.0,    0.0,    0.0,    0.0,     34,     15,     16,     10,      2,      0,     25,     19,     34,     15,     16,     10,      2,      0,     25,     19,      0,      0,      0,      0,      0,      0,      0,      0,    27.5,    49.2,    35.1,    58.1,    25.7,    43.7,    31.9,    51.3,    27.5,    49.2,    35.1,    58.1,    25.7,    43.7,    31.9,    51.3,     0.0,     0.0,     0.0,     0.0,     0.0,     0.0,     0.0,     0.0,"(CONTRACTS OF 10 TROY OUNCES)","088695","CMX ","088 "
"CANADIAN DOLLAR - CHICAGO MERCANTILE EXCHANGE",260106,2026-01-06,090741,CME ,00,090 ,  218740,   56931,   97516,    5237,  125159,   89097,  187327,  191850,   31413,   26890,  218740,   56931,   97516,    5237,  125159,   89097,  187327,  191850,   31413,   26890,       0,       0,       0,       0,       0,       0,       0,       0,       0,       0,    7569,    4144,    4218,    3983,   -1789,   -1763,    6338,    6438,    1231,    1131,  100.0,   26.0,   44.6,    2.4,   57.2,   40.7,   85.6,   87.7,   14.4,   12.3,  100.0,   26.0,   44.6,    2.4,   57.2,   40.7,   85.6,   87.7,   14.4,   12.3,    0.0,    0.0,    0.0,    0.0,    0.0,    0.0,    0.0,    0.0,    0.0,    0.0,    122,     27,     35,     12,     38,     27,     74,     65,    122,     27,     35,     12,     38,     27,     74,     65,      0,      0,      0,      0,      0,      0,      0,      0,    46.8,    35.3,    57.9,    47.7,    46.8,    35.3,    57.1,    46.9,    46.8,    35.3,    57.9,    47.7,    46.8,    35.3,    57.1,    46.9,     0.0,     0.0,     0.0,     0.0,     0.0,     0.0,     0.0,     0.0,"(CONTRACTS OF CAD 100,000)","090741","CME ","090 "
"SWISS FRANC - CHICAGO MERCANTILE EXCHANGE",260106,2026-01-06,092741,CME ,00,092 ,   90378,   11077,   51343,      98,   63645,   22248,   74820,   73689,   15558,   16689,   90378,   11077,   51343,      98,   63645,   22248,   74820,   73689,   15558,   16689,       0,       0,       0,       0,       0,       0,       0,       0,       0,       0,    1254,    2167,   -1765,     -11,     316,    1288,    2472,    -488,   -1218,    1742,  100.0,   12.3,   56.8,    0.1,   70.4,   24.6,   82.8,   81.5,   17.2,   18.5,  100.0,   12.3,   56.8,    0.1,   70.4,   24.6,   82.8,   81.5,   17.2,   18.5,    0.0,    0.0,    0.0,    0.0,    0.0,    0.0,    0.0,    0.0,    0.0,    0.0,     40,     11,      8,      4,     10,     12,     23,     22,     40,     11,      8,      4,     10,     12,     23,     22,      0,      0,      0,      0,      0,      0,      0,      0,    65.4,    54.9,    73.9,    70.2,    65.4,    54.8,    73.8,    68.9,    65.4,    54.9,    73.9,    70.2,    65.4,    54.8,    73.8,    68.9,     0.0,     0.0,     0.0,     0.0,     0.0,     0.0,     0.0,     0.0,"(CONTRACTS OF CHF 125,000)","092741","CME ","092 "
"MEXICAN PESO - CHICAGO MERCANTILE EXCHANGE",260106,2026-01-06,095741,CME ,00,095 ,  250364,  161616,   52315,     996,   80873,  194427,  243485,  247738,    6879,    2626,  250364,  161616,   52315,     996,   80873,  194427,  243485,  247738,    6879,    2626,       0,       0,       0,       0,       0,       0,       0,       0,       0,       0,     890,    -624,   -3559,     497,    1592,    3357,    1465,     295,    -575,     595,  100.0,   64.6,   20.9,    0.4,   32.3,   77.7,   97.3,   99.0,    2.7,    1.0,  100.0,   64.6,   20.9,    0.4,   32.3,   77.7,   97.3,   99.0,    2.7,    1.0,    0.0,    0.0,    0.0,    0.0,    0.0,    0.0,    0.0,    0.0,    0.0,    0.0,    196,    103,     23,      7,     44,     32,    151,     59,    196,    103,     23,      7,     44,     32,    151,     59,      0,      0,      0,      0,      0,      0,      0,      0,    26.7,    64.8,    44.3,    81.4,    26.7,    64.8,    44.3,    79.6,    26.7,    64.8,    44.3,    81.4,    26.7,    64.8,    44.3,    79.6,     0.0,     0.0,     0.0,     0.0,     0.0,     0.0,     0.0,     0.0,"(CONTRACTS OF MXN 500,000)","095741","CME ","095 "
"BRITISH POUND - CHICAGO MERCANTILE EXCHANGE",260106,2026-01-06,096742,CME ,00,096 ,  206314,   76486,  107024,    3257,   96932,   67694,  176675,  177975,   29639,   28339,  206314,   76486,  107024,    3257,   96932,   67694,  176675,  177975,   29639,   28339,       0,       0,       0,       0,       0,       0,       0,       0,       0,       0,   10311,    6994,    4325,     936,    -850,    4395,    7080,    9656,    3231,     655,  100.0,   37.1,   51.9,    1.6,   47.0,   32.8,   85.6,   86.3,   14.4,   13.7,  100.0,   37.1,   51.9,    1.6,   47.0,   32.8,   85.6,   86.3,   14.4,   13.7,    0.0,    0.0,    0.0,    0.0,    0.0,    0.0,    0.0,    0.0,    0.0,    0.0,    109,     26,     25,      8,     28,     41,     57,     71,    109,     26,     25,      8,     28,     41,     57,     71,      0,      0,      0,      0,      0,      0,      0,      0,    37.3,    38.7,    55.0,    47.5,    36.5,    38.7,    54.2,    47.3,    37.3,    38.7,    55.0,    47.5,    36.5,    38.7,    54.2,    47.3,     0.0,     0.0,     0.0,     0.0,     0.0,     0.0,     0.0,     0.0,"(CONTRACTS OF GBP 62,500)","096742","CME ","096 "
"JAPANESE YEN - CHICAGO MERCANTILE EXCHANGE",260106,2026-01-06,097741,CME ,00,097 ,  287715,  140441,  131626,   10400,   94001,  106169,  244842,  248195,   42873,   39520,  287715,  140441,  131626,   10400,   94001,  106169,  244842,  248195,   42873,   39520,       0,       0,       0,       0,       0,       0,       0,       0,       0,       0,    1583,   -4155,    1098,    5855,   -1644,   -8552,      56,   -1599,    1527,    3182,  100.0,   48.8,   45.7,    3.6,   32.7,   36.9,   85.1,   86.3,   14.9,   13.7,  100.0,   48.8,   45.7,    3.6,   32.7,   36.9,   85.1,   86.3,   14.9,   13.7,    0.0,    0.0,    0.0,    0.0,    0.0,    0.0,    0.0,    0.0,    0.0,    0.0,    148,     31,     44,     13,     45,     41,     83,     91,    148,     31,     44,     13,     45,     41,     83,     91,      0,      0,      0,      0,      0,      0,      0,      0,    35.1,    37.1,    50.4,    47.2,    32.8,    37.1,    47.4,    46.6,    35.1,    37.1,    50.4,    47.2,    32.8,    37.1,    47.4,    46.6,     0.0,     0.0,     0.0,     0.0,     0.0,     0.0,     0.0,     0.0,"(CONTRACTS OF JPY 12,500,000)","097741","CME ","097 "
"USD INDEX - ICE FUTURES U.S.",260106,2026-01-06,098662,ICUS,01,098 ,   30078,   17671,   21502,    2055,    8104,    3706,   27830,   27263,    2248,    2815,   30078,   17671,   21502,    2055,    8104,    3706,   27830,   27263,    2248,    2815,       0,       0,       0,       0,       0,       0,       0,       0,       0,       0,    1094,    1019,     890,     372,    -267,     -77,    1124,    1185,     -30,     -91,  100.0,   58.8,   71.5,    6.8,   26.9,   12.3,   92.5,   90.6,    7.5,    9.4,  100.0,   58.8,   71.5,    6.8,   26.9,   12.3,   92.5,   90.6,    7.5,    9.4,    0.0,    0.0,    0.0,    0.0,    0.0,    0.0,    0.0,    0.0,    0.0,    0.0,    110,     48,     48,      6,      9,      8,     59,     60,    110,     48,     48,      6,      9,      8,     59,     60,      0,      0,      0,      0,      0,      0,      0,      0,    40.4,    37.4,    59.4,    53.7,    40.1,    37.4,    54.4,    52.0,    40.4,    37.4,    59.4,    53.7,    40.1,    37.4,    54.4,    52.0,     0.0,     0.0,     0.0,     0.0,     0.0,     0.0,     0.0,     0.0,"(U.S. DOLLAR INDEX X $1000)","098662","ICUS","098 "
"EURO FX - CHICAGO MERCANTILE EXCHANGE",260106,2026-01-06,099741,CME ,00,099 ,  881815,  298253,  135441,   19994,  469661,  685480,  787908,  840915,   93907,   40900,  881815,  298253,  135441,   19994,  469661,  685480,  787908,  840915,   93907,   40900,       0,       0,       0,       0,       0,       0,       0,       0,       0,       0,   12646,    3515,   -1832,    2534,    5362,    9555,   11411,   10257,    1235,    2389,  100.0,   33.8,   15.4,    2.3,   53.3,   77.7,   89.4,   95.4,   10.6,    4.6,  100.0,   33.8,   15.4,    2.3,   53.3,   77.7,   89.4,   95.4,   10.6,    4.6,    0.0,    0.0,    0.0,    0.0,    0.0,    0.0,    0.0,    0.0,    0.0,    0.0,    308,     97,     35,     28,    137,     90,    243,    144,    308,     97,     35,     28,    137,     90,    243,    144,      0,      0,      0,      0,      0,      0,      0,      0,    16.6,    54.9,    26.2,    69.8,    16.0,    54.9,    25.2,    69.6,    16.6,    54.9,    26.2,    69.8,    16.0,    54.9,    25.2,    69.6,     0.0,     0.0,     0.0,     0.0,     0.0,     0.0,     0.0,     0.0,"(CONTRACTS OF EUR 125,000)","099741","CME ","099 "
"BRAZILIAN REAL - CHICAGO MERCANTILE EXCHANGE",260106,2026-01-06,102741,CME ,00,102 ,   73669,   48051,   30434,     877,   21077,   41375,   70005,   72686,    3664,     983,   73669,   48051,   30434,     877,   21077,   41375,   70005,   72686,    3664,     983,       0,       0,       0,       0,       0,       0,       0,       0,       0,       0,  -34231,  -12081,   12411,  -11205,  -10557,  -35217,  -33843,  -34011,    -388,    -220,  100.0,   65.2,   41.3,    1.2,   28.6,   56.2,   95.0,   98.7,    5.0,    1.3,  100.0,   65.2,   41.3,    1.2,   28.6,   56.2,   95.0,   98.7,    5.0,    1.3,    0.0,    0.0,    0.0,    0.0,    0.0,    0.0,    0.0,    0.0,    0.0,    0.0,    101,     39,     20,      5,     26,     14,     69,     37,    101,     39,     20,      5,     26,     14,     69,     37,      0,      0,      0,      0,      0,      0,      0,      0,    40.1,    63.1,    53.3,    80.3,    40.1,    63.1,    53.3,    80.3,    40.1,    63.1,    53.3,    80.3,    40.1,    63.1,    53.3,    80.3,     0.0,     0.0,     0.0,     0.0,     0.0,     0.0,     0.0,     0.0,"(CONTRACTS OF BRL 100,000)","102741","CME ","102 "
"GASOLINE RBOB - NEW YORK MERCANTILE EXCHANGE",260106,2026-01-06,111659,NYME,01,111 ,  420878,  109484,   39526,   91781,  196346,  270685,  397611,  401992,   23267,   18886,  420878,  109484,   39526,   91781,  196346,  270685,  397611,  401992,   23267,   18886,       0,       0,       0,       0,       0,       0,       0,       0,       0,       0,   10520,     344,    3394,    1126,    7874,    3953,    9344,    8473,    1176,    2047,  100.0,   26.0,    9.4,   21.8,   46.7,   64.3,   94.5,   95.5,    5.5,    4.5,  100.0,   26.0,    9.4,   21.8,   46.7,   64.3,   94.5,   95.5,    5.5,    4.5,    0.0,    0.0,    0.0,    0.0,    0.0,    0.0,    0.0,    0.0,    0.0,    0.0,    267,    101,     37,     85,     95,    113,    220,    218,    267,    101,     37,     85,     95,    113,    220,    218,      0,      0,      0,      0,      0,      0,      0,      0,    15.6,    17.4,    23.2,    27.5,     7.7,    13.8,    12.1,    20.8,    15.6,    17.4,    23.2,    27.5,     7.7,    13.8,    12.1,    20.8,     0.0,     0.0,     0.0,     0.0,     0.0,     0.0,     0.0,     0.0,"(CONTRACTS OF 42,000 U.S. GALLONS)","111659","NYME","111 "
"GULF COAST CBOB GAS A2 PL RBOB - NEW YORK MERCANTILE EXCHANGE",260106,2026-01-06,111A34,NYME,01,111 ,   29192,    1200,       0,      75,   26665,   27995,   27940,   28070,    1252,    1122,   29192,    1200,       0,      75,   26665,   27995,   27940,   28070,    1252,    1122,       0,       0,       0,       0,       0,       0,       0,       0,       0,       0,   -7743,     125,       0,       0,   -8705,   -7575,   -8580,   -7575,     837,    -168,  100.0,    4.1,    0.0,    0.3,   91.3,   95.9,   95.7,   96.2,    4.3,    3.8,  100.0,    4.1,    0.0,    0.3,   91.3,   95.9,   95.7,   96.2,    4.3,    3.8,    0.0,    0.0,    0.0,    0.0,    0.0,    0.0,    0.0,    0.0,    0.0,    0.0,     25,      1,      0,      1,     15,     19,     16,     20,     25,      1,      0,      1,     15,     19,     16,     20,      0,      0,      0,      0,      0,      0,      0,      0,    62.2,    45.3,    81.8,    73.2,    49.2,    43.4,    61.6,    60.8,    62.2,    45.3,    81.8,    73.2,    49.2,    43.4,    61.6,    60.8,     0.0,     0.0,     0.0,     0.0,     0.0,     0.0,     0.0,     0.0,"(CONTRACTS OF 42,000 GALLONS)","111A34","NYME","111 "
"NZ DOLLAR - CHICAGO MERCANTILE EXCHANGE",260106,2026-01-06,112741,CME ,00,112 ,   84556,   12971,   56334,    2998,   64978,   20758,   80947,   80090,    3609,    4466,   84556,   12971,   56334,    2998,   64978,   20758,   80947,   80090,    3609,    4466,       0,       0,       0,       0,       0,       0,       0,       0,       0,       0,    5204,    4265,    4374,    -394,    1371,     950,    5242,    4930,     -38,     274,  100.0,   15.3,   66.6,    3.5,   76.8,   24.5,   95.7,   94.7,    4.3,    5.3,  100.0,   15.3,   66.6,    3.5,   76.8,   24.5,   95.7,   94.7,    4.3,    5.3,    0.0,    0.0,    0.0,    0.0,    0.0,    0.0,    0.0,    0.0,    0.0,    0.0,     94,     24,     35,      7,     16,     23,     45,     60,     94,     24,     35,      7,     16,     23,     45,     60,      0,      0,      0,      0,      0,      0,      0,      0,    60.4,    54.1,    74.9,    66.2,    60.4,    50.7,    74.0,    62.8,    60.4,    54.1,    74.9,    66.2,    60.4,    50.7,    74.0,    62.8,     0.0,     0.0,     0.0,     0.0,     0.0,     0.0,     0.0,     0.0,"(CONTRACTS OF NZD 100,000)","112741","CME ","112 "
"VIX FUTURES - CBOE FUTURES EXCHANGE",260106,2026-01-06,1170E1,E   ,00,117 ,  408257,   79390,  167640,   97341,  206090,  119959,  382821,  384940,   25436,   23317,  408257,   79390,  167640,   97341,  206090,  119959,  382821,  384940,   25436,   23317,       0,       0,       0,       0,       0,       0,       0,       0,       0,       0,    6342,   10067,    7914,    2862,   -7456,   -3217,    5473,    7559,     869,   -1217,  100.0,   19.4,   41.1,   23.8,   50.5,   29.4,   93.8,   94.3,    6.2,    5.7,  100.0,   19.4,   41.1,   23.8,   50.5,   29.4,   93.8,   94.3,    6.2,    5.7,    0.0,    0.0,    0.0,    0.0,    0.0,    0.0,    0.0,    0.0,    0.0,    0.0,    177,     44,     68,     80,     46,     42,    142,    148,    177,     44,     68,     80,     46,     42,    142,    148,      0,      0,      0,      0,      0,      0,      0,      0,    33.7,    18.6,    46.9,    32.1,    28.8,    15.6,    35.5,    24.0,    33.7,    18.6,    46.9,    32.1,    28.8,    15.6,    35.5,    24.0,     0.0,     0.0,     0.0,     0.0,     0.0,     0.0,     0.0,     0.0,"($1000 X INDEX)","1170E1","E   ","117 "
"SO AFRICAN RAND - CHICAGO MERCANTILE EXCHANGE",260106,2026-01-06,122741,CME ,00,122 ,   27457,   16197,   10291,     585,    8189,   15081,   24971,   25957,    2486,    1500,   27457,   16197,   10291,     585,    8189,   15081,   24971,   25957,    2486,    1500,       0,       0,       0,       0,       0,       0,       0,       0,       0,       0,    1525,     681,    -104,       0,     810,    1528,    1491,    1424,      34,     101,  100.0,   59.0,   37.5,    2.1,   29.8,   54.9,   90.9,   94.5,    9.1,    5.5,  100.0,   59.0,   37.5,    2.1,   29.8,   54.9,   90.9,   94.5,    9.1,    5.5,    0.0,    0.0,    0.0,    0.0,    0.0,    0.0,    0.0,    0.0,    0.0,    0.0,     58,     24,     12,      1,     15,      7,     39,     20,     58,     24,     12,      1,     15,      7,     39,     20,      0,      0,      0,      0,      0,      0,      0,      0,    40.2,    63.5,    54.2,    78.1,    40.2,    63.5,    54.2,    78.1,    40.2,    63.5,    54.2,    78.1,    40.2,    63.5,    54.2,    78.1,     0.0,     0.0,     0.0,     0.0,     0.0,     0.0,     0.0,     0.0,"(CONTRACTS OF ZAR 500,000)","122741","CME ","122 "
"DJIA Consolidated - CHICAGO BOARD OF TRADE",260106,2026-01-06,12460+,CBT ,00,124 ,   66021,   15100,   10993,     979,   35413,   44664,   51492,   56636,   14529,    9385,   66021,   15100,   10993,     979,   35413,   44664,   51492,   56636,   14529,    9385,       0,       0,       0,       0,       0,       0,       0,       0,       0,       0,    4646,    4624,      27,    -546,   -1230,    4445,    2848,    3926,    1798,     720,  100.0,   22.9,   16.7,    1.5,   53.6,   67.7,   78.0,   85.8,   22.0,   14.2,  100.0,   22.9,   16.7,    1.5,   53.6,   67.7,   78.0,   85.8,   22.0,   14.2,    0.0,    0.0,    0.0,    0.0,    0.0,    0.0,    0.0,    0.0,    0.0,    0.0,     78,     22,     14,      6,     26,     24,     50,     42,     78,     22,     14,      6,     26,     24,     50,     42,      0,      0,      0,      0,      0,      0,      0,      0,    37.5,    37.9,    49.7,    58.3,    37.5,    37.9,    49.0,    57.5,    37.5,    37.9,    49.7,    58.3,    37.5,    37.9,    49.0,    57.5,     0.0,     0.0,     0.0,     0.0,     0.0,     0.0,     0.0,     0.0,"($5 X DJIA INDEX)","12460+","CBT ","124 "
"DJIA x $5 - CHICAGO BOARD OF TRADE",260106,2026-01-06,124603,CBT ,00,124 ,   66021,   15100,   10993,     979,   35413,   44664,   51492,   56636,   14529,    9385,   66021,   15100,   10993,     979,   35413,   44664,   51492,   56636,   14529,    9385,       0,       0,       0,       0,       0,       0,       0,       0,       0,       0,    4646,    4624,      27,    -546,   -1230,    4445,    2848,    3926,    1798,     720,  100.0,   22.9,   16.7,    1.5,   53.6,   67.7,   78.0,   85.8,   22.0,   14.2,  100.0,   22.9,   16.7,    1.5,   53.6,   67.7,   78.0,   85.8,   22.0,   14.2,    0.0,    0.0,    0.0,    0.0,    0.0,    0.0,    0.0,    0.0,    0.0,    0.0,     78,     22,     14,      6,     26,     24,     50,     42,     78,     22,     14,      6,     26,     24,     50,     42,      0,      0,      0,      0,      0,      0,      0,      0,    37.5,    37.9,    49.7,    58.3,    37.5,    37.9,    49.0,    57.5,    37.5,    37.9,    49.7,    58.3,    37.5,    37.9,    49.0,    57.5,     0.0,     0.0,     0.0,     0.0,     0.0,     0.0,     0.0,     0.0,"($5 X DJIA INDEX)","124603","CBT ","124 "
"DOW JONES U.S. REAL ESTATE IDX - CHICAGO BOARD OF TRADE",260106,2026-01-06,124606,CBT ,00,124 ,   66913,    1142,   10871,       0,   62950,   55374,   64092,   66245,    2821,     668,   66913,    1142,   10871,       0,   62950,   55374,   64092,   66245,    2821,     668,       0,       0,       0,       0,       0,       0,       0,       0,       0,       0,   12222,   -1418,    2330,       0,   14430,   10476,   13012,   12806,    -790,    -584,  100.0,    1.7,   16.2,    0.0,   94.1,   82.8,   95.8,   99.0,    4.2,    1.0,  100.0,    1.7,   16.2,    0.0,   94.1,   82.8,   95.8,   99.0,    4.2,    1.0,    0.0,    0.0,    0.0,    0.0,    0.0,    0.0,    0.0,    0.0,    0.0,    0.0,     51,      3,      4,      0,     34,     13,     37,     17,     51,      3,      4,      0,     34,     13,     37,     17,      0,      0,      0,      0,      0,      0,      0,      0,    42.2,    62.2,    62.8,    87.1,    41.5,    62.2,    62.2,    84.6,    42.2,    62.2,    62.8,    87.1,    41.5,    62.2,    62.2,    84.6,     0.0,     0.0,     0.0,     0.0,     0.0,     0.0,     0.0,     0.0,"($100 X DJ US REAL ESTATE INDEX)","124606","CBT ","124 "
"BITCOIN - CHICAGO MERCANTILE EXCHANGE",260106,2026-01-06,133741,CME ,00,133 ,   22168,   18004,   18738,    1633,    1337,     679,   20974,   21050,    1194,    1118,   22168,   18004,   18738,    1633,    1337,     679,   20974,   21050,    1194,    1118,       0,       0,       0,       0,       0,       0,       0,       0,       0,       0,    2002,    1593,    1814,     278,      -5,     -37,    1866,    2055,     136,     -53,  100.0,   81.2,   84.5,    7.4,    6.0,    3.1,   94.6,   95.0,    5.4,    5.0,  100.0,   81.2,   84.5,    7.4,    6.0,    3.1,   94.6,   95.0,    5.4,    5.0,    0.0,    0.0,    0.0,    0.0,    0.0,    0.0,    0.0,    0.0,    0.0,    0.0,    132,     44,     76,     26,      6,      7,     66,     95,    132,     44,     76,     26,      6,      7,     66,     95,      0,      0,      0,      0,      0,      0,      0,      0,    69.9,    28.8,    77.4,    42.9,    67.8,    28.6,    74.7,    42.5,    69.9,    28.8,    77.4,    42.9,    67.8,    28.6,    74.7,    42.5,     0.0,     0.0,     0.0,     0.0,     0.0,     0.0,     0.0,     0.0,"(5 Bitcoins)","133741","CME ","133 "
"MICRO BITCOIN - CHICAGO MERCANTILE EXCHANGE",260106,2026-01-06,133742,CME ,00,180 ,   27086,   19367,   24303,     615,       0,       0,   19982,   24918,    7104,    2168,   27086,   19367,   24303,     615,       0,       0,   19982,   24918,    7104,    2168,       0,       0,       0,       0,       0,       0,       0,       0,       0,       0,    5840,    4982,    5960,    -174,       0,       0,    4808,    5786,    1032,      54,  100.0,   71.5,   89.7,    2.3,    0.0,    0.0,   73.8,   92.0,   26.2,    8.0,  100.0,   71.5,   89.7,    2.3,    0.0,    0.0,   73.8,   92.0,   26.2,    8.0,    0.0,    0.0,    0.0,    0.0,    0.0,    0.0,    0.0,    0.0,    0.0,    0.0,    221,    149,     72,     16,      0,      0,    157,     80,    221,    149,     72,     16,      0,      0,    157,     80,      0,      0,      0,      0,      0,      0,      0,      0,    26.9,    56.6,    37.6,    65.9,    26.6,    56.3,    37.3,    65.5,    26.9,    56.6,    37.6,    65.9,    26.6,    56.3,    37.3,    65.5,     0.0,     0.0,     0.0,     0.0,     0.0,     0.0,     0.0,     0.0,"(Bitcoin X $0.10)","133742","CME ","180 "
"Nano Bitcoin - COINBASE DERIVATIVES, LLC",260106,2026-01-06,133LM1,FREX,00,180 ,   46608,   44490,   45750,       0,       0,       0,   44490,   45750,    2118,     858,   46608,   44490,   45750,       0,       0,       0,   44490,   45750,    2118,     858,       0,       0,       0,       0,       0,       0,       0,       0,       0,       0,   14336,   14219,   14113,      -2,       0,       0,   14217,   14111,     119,     225,  100.0,   95.5,   98.2,    0.0,    0.0,    0.0,   95.5,   98.2,    4.5,    1.8,  100.0,   95.5,   98.2,    0.0,    0.0,    0.0,   95.5,   98.2,    4.5,    1.8,    0.0,    0.0,    0.0,    0.0,    0.0,    0.0,    0.0,    0.0,    0.0,    0.0,    157,    112,     45,      0,      0,      0,    112,     45,    157,    112,     45,      0,      0,      0,    112,     45,      0,      0,      0,      0,      0,      0,      0,      0,    54.6,    80.6,    67.2,    87.9,    54.6,    80.6,    67.2,    87.9,    54.6,    80.6,    67.2,    87.9,    54.6,    80.6,    67.2,    87.9,     0.0,     0.0,     0.0,     0.0,     0.0,     0.0,     0.0,     0.0,"(1/100 X Bitcoin = $300)","133LM1","FREX","180 "
"NANO BITCOIN PERP STYLE - COINBASE DERIVATIVES, LLC",260106,2026-01-06,133LM4,FREX,00,180 ,  118400,  106694,  115296,       0,       0,       0,  106694,  115296,   11706,    3104,  118400,  106694,  115296,       0,       0,       0,  106694,  115296,   11706,    3104,       0,       0,       0,       0,       0,       0,       0,       0,       0,       0,   -4380,    -178,   -4409,       0,       0,       0,    -178,   -4409,   -4202,      29,  100.0,   90.1,   97.4,    0.0,    0.0,    0.0,   90.1,   97.4,    9.9,    2.6,  100.0,   90.1,   97.4,    0.0,    0.0,    0.0,   90.1,   97.4,    9.9,    2.6,    0.0,    0.0,    0.0,    0.0,    0.0,    0.0,    0.0,    0.0,    0.0,    0.0,    766,    543,    223,      0,      0,      0,    543,    223,    766,    543,    223,      0,      0,      0,    543,    223,      0,      0,      0,      0,      0,      0,      0,      0,    24.1,    38.5,    30.8,    54.0,    24.1,    38.5,    30.8,    54.0,    24.1,    38.5,    30.8,    54.0,    24.1,    38.5,    30.8,    54.0,     0.0,     0.0,     0.0,     0.0,     0.0,     0.0,     0.0,     0.0,"(1/100 X Bitcoin)","133LM4","FREX","180 "
"SOFR-3M - CHICAGO MERCANTILE EXCHANGE",260106,2026-01-06,134741,CME ,00,134 ,12523671, 1774379, 2119764, 3763162, 6962180, 6616890,12499721,12499816,   23950,   23855,12523671, 1774379, 2119764, 3763162, 6962180, 6616890,12499721,12499816,   23950,   23855,       0,       0,       0,       0,       0,       0,       0,       0,       0,       0,  103805,  -10946,  128273,  -92884,  204089,   67353,  100259,  102742,    3546,    1063,  100.0,   14.2,   16.9,   30.0,   55.6,   52.8,   99.8,   99.8,    0.2,    0.2,  100.0,   14.2,   16.9,   30.0,   55.6,   52.8,   99.8,   99.8,    0.2,    0.2,    0.0,    0.0,    0.0,    0.0,    0.0,    0.0,    0.0,    0.0,    0.0,    0.0,    845,    242,    233,    263,    256,    274,    661,    651,    845,    242,    233,    263,    256,    274,    661,    651,      0,      0,      0,      0,      0,      0,      0,      0,    16.7,    18.2,    28.5,    30.2,    13.6,    11.3,    19.5,    17.5,    16.7,    18.2,    28.5,    30.2,    13.6,    11.3,    19.5,    17.5,     0.0,     0.0,     0.0,     0.0,     0.0,     0.0,     0.0,     0.0,"($2,500 x Contract IMM Index)","134741","CME ","134 "
"SOFR-1M - CHICAGO MERCANTILE EXCHANGE",260106,2026-01-06,134742,CME ,00,134 , 1422845,  219678,  528885,  161233, 1041411,  732210, 1422322, 1422328,     523,     517, 1422845,  219678,  528885,  161233, 1041411,  732210, 1422322, 1422328,     523,     517,       0,       0,       0,       0,       0,       0,       0,       0,       0,       0, -379886, -111682, -199748,   -5417, -243920, -152770, -361019, -357935,  -18867,  -21951,  100.0,   15.4,   37.2,   11.3,   73.2,   51.5,  100.0,  100.0,    0.0,    0.0,  100.0,   15.4,   37.2,   11.3,   73.2,   51.5,  100.0,  100.0,    0.0,    0.0,    0.0,    0.0,    0.0,    0.0,    0.0,    0.0,    0.0,    0.0,    0.0,    0.0,    215,     47,     59,     53,     81,     91,    157,    175,    215,     47,     59,     53,     81,     91,    157,    175,      0,      0,      0,      0,      0,      0,      0,      0,    21.0,    33.7,    35.4,    47.1,    16.1,    25.9,    26.4,    38.5,    21.0,    33.7,    35.4,    47.1,    16.1,    25.9,    26.4,    38.5,     0.0,     0.0,     0.0,     0.0,     0.0,     0.0,     0.0,     0.0,"($4,167 x Contract IMM Index)","134742","CME ","134 "
"CANOLA - ICE FUTURES U.S.",260106,2026-01-06,135731,ICUS,01,135 ,  261599,   49770,  145013,   27465,  180467,   85002,  257702,  257480,    3897,    4119,  244277,   49309,  141759,   24352,  166750,   74221,  240411,  240332,    3866,    3945,   17322,    3464,    6257,     110,   13717,   10781,   17291,   17148,      31,     174,  -10784,     469,   -1115,   -6860,   -7183,   -5392,  -13574,  -13367,    2790,    2583,  100.0,   19.0,   55.4,   10.5,   69.0,   32.5,   98.5,   98.4,    1.5,    1.6,  100.0,   20.2,   58.0,   10.0,   68.3,   30.4,   98.4,   98.4,    1.6,    1.6,  100.0,   20.0,   36.1,    0.6,   79.2,   62.2,   99.8,   99.0,    0.2,    1.0,    286,     76,    122,     54,     52,     61,    157,    212,    283,     79,    120,     51,     49,     57,    152,    205,     77,     12,     30,      5,     13,     25,     29,     56,    41.4,    27.2,    59.5,    40.9,    38.5,    26.9,    54.3,    40.6,    41.0,    29.1,    58.9,    43.4,    38.8,    28.8,    54.3,    43.2,    72.8,    42.0,    87.0,    61.0,    72.0,    42.0,    86.1,    61.0,"(20 Metric Tonnes)","135731","ICUS","135 "
"S&P 500 Consolidated - CHICAGO MERCANTILE EXCHANGE",260106,2026-01-06,13874+,CME ,00,138 , 1959833,  229031,  334753,   46975, 1411571, 1439328, 1687577, 1821056,  272256,  138777, 1959833,  229031,  334753,   46975, 1411571, 1439328, 1687577, 1821056,  272256,  138777,       0,       0,       0,       0,       0,       0,       0,       0,       0,       0,   10429,    2606,   13766,   -1380,    8109,    7908,    9335,   20293,    1094,   -9864,  100.0,   11.7,   17.1,    2.4,   72.0,   73.4,   86.1,   92.9,   13.9,    7.1,  100.0,   11.7,   17.1,    2.4,   72.0,   73.4,   86.1,   92.9,   13.9,    7.1,    0.0,    0.0,    0.0,    0.0,    0.0,    0.0,    0.0,    0.0,    0.0,    0.0,    451,     68,     57,     39,    253,    191,    344,    265,    451,     68,     57,     39,    253,    191,    344,    265,      0,      0,      0,      0,      0,      0,      0,      0,    10.0,    28.4,    17.7,    39.7,     9.5,    28.3,    17.0,    39.7,    10.0,    28.4,    17.7,    39.7,     9.5,    28.3,    17.0,    39.7,     0.0,     0.0,     0.0,     0.0,     0.0,     0.0,     0.0,     0.0,"(S&P 500 INDEX X $50.00)","13874+","CME ","138 "
"E-MINI S&P CONSU STAPLES INDEX - CHICAGO MERCANTILE EXCHANGE",260106,2026-01-06,138748,CME ,00,138 ,   32872,    2025,    3130,       0,   28621,   28505,   30646,   31635,    2226,    1237,   32872,    2025,    3130,       0,   28621,   28505,   30646,   31635,    2226,    1237,       0,       0,       0,       0,       0,       0,       0,       0,       0,       0,    3833,       0,     523,       0,    3483,    3419,    3483,    3942,     350,    -109,  100.0,    6.2,    9.5,    0.0,   87.1,   86.7,   93.2,   96.2,    6.8,    3.8,  100.0,    6.2,    9.5,    0.0,   87.1,   86.7,   93.2,   96.2,    6.8,    3.8,    0.0,    0.0,    0.0,    0.0,    0.0,    0.0,    0.0,    0.0,    0.0,    0.0,     31,      2,      4,      0,     12,     13,     14,     17,     31,      2,      4,      0,     12,     13,     14,     17,      0,      0,      0,      0,      0,      0,      0,      0,    66.4,    73.8,    81.8,    84.8,    66.4,    73.8,    81.8,    84.8,    66.4,    73.8,    81.8,    84.8,    66.4,    73.8,    81.8,    84.8,     0.0,     0.0,     0.0,     0.0,     0.0,     0.0,     0.0,     0.0,"($100 x S&P Select Sector Consumer Stapl","138748","CME ","138 "
"E-MINI S&P ENERGY INDEX - CHICAGO MERCANTILE EXCHANGE",260106,2026-01-06,138749,CME ,00,138 ,   18141,    3044,     494,       0,   13130,   16261,   16174,   16755,    1967,    1386,   18141,    3044,     494,       0,   13130,   16261,   16174,   16755,    1967,    1386,       0,       0,       0,       0,       0,       0,       0,       0,       0,       0,   -5428,     -60,    -414,       0,   -4874,   -5374,   -4934,   -5788,    -494,     360,  100.0,   16.8,    2.7,    0.0,   72.4,   89.6,   89.2,   92.4,   10.8,    7.6,  100.0,   16.8,    2.7,    0.0,   72.4,   89.6,   89.2,   92.4,   10.8,    7.6,    0.0,    0.0,    0.0,    0.0,    0.0,    0.0,    0.0,    0.0,    0.0,    0.0,     26,      3,      1,      0,     11,     11,     14,     12,     26,      3,      1,      0,     11,     11,     14,     12,      0,      0,      0,      0,      0,      0,      0,      0,    61.4,    65.9,    78.2,    83.8,    61.4,    65.9,    78.2,    83.8,    61.4,    65.9,    78.2,    83.8,    61.4,    65.9,    78.2,    83.8,     0.0,     0.0,     0.0,     0.0,     0.0,     0.0,     0.0,     0.0,"($100 x S&P Select Sector Energy Index p","138749","CME ","138 "
"E-MINI S&P 500 - CHICAGO MERCANTILE EXCHANGE",260106,2026-01-06,13874A,CME ,00,138 , 1945513,  227064,  333152,   46679, 1406497, 1436875, 1680240, 1816706,  265273,  128807, 1945513,  227064,  333152,   46679, 1406497, 1436875, 1680240, 1816706,  265273,  128807,       0,       0,       0,       0,       0,       0,       0,       0,       0,       0,    9018,    2137,   13810,   -1351,    7341,    7809,    8127,   20268,     891,  -11250,  100.0,   11.7,   17.1,    2.4,   72.3,   73.9,   86.4,   93.4,   13.6,    6.6,  100.0,   11.7,   17.1,    2.4,   72.3,   73.9,   86.4,   93.4,   13.6,    6.6,    0.0,    0.0,    0.0,    0.0,    0.0,    0.0,    0.0,    0.0,    0.0,    0.0,    442,     64,     54,     36,    248,    188,    332,    259,    442,     64,     54,     36,    248,    188,    332,    259,      0,      0,      0,      0,      0,      0,      0,      0,    10.1,    28.6,    17.8,    39.9,     9.5,    28.6,    17.1,    39.9,    10.1,    28.6,    17.8,    39.9,     9.5,    28.6,    17.1,    39.9,     0.0,     0.0,     0.0,     0.0,     0.0,     0.0,     0.0,     0.0,"($50 X S&P 500 INDEX)","13874A","CME ","138 "
"E-MINI S&P FINANCIAL INDEX - CHICAGO MERCANTILE EXCHANGE",260106,2026-01-06,13874C,CME ,00,138 ,   83292,     967,    1481,       0,   79987,   81013,   80954,   82494,    2338,     798,   83292,     967,    1481,       0,   79987,   81013,   80954,   82494,    2338,     798,       0,       0,       0,       0,       0,       0,       0,       0,       0,       0,     207,       0,     235,       0,     250,    -343,     250,    -108,     -43,     315,  100.0,    1.2,    1.8,    0.0,   96.0,   97.3,   97.2,   99.0,    2.8,    1.0,  100.0,    1.2,    1.8,    0.0,   96.0,   97.3,   97.2,   99.0,    2.8,    1.0,    0.0,    0.0,    0.0,    0.0,    0.0,    0.0,    0.0,    0.0,    0.0,    0.0,     44,      3,      3,      0,     23,     15,     26,     18,     44,      3,      3,      0,     23,     15,     26,     18,      0,      0,      0,      0,      0,      0,      0,      0,    59.3,    66.6,    84.2,    90.2,    59.3,    66.6,    84.2,    90.2,    59.3,    66.6,    84.2,    90.2,    59.3,    66.6,    84.2,    90.2,     0.0,     0.0,     0.0,     0.0,     0.0,     0.0,     0.0,     0.0,"($250 x S&P Select Sector Financial Inde","13874C","CME ","138 "
"E-MINI S&P HEALTH CARE INDEX - CHICAGO MERCANTILE EXCHANGE",260106,2026-01-06,13874E,CME ,00,138 ,   18544,     816,       0,       0,   13810,   17711,   14626,   17711,    3918,     833,   18544,     816,       0,       0,   13810,   17711,   14626,   17711,    3918,     833,       0,       0,       0,       0,       0,       0,       0,       0,       0,       0,      86,      43,       0,       0,       7,      17,      50,      17,      36,      69,  100.0,    4.4,    0.0,    0.0,   74.5,   95.5,   78.9,   95.5,   21.1,    4.5,  100.0,    4.4,    0.0,    0.0,   74.5,   95.5,   78.9,   95.5,   21.1,    4.5,    0.0,    0.0,    0.0,    0.0,    0.0,    0.0,    0.0,    0.0,    0.0,    0.0,     23,      3,      0,      0,     13,      7,     16,      7,     23,      3,      0,      0,     13,      7,     16,      7,      0,      0,      0,      0,      0,      0,      0,      0,    58.2,    81.0,    67.5,    95.5,    58.2,    81.0,    67.5,    95.5,    58.2,    81.0,    67.5,    95.5,    58.2,    81.0,    67.5,    95.5,     0.0,     0.0,     0.0,     0.0,     0.0,     0.0,     0.0,     0.0,"($100 x S&P Select Sector Health Care In","13874E","CME ","138 "
"E-MINI S&P INDUSTRIAL INDEX - CHICAGO MERCANTILE EXCHANGE",260106,2026-01-06,13874F,CME ,00,138 ,   10873,    1052,     230,       0,    7555,    9935,    8607,   10165,    2266,     708,   10873,    1052,     230,       0,    7555,    9935,    8607,   10165,    2266,     708,       0,       0,       0,       0,       0,       0,       0,       0,       0,       0,     413,     138,     230,       0,       0,     155,     138,     385,     275,      28,  100.0,    9.7,    2.1,    0.0,   69.5,   91.4,   79.2,   93.5,   20.8,    6.5,  100.0,    9.7,    2.1,    0.0,   69.5,   91.4,   79.2,   93.5,   20.8,    6.5,    0.0,    0.0,    0.0,    0.0,    0.0,    0.0,    0.0,    0.0,    0.0,    0.0,     22,      2,      1,      0,      7,     12,      9,     13,     22,      2,      1,      0,      7,     12,      9,     13,      0,      0,      0,      0,      0,      0,      0,      0,    56.1,    54.7,    77.3,    81.5,    56.1,    54.7,    77.3,    81.5,    56.1,    54.7,    77.3,    81.5,    56.1,    54.7,    77.3,    81.5,     0.0,     0.0,     0.0,     0.0,     0.0,     0.0,     0.0,     0.0,"($100 x S&P Select Sector Industrial Ind","13874F","CME ","138 "
"E-MINI S&P TECHNOLOGY INDEX - CHICAGO MERCANTILE EXCHANGE",260106,2026-01-06,13874I,CME ,00,138 ,   20243,    1581,     214,       0,   16285,   19782,   17866,   19996,    2377,     247,   20243,    1581,     214,       0,   16285,   19782,   17866,   19996,    2377,     247,       0,       0,       0,       0,       0,       0,       0,       0,       0,       0,     581,     126,      -4,       0,     585,     571,     711,     567,    -130,      14,  100.0,    7.8,    1.1,    0.0,   80.4,   97.7,   88.3,   98.8,   11.7,    1.2,  100.0,    7.8,    1.1,    0.0,   80.4,   97.7,   88.3,   98.8,   11.7,    1.2,    0.0,    0.0,    0.0,    0.0,    0.0,    0.0,    0.0,    0.0,    0.0,    0.0,     26,      3,      1,      0,     12,     10,     15,     11,     26,      3,      1,      0,     12,     10,     15,     11,      0,      0,      0,      0,      0,      0,      0,      0,    56.3,    82.3,    75.1,    95.1,    56.3,    82.3,    75.1,    95.1,    56.3,    82.3,    75.1,    95.1,    56.3,    82.3,    75.1,    95.1,     0.0,     0.0,     0.0,     0.0,     0.0,     0.0,     0.0,     0.0,"($100 x S&P Select Sector Technology Ind","13874I","CME ","138 "
"E-MINI S&P UTILITIES INDEX - CHICAGO MERCANTILE EXCHANGE",260106,2026-01-06,13874J,CME ,00,138 ,   30473,    3143,    1457,       0,   23450,   28180,   26593,   29637,    3880,     836,   30473,    3143,    1457,       0,   23450,   28180,   26593,   29637,    3880,     836,       0,       0,       0,       0,       0,       0,       0,       0,       0,       0,     154,     732,    -232,       0,    -314,     407,     418,     175,    -264,     -21,  100.0,   10.3,    4.8,    0.0,   77.0,   92.5,   87.3,   97.3,   12.7,    2.7,  100.0,   10.3,    4.8,    0.0,   77.0,   92.5,   87.3,   97.3,   12.7,    2.7,    0.0,    0.0,    0.0,    0.0,    0.0,    0.0,    0.0,    0.0,    0.0,    0.0,     37,      6,      1,      0,     16,     15,     22,     16,     37,      6,      1,      0,     16,     15,     22,     16,      0,      0,      0,      0,      0,      0,      0,      0,    55.4,    75.4,    69.0,    90.5,    55.4,    75.4,    69.0,    90.5,    55.4,    75.4,    69.0,    90.5,    55.4,    75.4,    69.0,    90.5,     0.0,     0.0,     0.0,     0.0,     0.0,     0.0,     0.0,     0.0,"($100 x S&P Select Sector Utilities Inde","13874J","CME ","138 "
"E-MINI S&P COMMUNICATION INDEX - CHICAGO MERCANTILE EXCHANGE",260106,2026-01-06,13874P,CME ,00,138 ,   18494,     836,    1733,       0,   15934,   16235,   16770,   17968,    1724,     526,   18494,     836,    1733,       0,   15934,   16235,   16770,   17968,    1724,     526,       0,       0,       0,       0,       0,       0,       0,       0,       0,       0,    -912,       0,    -166,       0,    -970,    -895,    -970,   -1061,      58,     149,  100.0,    4.5,    9.4,    0.0,   86.2,   87.8,   90.7,   97.2,    9.3,    2.8,  100.0,    4.5,    9.4,    0.0,   86.2,   87.8,   90.7,   97.2,    9.3,    2.8,    0.0,    0.0,    0.0,    0.0,    0.0,    0.0,    0.0,    0.0,    0.0,    0.0,     21,      1,      1,      0,     11,      8,     12,      9,     21,      1,      1,      0,     11,      8,     12,      9,      0,      0,      0,      0,      0,      0,      0,      0,    63.8,    76.9,    82.1,    94.9,    63.8,    76.9,    82.1,    94.9,    63.8,    76.9,    82.1,    94.9,    63.8,    76.9,    82.1,    94.9,     0.0,     0.0,     0.0,     0.0,     0.0,     0.0,     0.0,     0.0,"($250 x S&P Select Sector Communication","13874P","CME ","138 "
"MICRO E-MINI S&P 500 INDEX - CHICAGO MERCANTILE EXCHANGE",260106,2026-01-06,13874U,CME ,00,138 ,  143197,   20095,   16433,    2537,   50736,   24527,   73368,   43497,   69829,   99700,  143197,   20095,   16433,    2537,   50736,   24527,   73368,   43497,   69829,   99700,       0,       0,       0,       0,       0,       0,       0,       0,       0,       0,   14113,    2458,   -2675,    1939,    7683,     990,   12080,     254,    2033,   13859,  100.0,   14.0,   11.5,    1.8,   35.4,   17.1,   51.2,   30.4,   48.8,   69.6,  100.0,   14.0,   11.5,    1.8,   35.4,   17.1,   51.2,   30.4,   48.8,   69.6,    0.0,    0.0,    0.0,    0.0,    0.0,    0.0,    0.0,    0.0,    0.0,    0.0,     37,      9,      5,      3,     19,      9,     31,     14,     37,      9,      5,      3,     19,      9,     31,     14,      0,      0,      0,      0,      0,      0,      0,      0,    17.9,    19.0,    27.7,    27.1,    16.8,    18.5,    26.6,    24.7,    17.9,    19.0,    27.7,    27.1,    16.8,    18.5,    26.6,    24.7,     0.0,     0.0,     0.0,     0.0,     0.0,     0.0,     0.0,     0.0,"($5 X S&P 500 INDEX)","13874U","CME ","138 "
"ADJUSTED INT RATE S&P 500 TOTL - CHICAGO MERCANTILE EXCHANGE",260106,2026-01-06,13874W,CME ,00,138 ,  946587,   66508,   93204,  139067,  734606,  697451,  940181,  929722,    6406,   16865,  946587,   66508,   93204,  139067,  734606,  697451,  940181,  929722,    6406,   16865,       0,       0,       0,       0,       0,       0,       0,       0,       0,       0,    4004,    -368,   -1991,    8937,   -4830,   -2905,    3739,    4041,     265,     -37,  100.0,    7.0,    9.8,   14.7,   77.6,   73.7,   99.3,   98.2,    0.7,    1.8,  100.0,    7.0,    9.8,   14.7,   77.6,   73.7,   99.3,   98.2,    0.7,    1.8,    0.0,    0.0,    0.0,    0.0,    0.0,    0.0,    0.0,    0.0,    0.0,    0.0,     69,      7,      7,     17,     37,     49,     54,     68,     69,      7,      7,     17,     37,     49,     54,     68,      0,      0,      0,      0,      0,      0,      0,      0,    40.3,    24.3,    60.3,    41.9,    31.0,    22.1,    45.6,    34.7,    40.3,    24.3,    60.3,    41.9,    31.0,    22.1,    45.6,    34.7,     0.0,     0.0,     0.0,     0.0,     0.0,     0.0,     0.0,     0.0,"(S&P 500 TOTAL RETURN INDEX x $25)","13874W","CME ","138 "
"ETHER CASH SETTLED - CHICAGO MERCANTILE EXCHANGE",260106,2026-01-06,146021,CME ,00,146 ,   37920,   28541,   26492,    8095,     263,    2712,   36899,   37299,    1021,     621,   37920,   28541,   26492,    8095,     263,    2712,   36899,   37299,    1021,     621,       0,       0,       0,       0,       0,       0,       0,       0,       0,       0,    4285,    2818,    3877,    1184,     128,    -635,    4130,    4426,     155,    -141,  100.0,   75.3,   69.9,   21.3,    0.7,    7.2,   97.3,   98.4,    2.7,    1.6,  100.0,   75.3,   69.9,   21.3,    0.7,    7.2,   97.3,   98.4,    2.7,    1.6,    0.0,    0.0,    0.0,    0.0,    0.0,    0.0,    0.0,    0.0,    0.0,    0.0,     93,     31,     54,     22,      3,      5,     50,     67,     93,     31,     54,     22,      3,      5,     50,     67,      0,      0,      0,      0,      0,      0,      0,      0,    85.1,    44.8,    89.2,    64.4,    69.6,    32.1,    71.5,    50.0,    85.1,    44.8,    89.2,    64.4,    69.6,    32.1,    71.5,    50.0,     0.0,     0.0,     0.0,     0.0,     0.0,     0.0,     0.0,     0.0,"(50 Index Points)","146021","CME ","146 "
"MICRO ETHER - CHICAGO MERCANTILE EXCHANGE",260106,2026-01-06,146022,CME ,00,180 ,  102523,   94087,   96857,    5045,       0,       0,   99132,  101902,    3391,     621,  102523,   94087,   96857,    5045,       0,       0,   99132,  101902,    3391,     621,       0,       0,       0,       0,       0,       0,       0,       0,       0,       0,    7874,    3981,    4718,    3229,       0,       0,    7210,    7947,     664,     -73,  100.0,   91.8,   94.5,    4.9,    0.0,    0.0,   96.7,   99.4,    3.3,    0.6,  100.0,   91.8,   94.5,    4.9,    0.0,    0.0,   96.7,   99.4,    3.3,    0.6,    0.0,    0.0,    0.0,    0.0,    0.0,    0.0,    0.0,    0.0,    0.0,    0.0,    309,    248,     61,      7,      0,      0,    251,     65,    309,    248,     61,      7,      0,      0,    251,     65,      0,      0,      0,      0,      0,      0,      0,      0,    52.7,    84.4,    64.2,    90.1,    51.8,    80.3,    61.1,    86.1,    52.7,    84.4,    64.2,    90.1,    51.8,    80.3,    61.1,    86.1,     0.0,     0.0,     0.0,     0.0,     0.0,     0.0,     0.0,     0.0,"(0.1 Index Points)","146022","CME ","180 "
"NANO ETHER - COINBASE DERIVATIVES, LLC",260106,2026-01-06,146LM1,FREX,00,180 ,   57763,   56063,   57197,       0,       0,       0,   56063,   57197,    1700,     566,   57763,   56063,   57197,       0,       0,       0,   56063,   57197,    1700,     566,       0,       0,       0,       0,       0,       0,       0,       0,       0,       0,   10098,    9940,    9953,      -3,       0,       0,    9937,    9950,     161,     148,  100.0,   97.1,   99.0,    0.0,    0.0,    0.0,   97.1,   99.0,    2.9,    1.0,  100.0,   97.1,   99.0,    0.0,    0.0,    0.0,   97.1,   99.0,    2.9,    1.0,    0.0,    0.0,    0.0,    0.0,    0.0,    0.0,    0.0,    0.0,    0.0,    0.0,    171,    127,     44,      0,      0,      0,    127,     44,    171,    127,     44,      0,      0,      0,    127,     44,      0,      0,      0,      0,      0,      0,      0,      0,    50.5,    81.2,    62.5,    90.2,    50.5,    81.2,    62.5,    90.2,    50.5,    81.2,    62.5,    90.2,    50.5,    81.2,    62.5,    90.2,     0.0,     0.0,     0.0,     0.0,     0.0,     0.0,     0.0,     0.0,"(0.1 Ether or 1/10 X$2,000 = $200)","146LM1","FREX","180 "
"NANO ETHER PERP STYLE - COINBASE DERIVATIVES, LLC",260106,2026-01-06,146LM3,FREX,00,180 ,  199668,  190239,  198071,       0,       0,       0,  190239,  198071,    9429,    1597,  199668,  190239,  198071,       0,       0,       0,  190239,  198071,    9429,    1597,       0,       0,       0,       0,       0,       0,       0,       0,       0,       0,    4023,    4365,    4066,       0,       0,       0,    4365,    4066,    -342,     -43,  100.0,   95.3,   99.2,    0.0,    0.0,    0.0,   95.3,   99.2,    4.7,    0.8,  100.0,   95.3,   99.2,    0.0,    0.0,    0.0,   95.3,   99.2,    4.7,    0.8,    0.0,    0.0,    0.0,    0.0,    0.0,    0.0,    0.0,    0.0,    0.0,    0.0,    814,    622,    192,      0,      0,      0,    622,    192,    814,    622,    192,      0,      0,      0,    622,    192,      0,      0,      0,      0,      0,      0,      0,      0,    32.8,    50.4,    41.2,    68.4,    32.8,    50.4,    41.2,    68.4,    32.8,    50.4,    41.2,    68.4,    32.8,    50.4,    41.2,    68.4,     0.0,     0.0,     0.0,     0.0,     0.0,     0.0,     0.0,     0.0,"(1/10 X Ether)","146LM3","FREX","180 "
"DOGECOIN - COINBASE DERIVATIVES, LLC",260106,2026-01-06,168DC1,FREX,00,180 ,   10432,   10010,   10246,       0,       0,       0,   10010,   10246,     422,     186,   10432,   10010,   10246,       0,       0,       0,   10010,   10246,     422,     186,       0,       0,       0,       0,       0,       0,       0,       0,       0,       0,    5112,    5104,    5077,       0,       0,       0,    5104,    5077,       8,      35,  100.0,   96.0,   98.2,    0.0,    0.0,    0.0,   96.0,   98.2,    4.0,    1.8,  100.0,   96.0,   98.2,    0.0,    0.0,    0.0,   96.0,   98.2,    4.0,    1.8,    0.0,    0.0,    0.0,    0.0,    0.0,    0.0,    0.0,    0.0,    0.0,    0.0,     23,     11,     12,      0,      0,      0,     11,     12,     23,     11,     12,      0,      0,      0,     11,     12,      0,      0,      0,      0,      0,      0,      0,      0,    93.0,    78.4,    95.1,    95.6,    93.0,    78.4,    95.1,    95.6,    93.0,    78.4,    95.1,    95.6,    93.0,    78.4,    95.1,    95.6,     0.0,     0.0,     0.0,     0.0,     0.0,     0.0,     0.0,     0.0,"(5,000 Dogecoin X $0.12 = Contract $600)","168DC1","FREX","180 "
"POLKADOT PERP STYLE - COINBASE DERIVATIVES, LLC",260106,2026-01-06,169LM2,FREX,00,180 ,    1653,    1375,    1527,       0,       0,       0,    1375,    1527,     278,     126,    1653,    1375,    1527,       0,       0,       0,    1375,    1527,     278,     126,       0,       0,       0,       0,       0,       0,       0,       0,       0,       0,.,.,.,.,.,.,.,.,.,.,  100.0,   83.2,   92.4,    0.0,    0.0,    0.0,   83.2,   92.4,   16.8,    7.6,  100.0,   83.2,   92.4,    0.0,    0.0,    0.0,   83.2,   92.4,   16.8,    7.6,    0.0,    0.0,    0.0,    0.0,    0.0,    0.0,    0.0,    0.0,    0.0,    0.0,     22,     11,     11,      0,      0,      0,     11,     11,     22,     11,     11,      0,      0,      0,     11,     11,      0,      0,      0,      0,      0,      0,      0,      0,    64.9,    71.9,    77.1,    87.5,    64.9,    71.9,    77.1,    87.5,    64.9,    71.9,    77.1,    87.5,    64.9,    71.9,    77.1,    87.5,     0.0,     0.0,     0.0,     0.0,     0.0,     0.0,     0.0,     0.0,"(100 Polkadot)","169LM2","FREX","180 "
"CHAINLINK PERP STYLE - COINBASE DERIVATIVES, LLC",260106,2026-01-06,170LM2,FREX,00,180 ,    1368,     921,    1014,       0,       0,       0,     921,    1014,     447,     354,    1368,     921,    1014,       0,       0,       0,     921,    1014,     447,     354,       0,       0,       0,       0,       0,       0,       0,       0,       0,       0,      30,     -22,      -8,       0,       0,       0,     -22,      -8,      52,      38,  100.0,   67.3,   74.1,    0.0,    0.0,    0.0,   67.3,   74.1,   32.7,   25.9,  100.0,   67.3,   74.1,    0.0,    0.0,    0.0,   67.3,   74.1,   32.7,   25.9,    0.0,    0.0,    0.0,    0.0,    0.0,    0.0,    0.0,    0.0,    0.0,    0.0,     28,     16,     12,      0,      0,      0,     16,     12,     28,     16,     12,      0,      0,      0,     16,     12,      0,      0,      0,      0,      0,      0,      0,      0,    30.3,    43.3,    47.1,    64.1,    30.3,    43.3,    47.1,    64.1,    30.3,    43.3,    47.1,    64.1,    30.3,    43.3,    47.1,    64.1,     0.0,     0.0,     0.0,     0.0,     0.0,     0.0,     0.0,     0.0,"(50 Chainlink)","170LM2","FREX","180 "
"AVALANCHE - COINBASE DERIVATIVES, LLC",260106,2026-01-06,171LM1,FREX,00,180 ,    2358,    2039,    2267,       0,       0,       0,    2039,    2267,     319,      91,    2358,    2039,    2267,       0,       0,       0,    2039,    2267,     319,      91,       0,       0,       0,       0,       0,       0,       0,       0,       0,       0,     -18,     -57,       4,       0,       0,       0,     -57,       4,      39,     -22,  100.0,   86.5,   96.1,    0.0,    0.0,    0.0,   86.5,   96.1,   13.5,    3.9,  100.0,   86.5,   96.1,    0.0,    0.0,    0.0,   86.5,   96.1,   13.5,    3.9,    0.0,    0.0,    0.0,    0.0,    0.0,    0.0,    0.0,    0.0,    0.0,    0.0,     30,     23,      7,      0,      0,      0,     23,      7,     30,     23,      7,      0,      0,      0,     23,      7,      0,      0,      0,      0,      0,      0,      0,      0,    45.3,    92.2,    61.4,    96.1,    45.3,    92.2,    61.4,    96.1,    45.3,    92.2,    61.4,    96.1,    45.3,    92.2,    61.4,    96.1,     0.0,     0.0,     0.0,     0.0,     0.0,     0.0,     0.0,     0.0,"(10 Avalanche x $30 = $300)","171LM1","FREX","180 "
"AVALANCHE PERP STYLE - COINBASE DERIVATIVES, LLC",260106,2026-01-06,171LM2,FREX,00,180 ,    3053,    2356,    2901,       0,       0,       0,    2356,    2901,     697,     152,    3053,    2356,    2901,       0,       0,       0,    2356,    2901,     697,     152,       0,       0,       0,       0,       0,       0,       0,       0,       0,       0,     719,     666,     687,       0,       0,       0,     666,     687,      53,      32,  100.0,   77.2,   95.0,    0.0,    0.0,    0.0,   77.2,   95.0,   22.8,    5.0,  100.0,   77.2,   95.0,    0.0,    0.0,    0.0,   77.2,   95.0,   22.8,    5.0,    0.0,    0.0,    0.0,    0.0,    0.0,    0.0,    0.0,    0.0,    0.0,    0.0,     46,     33,     13,      0,      0,      0,     33,     13,     46,     33,     13,      0,      0,      0,     33,     13,      0,      0,      0,      0,      0,      0,      0,      0,    22.4,    78.4,    37.6,    87.6,    22.4,    78.4,    37.6,    87.6,    22.4,    78.4,    37.6,    87.6,    22.4,    78.4,    37.6,    87.6,     0.0,     0.0,     0.0,     0.0,     0.0,     0.0,     0.0,     0.0,"(10 Avalanche)","171LM2","FREX","180 "
"1K SHIB PERP - COINBASE DERIVATIVES, LLC",260106,2026-01-06,172LM2,FREX,00,180 ,    2043,    1682,    1897,       0,       0,       0,    1682,    1897,     361,     146,    2043,    1682,    1897,       0,       0,       0,    1682,    1897,     361,     146,       0,       0,       0,       0,       0,       0,       0,       0,       0,       0,.,.,.,.,.,.,.,.,.,.,  100.0,   82.3,   92.9,    0.0,    0.0,    0.0,   82.3,   92.9,   17.7,    7.1,  100.0,   82.3,   92.9,    0.0,    0.0,    0.0,   82.3,   92.9,   17.7,    7.1,    0.0,    0.0,    0.0,    0.0,    0.0,    0.0,    0.0,    0.0,    0.0,    0.0,     33,     25,      8,      0,      0,      0,     25,      8,     33,     25,      8,      0,      0,      0,     25,      8,      0,      0,      0,      0,      0,      0,      0,      0,    23.3,    86.8,    43.3,    92.9,    23.3,    86.8,    43.3,    92.9,    23.3,    86.8,    43.3,    92.9,    23.3,    86.8,    43.3,    92.9,     0.0,     0.0,     0.0,     0.0,     0.0,     0.0,     0.0,     0.0,"(10,000 x 1k Shib Index)","172LM2","FREX","180 "
"CARDONA - COINBASE DERIVATIVES, LLC",260106,2026-01-06,174LM1,FREX,00,180 ,    1518,    1243,    1307,       0,       0,       0,    1243,    1307,     275,     211,    1518,    1243,    1307,       0,       0,       0,    1243,    1307,     275,     211,       0,       0,       0,       0,       0,       0,       0,       0,       0,       0,     419,     430,     351,       0,       0,       0,     430,     351,     -11,      68,  100.0,   81.9,   86.1,    0.0,    0.0,    0.0,   81.9,   86.1,   18.1,   13.9,  100.0,   81.9,   86.1,    0.0,    0.0,    0.0,   81.9,   86.1,   18.1,   13.9,    0.0,    0.0,    0.0,    0.0,    0.0,    0.0,    0.0,    0.0,    0.0,    0.0,     22,     15,      7,      0,      0,      0,     15,      7,     22,     15,      7,      0,      0,      0,     15,      7,      0,      0,      0,      0,      0,      0,      0,      0,    54.3,    79.9,    68.8,    86.1,    54.3,    79.9,    68.8,    86.1,    54.3,    79.9,    68.8,    86.1,    54.3,    79.9,    68.8,    86.1,     0.0,     0.0,     0.0,     0.0,     0.0,     0.0,     0.0,     0.0,"(1,000 Cardano)","174LM1","FREX","180 "
"CARDONA PERP STYLE - COINBASE DERIVATIVES, LLC",260106,2026-01-06,174LM2,FREX,00,180 ,    2926,    2415,    2672,       0,       0,       0,    2415,    2672,     511,     254,    2926,    2415,    2672,       0,       0,       0,    2415,    2672,     511,     254,       0,       0,       0,       0,       0,       0,       0,       0,       0,       0,     794,    1040,     667,       0,       0,       0,    1040,     667,    -246,     127,  100.0,   82.5,   91.3,    0.0,    0.0,    0.0,   82.5,   91.3,   17.5,    8.7,  100.0,   82.5,   91.3,    0.0,    0.0,    0.0,   82.5,   91.3,   17.5,    8.7,    0.0,    0.0,    0.0,    0.0,    0.0,    0.0,    0.0,    0.0,    0.0,    0.0,     39,     26,     13,      0,      0,      0,     26,     13,     39,     26,     13,      0,      0,      0,     26,     13,      0,      0,      0,      0,      0,      0,      0,      0,    39.5,    80.6,    57.4,    86.6,    39.5,    80.6,    57.4,    86.6,    39.5,    80.6,    57.4,    86.6,    39.5,    80.6,    57.4,    86.6,     0.0,     0.0,     0.0,     0.0,     0.0,     0.0,     0.0,     0.0,"(1,000 Cardano)","174LM2","FREX","180 "
"XRP - CHICAGO MERCANTILE EXCHANGE",260106,2026-01-06,176740,CME ,00,176 ,    8358,    8095,    7417,     138,       0,     600,    8233,    8155,     125,     203,    8358,    8095,    7417,     138,       0,     600,    8233,    8155,     125,     203,       0,       0,       0,       0,       0,       0,       0,       0,       0,       0,     826,     637,     708,     136,       0,       0,     773,     844,      53,     -18,  100.0,   96.9,   88.7,    1.7,    0.0,    7.2,   98.5,   97.6,    1.5,    2.4,  100.0,   96.9,   88.7,    1.7,    0.0,    7.2,   98.5,   97.6,    1.5,    2.4,    0.0,    0.0,    0.0,    0.0,    0.0,    0.0,    0.0,    0.0,    0.0,    0.0,     28,      6,     20,      4,      0,      2,      8,     24,     28,      6,     20,      4,      0,      2,      8,     24,      0,      0,      0,      0,      0,      0,      0,      0,    88.1,    63.0,    98.5,    81.7,    87.5,    62.0,    96.9,    80.7,    88.1,    63.0,    98.5,    81.7,    87.5,    62.0,    96.9,    80.7,     0.0,     0.0,     0.0,     0.0,     0.0,     0.0,     0.0,     0.0,"(Contracts of 50,000 XRP)","176740","CME ","176 "
"NANO XRP - COINBASE DERIVATIVES, LLC",260106,2026-01-06,176LM1,FREX,00,180 ,   22946,   21756,   22631,       0,       0,       0,   21756,   22631,    1190,     315,   22946,   21756,   22631,       0,       0,       0,   21756,   22631,    1190,     315,       0,       0,       0,       0,       0,       0,       0,       0,       0,       0,   10478,   10234,   10421,       0,       0,       0,   10234,   10421,     244,      57,  100.0,   94.8,   98.6,    0.0,    0.0,    0.0,   94.8,   98.6,    5.2,    1.4,  100.0,   94.8,   98.6,    0.0,    0.0,    0.0,   94.8,   98.6,    5.2,    1.4,    0.0,    0.0,    0.0,    0.0,    0.0,    0.0,    0.0,    0.0,    0.0,    0.0,     51,     36,     15,      0,      0,      0,     36,     15,     51,     36,     15,      0,      0,      0,     36,     15,      0,      0,      0,      0,      0,      0,      0,      0,    84.1,    95.3,    87.4,    97.6,    84.1,    95.3,    87.4,    97.6,    84.1,    95.3,    87.4,    97.6,    84.1,    95.3,    87.4,    97.6,     0.0,     0.0,     0.0,     0.0,     0.0,     0.0,     0.0,     0.0,"(500 XRP x $2.00 = $1000)","176LM1","FREX","180 "
"NANO XRP PERP STYLE - COINBASE DERIVATIVES, LLC",260106,2026-01-06,176LM3,FREX,00,180 ,   24581,   19747,   23631,       0,       0,       0,   19747,   23631,    4834,     950,   24581,   19747,   23631,       0,       0,       0,   19747,   23631,    4834,     950,       0,       0,       0,       0,       0,       0,       0,       0,       0,       0,   -1233,   -1125,   -1545,       0,       0,       0,   -1125,   -1545,    -108,     312,  100.0,   80.3,   96.1,    0.0,    0.0,    0.0,   80.3,   96.1,   19.7,    3.9,  100.0,   80.3,   96.1,    0.0,    0.0,    0.0,   80.3,   96.1,   19.7,    3.9,    0.0,    0.0,    0.0,    0.0,    0.0,    0.0,    0.0,    0.0,    0.0,    0.0,    157,    116,     41,      0,      0,      0,    116,     41,    157,    116,     41,      0,      0,      0,    116,     41,      0,      0,      0,      0,      0,      0,      0,      0,    39.7,    72.4,    47.1,    84.3,    39.7,    72.4,    47.1,    84.3,    39.7,    72.4,    47.1,    84.3,    39.7,    72.4,    47.1,    84.3,     0.0,     0.0,     0.0,     0.0,     0.0,     0.0,     0.0,     0.0,"(500 XRP x $2.00 = $1000)","176LM3","FREX","180 "
"SOL - CHICAGO MERCANTILE EXCHANGE",260106,2026-01-06,177741,CME ,00,177 ,   14588,   13235,   11846,     980,      77,    1474,   14292,   14300,     296,     288,   14588,   13235,   11846,     980,      77,    1474,   14292,   14300,     296,     288,       0,       0,       0,       0,       0,       0,       0,       0,       0,       0,     461,     523,     521,     -68,       5,     -17,     460,     436,       1,      25,  100.0,   90.7,   81.2,    6.7,    0.5,   10.1,   98.0,   98.0,    2.0,    2.0,  100.0,   90.7,   81.2,    6.7,    0.5,   10.1,   98.0,   98.0,    2.0,    2.0,    0.0,    0.0,    0.0,    0.0,    0.0,    0.0,    0.0,    0.0,    0.0,    0.0,     47,     12,     28,      3,      1,      6,     15,     35,     47,     12,     28,      3,      1,      6,     15,     35,      0,      0,      0,      0,      0,      0,      0,      0,    94.6,    58.8,    96.6,    73.3,    88.5,    52.1,    90.3,    66.6,    94.6,    58.8,    96.6,    73.3,    88.5,    52.1,    90.3,    66.6,     0.0,     0.0,     0.0,     0.0,     0.0,     0.0,     0.0,     0.0,"(500 SOL- CME CF Solana - Dollar Referen","177741","CME ","177 "
"NANO SOLANA - COINBASE DERIVATIVES, LLC",260106,2026-01-06,177LM1,FREX,00,180 ,   10479,    9498,   10191,       0,       0,       0,    9498,   10191,     981,     288,   10479,    9498,   10191,       0,       0,       0,    9498,   10191,     981,     288,       0,       0,       0,       0,       0,       0,       0,       0,       0,       0,    1601,    1691,    1499,       0,       0,       0,    1691,    1499,     -90,     102,  100.0,   90.6,   97.3,    0.0,    0.0,    0.0,   90.6,   97.3,    9.4,    2.7,  100.0,   90.6,   97.3,    0.0,    0.0,    0.0,   90.6,   97.3,    9.4,    2.7,    0.0,    0.0,    0.0,    0.0,    0.0,    0.0,    0.0,    0.0,    0.0,    0.0,     53,     37,     16,      0,      0,      0,     37,     16,     53,     37,     16,      0,      0,      0,     37,     16,      0,      0,      0,      0,      0,      0,      0,      0,    59.0,    87.4,    73.9,    94.0,    59.0,    87.4,    73.9,    94.0,    59.0,    87.4,    73.9,    94.0,    59.0,    87.4,    73.9,    94.0,     0.0,     0.0,     0.0,     0.0,     0.0,     0.0,     0.0,     0.0,"(5 Solana x $250 = $1250)","177LM1","FREX","180 "
"NANO SOLANA PERP STYLE - COINBASE DERIVATIVES, LLC",260106,2026-01-06,177LM3,FREX,00,180 ,   33121,   27469,   32300,       0,       0,       0,   27469,   32300,    5652,     821,   33121,   27469,   32300,       0,       0,       0,   27469,   32300,    5652,     821,       0,       0,       0,       0,       0,       0,       0,       0,       0,       0,   -9503,   -9126,   -9581,       0,       0,       0,   -9126,   -9581,    -377,      78,  100.0,   82.9,   97.5,    0.0,    0.0,    0.0,   82.9,   97.5,   17.1,    2.5,  100.0,   82.9,   97.5,    0.0,    0.0,    0.0,   82.9,   97.5,   17.1,    2.5,    0.0,    0.0,    0.0,    0.0,    0.0,    0.0,    0.0,    0.0,    0.0,    0.0,    292,    244,     48,      0,      0,      0,    244,     48,    292,    244,     48,      0,      0,      0,    244,     48,      0,      0,      0,      0,      0,      0,      0,      0,    12.2,    75.6,    21.0,    87.1,    12.2,    75.6,    21.0,    87.1,    12.2,    75.6,    21.0,    87.1,    12.2,    75.6,    21.0,    87.1,     0.0,     0.0,     0.0,     0.0,     0.0,     0.0,     0.0,     0.0,"(5 Solana x $180 = $900)","177LM3","FREX","180 "
"SUI PERP STYLE - COINBASE DERIVATIVES, LLC",260106,2026-01-06,180LM3,FREX,00,180 ,     916,     407,     650,       0,       0,       0,     407,     650,     509,     266,     916,     407,     650,       0,       0,       0,     407,     650,     509,     266,       0,       0,       0,       0,       0,       0,       0,       0,       0,       0,.,.,.,.,.,.,.,.,.,.,  100.0,   44.4,   71.0,    0.0,    0.0,    0.0,   44.4,   71.0,   55.6,   29.0,  100.0,   44.4,   71.0,    0.0,    0.0,    0.0,   44.4,   71.0,   55.6,   29.0,    0.0,    0.0,    0.0,    0.0,    0.0,    0.0,    0.0,    0.0,    0.0,    0.0,     22,     10,     12,      0,      0,      0,     10,     12,     22,     10,     12,      0,      0,      0,     10,     12,      0,      0,      0,      0,      0,      0,      0,      0,    21.8,    38.2,    38.8,    57.3,    21.8,    38.2,    38.8,    57.3,    21.8,    38.2,    38.8,    57.3,    21.8,    38.2,    38.8,    57.3,     0.0,     0.0,     0.0,     0.0,     0.0,     0.0,     0.0,     0.0,"(500 x SUI)","180LM3","FREX","180 "
"COBALT - COMMODITY EXCHANGE INC.",260106,2026-01-06,188691,CMX ,01,188 ,   15415,    5031,    4962,    2862,    6862,    6979,   14755,   14803,     660,     612,   15415,    5031,    4962,    2862,    6862,    6979,   14755,   14803,     660,     612,       0,       0,       0,       0,       0,       0,       0,       0,       0,       0,    -658,     210,    -244,    -305,    -564,     -46,    -659,    -595,       1,     -63,  100.0,   32.6,   32.2,   18.6,   44.5,   45.3,   95.7,   96.0,    4.3,    4.0,  100.0,   32.6,   32.2,   18.6,   44.5,   45.3,   95.7,   96.0,    4.3,    4.0,    0.0,    0.0,    0.0,    0.0,    0.0,    0.0,    0.0,    0.0,    0.0,    0.0,     42,     13,     10,     13,     11,     17,     29,     35,     42,     13,     10,     13,     11,     17,     29,     35,      0,      0,      0,      0,      0,      0,      0,      0,    46.7,    45.6,    76.2,    66.8,    39.5,    42.8,    63.7,    56.3,    46.7,    45.6,    76.2,    66.8,    39.5,    42.8,    63.7,    56.3,     0.0,     0.0,     0.0,     0.0,     0.0,     0.0,     0.0,     0.0,"2,204.62 pounds (1 Metric Ton)","188691","CMX ","188 "
"LITHIUM HYDROXIDE - COMMODITY EXCHANGE INC.",260106,2026-01-06,189691,CMX ,01,189 ,   22760,    4046,    9888,    2018,   16324,   10193,   22388,   22099,     372,     661,   22760,    4046,    9888,    2018,   16324,   10193,   22388,   22099,     372,     661,       0,       0,       0,       0,       0,       0,       0,       0,       0,       0,   -2333,    -152,   -2267,    -392,   -1861,     345,   -2405,   -2314,      72,     -19,  100.0,   17.8,   43.4,    8.9,   71.7,   44.8,   98.4,   97.1,    1.6,    2.9,  100.0,   17.8,   43.4,    8.9,   71.7,   44.8,   98.4,   97.1,    1.6,    2.9,    0.0,    0.0,    0.0,    0.0,    0.0,    0.0,    0.0,    0.0,    0.0,    0.0,     41,     14,     12,     13,     10,      8,     30,     27,     41,     14,     12,     13,     10,      8,     30,     27,      0,      0,      0,      0,      0,      0,      0,      0,    60.1,    51.0,    76.7,    77.0,    59.3,    50.3,    74.3,    74.8,    60.1,    51.0,    76.7,    77.0,    59.3,    50.3,    74.3,    74.8,     0.0,     0.0,     0.0,     0.0,     0.0,     0.0,     0.0,     0.0,"(1000) Kilograms","189691","CMX ","189 "
"ALUMINUM - COMMODITY EXCHANGE INC.",260106,2026-01-06,191691,CMX ,01,191 ,    2343,     675,     685,     719,       0,     701,    1394,    2105,     949,     238,    2343,     675,     685,     719,       0,     701,    1394,    2105,     949,     238,       0,       0,       0,       0,       0,       0,       0,       0,       0,       0,     232,      42,      86,      80,     -80,     103,      42,     269,     190,     -37,  100.0,   28.8,   29.2,   30.7,    0.0,   29.9,   59.5,   89.8,   40.5,   10.2,  100.0,   28.8,   29.2,   30.7,    0.0,   29.9,   59.5,   89.8,   40.5,   10.2,    0.0,    0.0,    0.0,    0.0,    0.0,    0.0,    0.0,    0.0,    0.0,    0.0,     27,     12,      8,     11,      0,      4,     20,     18,     27,     12,      8,     11,      0,      4,     20,     18,      0,      0,      0,      0,      0,      0,      0,      0,    30.9,    45.1,    42.7,    67.6,    20.5,    35.4,    26.2,    52.8,    30.9,    45.1,    42.7,    67.6,    20.5,    35.4,    26.2,    52.8,     0.0,     0.0,     0.0,     0.0,     0.0,     0.0,     0.0,     0.0,"(25 Metric Tons)","191691","CMX ","191 "
"ALUMINUM MWP - COMMODITY EXCHANGE INC.",260106,2026-01-06,191693,CMX ,01,191 ,   24118,    1746,    4428,     903,   21266,   18247,   23915,   23578,     203,     540,   24118,    1746,    4428,     903,   21266,   18247,   23915,   23578,     203,     540,       0,       0,       0,       0,       0,       0,       0,       0,       0,       0,   -3106,    -527,    -236,      -1,   -2498,   -2828,   -3026,   -3065,     -80,     -41,  100.0,    7.2,   18.4,    3.7,   88.2,   75.7,   99.2,   97.8,    0.8,    2.2,  100.0,    7.2,   18.4,    3.7,   88.2,   75.7,   99.2,   97.8,    0.8,    2.2,    0.0,    0.0,    0.0,    0.0,    0.0,    0.0,    0.0,    0.0,    0.0,    0.0,     47,      6,     11,      6,     21,     23,     30,     37,     47,      6,     11,      6,     21,     23,     30,     37,      0,      0,      0,      0,      0,      0,      0,      0,    56.1,    44.2,    75.2,    67.5,    55.0,    42.2,    71.7,    64.5,    56.1,    44.2,    75.2,    67.5,    55.0,    42.2,    71.7,    64.5,     0.0,     0.0,     0.0,     0.0,     0.0,     0.0,     0.0,     0.0,"(55,116 US Pounds-25 MT)","191693","CMX ","191 "
"ALUMINIUM EURO PREM DUTY-PAID - COMMODITY EXCHANGE INC.",260106,2026-01-06,191696,CMX ,01,191 ,   26342,    3035,    6436,      95,   23072,   19811,   26202,   26342,     140,       0,   26342,    3035,    6436,      95,   23072,   19811,   26202,   26342,     140,       0,       0,       0,       0,       0,       0,       0,       0,       0,       0,       0,   -3023,    -233,    -681,     -20,   -2716,   -2322,   -2969,   -3023,     -54,       0,  100.0,   11.5,   24.4,    0.4,   87.6,   75.2,   99.5,  100.0,    0.5,    0.0,  100.0,   11.5,   24.4,    0.4,   87.6,   75.2,   99.5,  100.0,    0.5,    0.0,    0.0,    0.0,    0.0,    0.0,    0.0,    0.0,    0.0,    0.0,    0.0,    0.0,     32,      8,      4,      2,     17,     10,     26,     15,     32,      8,      4,      2,     17,     10,     26,     15,      0,      0,      0,      0,      0,      0,      0,      0,    51.0,    84.1,    76.1,    97.2,    50.7,    84.1,    75.8,    93.4,    51.0,    84.1,    76.1,    97.2,    50.7,    84.1,    75.8,    93.4,     0.0,     0.0,     0.0,     0.0,     0.0,     0.0,     0.0,     0.0,"(25 METRIC TONS)","191696","CMX ","191 "
"STEEL-HRC - COMMODITY EXCHANGE INC.",260106,2026-01-06,192651,CMX ,01,192 ,   31512,   12020,    2543,     982,   18027,   27842,   31029,   31367,     483,     145,   31512,   12020,    2543,     982,   18027,   27842,   31029,   31367,     483,     145,       0,       0,       0,       0,       0,       0,       0,       0,       0,       0,   -4695,    -832,    -248,    -573,   -3390,   -3820,   -4795,   -4641,     100,     -54,  100.0,   38.1,    8.1,    3.1,   57.2,   88.4,   98.5,   99.5,    1.5,    0.5,  100.0,   38.1,    8.1,    3.1,   57.2,   88.4,   98.5,   99.5,    1.5,    0.5,    0.0,    0.0,    0.0,    0.0,    0.0,    0.0,    0.0,    0.0,    0.0,    0.0,     59,     21,     11,      7,     23,     16,     48,     31,     59,     21,     11,      7,     23,     16,     48,     31,      0,      0,      0,      0,      0,      0,      0,      0,    51.5,    60.4,    69.3,    80.4,    51.2,    57.8,    64.3,    72.3,    51.5,    60.4,    69.3,    80.4,    51.2,    57.8,    64.3,    72.3,     0.0,     0.0,     0.0,     0.0,     0.0,     0.0,     0.0,     0.0,"(CONTRACTS OF 20 SHORT TONS)","192651","CMX ","192 "
"NORTH EURO HOT-ROLL COIL STEEL - COMMODITY EXCHANGE INC.",260106,2026-01-06,192691,CMX ,01,192 ,    9944,    3806,    1291,    1090,    5013,    7526,    9909,    9907,      35,      37,    9944,    3806,    1291,    1090,    5013,    7526,    9909,    9907,      35,      37,       0,       0,       0,       0,       0,       0,       0,       0,       0,       0,   -2365,   -1294,     -56,    -152,    -864,   -2101,   -2310,   -2309,     -55,     -56,  100.0,   38.3,   13.0,   11.0,   50.4,   75.7,   99.6,   99.6,    0.4,    0.4,  100.0,   38.3,   13.0,   11.0,   50.4,   75.7,   99.6,   99.6,    0.4,    0.4,    0.0,    0.0,    0.0,    0.0,    0.0,    0.0,    0.0,    0.0,    0.0,    0.0,     25,      7,      3,      4,     10,     10,     19,     16,     25,      7,      3,      4,     10,     10,     19,     16,      0,      0,      0,      0,      0,      0,      0,      0,    73.6,    74.8,    91.5,    94.4,    58.0,    65.2,    68.9,    70.8,    73.6,    74.8,    91.5,    94.4,    58.0,    65.2,    68.9,    70.8,     0.0,     0.0,     0.0,     0.0,     0.0,     0.0,     0.0,     0.0,"(20 Metric Tons)","192691","CMX ","192 "
"NASDAQ-100 Consolidated - CHICAGO MERCANTILE EXCHANGE",260106,2026-01-06,20974+,CME ,00,209 ,  284377,   97977,   62376,    6372,  132460,  184827,  236808,  253574,   47569,   30803,  284377,   97977,   62376,    6372,  132460,  184827,  236808,  253574,   47569,   30803,       0,       0,       0,       0,       0,       0,       0,       0,       0,       0,   -2074,    1225,   -6709,     -75,   -4191,    3198,   -3040,   -3585,     966,    1511,  100.0,   34.5,   21.9,    2.2,   46.6,   65.0,   83.3,   89.2,   16.7,   10.8,  100.0,   34.5,   21.9,    2.2,   46.6,   65.0,   83.3,   89.2,   16.7,   10.8,    0.0,    0.0,    0.0,    0.0,    0.0,    0.0,    0.0,    0.0,    0.0,    0.0,    310,     86,     52,     37,    128,     82,    232,    154,    310,     86,     52,     37,    128,     82,    232,    154,      0,      0,      0,      0,      0,      0,      0,      0,    20.0,    32.9,    29.6,    47.3,    20.0,    32.1,    29.0,    46.6,    20.0,    32.9,    29.6,    47.3,    20.0,    32.1,    29.0,    46.6,     0.0,     0.0,     0.0,     0.0,     0.0,     0.0,     0.0,     0.0,"(NASDAQ 100 INDEX X $20)","20974+","CME ","209 "
"NASDAQ MINI - CHICAGO MERCANTILE EXCHANGE",260106,2026-01-06,209742,CME ,00,209 ,  274253,   97312,   64726,    2577,  130513,  182158,  230402,  249461,   43851,   24792,  274253,   97312,   64726,    2577,  130513,  182158,  230402,  249461,   43851,   24792,       0,       0,       0,       0,       0,       0,       0,       0,       0,       0,   -2286,     505,   -7030,     852,   -4765,    3424,   -3408,   -2754,    1122,     468,  100.0,   35.5,   23.6,    0.9,   47.6,   66.4,   84.0,   91.0,   16.0,    9.0,  100.0,   35.5,   23.6,    0.9,   47.6,   66.4,   84.0,   91.0,   16.0,    9.0,    0.0,    0.0,    0.0,    0.0,    0.0,    0.0,    0.0,    0.0,    0.0,    0.0,    272,     71,     45,     25,    114,     79,    197,    137,    272,     71,     45,     25,    114,     79,    197,    137,      0,      0,      0,      0,      0,      0,      0,      0,    20.7,    34.1,    30.6,    48.1,    20.7,    33.4,    30.1,    47.4,    20.7,    34.1,    30.6,    48.1,    20.7,    33.4,    30.1,    47.4,     0.0,     0.0,     0.0,     0.0,     0.0,     0.0,     0.0,     0.0,"(NASDAQ 100 STOCK INDEX X $20)","209742","CME ","209 "
"MICRO E-MINI NASDAQ-100 INDEX - CHICAGO MERCANTILE EXCHANGE",260106,2026-01-06,209747,CME ,00,209 ,  101243,   42988,   12838,    1607,   19466,   26688,   64061,   41133,   37182,   60110,  101243,   42988,   12838,    1607,   19466,   26688,   64061,   41133,   37182,   60110,       0,       0,       0,       0,       0,       0,       0,       0,       0,       0,    2121,   -2982,   -6970,     918,    5744,   -2257,    3680,   -8309,   -1559,   10430,  100.0,   42.5,   12.7,    1.6,   19.2,   26.4,   63.3,   40.6,   36.7,   59.4,  100.0,   42.5,   12.7,    1.6,   19.2,   26.4,   63.3,   40.6,   36.7,   59.4,    0.0,    0.0,    0.0,    0.0,    0.0,    0.0,    0.0,    0.0,    0.0,    0.0,     64,     27,     14,     12,     18,      6,     50,     27,     64,     27,     14,     12,     18,      6,     50,     27,      0,      0,      0,      0,      0,      0,      0,      0,    29.8,    31.2,    40.4,    37.2,    29.7,    31.2,    40.2,    36.0,    29.8,    31.2,    40.4,    37.2,    29.7,    31.2,    40.2,    36.0,     0.0,     0.0,     0.0,     0.0,     0.0,     0.0,     0.0,     0.0,"(NASDAQ 100 STOCK INDEX x $2)","209747","CME ","209 "
"BBG COMMODITY - CHICAGO BOARD OF TRADE",260106,2026-01-06,221602,CBT ,00,221 ,  204353,   58147,   71934,    4640,  140862,  126681,  203649,  203255,     704,    1098,  204353,   58147,   71934,    4640,  140862,  126681,  203649,  203255,     704,    1098,       0,       0,       0,       0,       0,       0,       0,       0,       0,       0,    8363,    9815,    7272,       0,   -1168,       0,    8647,    7272,    -284,    1091,  100.0,   28.5,   35.2,    2.3,   68.9,   62.0,   99.7,   99.5,    0.3,    0.5,  100.0,   28.5,   35.2,    2.3,   68.9,   62.0,   99.7,   99.5,    0.3,    0.5,    0.0,    0.0,    0.0,    0.0,    0.0,    0.0,    0.0,    0.0,    0.0,    0.0,     74,     46,     15,      1,     11,      2,     57,     18,     74,     46,     15,      1,     11,      2,     57,     18,      0,      0,      0,      0,      0,      0,      0,      0,    77.6,    90.5,    88.1,    96.5,    77.6,    90.5,    86.5,    95.0,    77.6,    90.5,    88.1,    96.5,    77.6,    90.5,    86.5,    95.0,     0.0,     0.0,     0.0,     0.0,     0.0,     0.0,     0.0,     0.0,"($100 X INDEX)","221602","CBT ","221 "
"AUSTRALIAN DOLLAR - CHICAGO MERCANTILE EXCHANGE",260106,2026-01-06,232741,CME ,00,232 ,  230926,   80491,   99451,    4780,  106793,  110036,  192064,  214267,   38862,   16659,  230926,   80491,   99451,    4780,  106793,  110036,  192064,  214267,   38862,   16659,       0,       0,       0,       0,       0,       0,       0,       0,       0,       0,    7122,    2994,     738,    1789,    1409,    3814,    6192,    6341,     930,     781,  100.0,   34.9,   43.1,    2.1,   46.2,   47.6,   83.2,   92.8,   16.8,    7.2,  100.0,   34.9,   43.1,    2.1,   46.2,   47.6,   83.2,   92.8,   16.8,    7.2,    0.0,    0.0,    0.0,    0.0,    0.0,    0.0,    0.0,    0.0,    0.0,    0.0,    123,     42,     26,     12,     40,     25,     85,     60,    123,     42,     26,     12,     40,     25,     85,     60,      0,      0,      0,      0,      0,      0,      0,      0,    34.7,    59.1,    44.7,    70.3,    34.7,    58.9,    44.7,    68.6,    34.7,    59.1,    44.7,    70.3,    34.7,    58.9,    44.7,    68.6,     0.0,     0.0,     0.0,     0.0,     0.0,     0.0,     0.0,     0.0,"(CONTRACTS OF AUD 100,000)","232741","CME ","232 "
"RUSSELL E-MINI - CHICAGO MERCANTILE EXCHANGE",260106,2026-01-06,239742,CME ,00,239 ,  394363,   67059,   69162,   17919,  278938,  290407,  363916,  377488,   30447,   16875,  394363,   67059,   69162,   17919,  278938,  290407,  363916,  377488,   30447,   16875,       0,       0,       0,       0,       0,       0,       0,       0,       0,       0,    5576,     947,    -581,    5148,    2058,     241,    8153,    4808,   -2577,     768,  100.0,   17.0,   17.5,    4.5,   70.7,   73.6,   92.3,   95.7,    7.7,    4.3,  100.0,   17.0,   17.5,    4.5,   70.7,   73.6,   92.3,   95.7,    7.7,    4.3,    0.0,    0.0,    0.0,    0.0,    0.0,    0.0,    0.0,    0.0,    0.0,    0.0,    318,     51,     44,     19,    156,    115,    216,    169,    318,     51,     44,     19,    156,    115,    216,    169,      0,      0,      0,      0,      0,      0,      0,      0,    16.8,    26.0,    26.8,    35.1,    15.4,    25.4,    24.5,    34.0,    16.8,    26.0,    26.8,    35.1,    15.4,    25.4,    24.5,    34.0,     0.0,     0.0,     0.0,     0.0,     0.0,     0.0,     0.0,     0.0,"(RUSSEL 2000 INDEX X $50)","239742","CME ","239 "
"EMINI RUSSELL 1000 VALUE INDEX - CHICAGO MERCANTILE EXCHANGE",260106,2026-01-06,239744,CME ,00,239 ,   33223,    4054,   15680,       0,   27170,   16696,   31224,   32376,    1999,     847,   33223,    4054,   15680,       0,   27170,   16696,   31224,   32376,    1999,     847,       0,       0,       0,       0,       0,       0,       0,       0,       0,       0,      71,   -1102,       0,       0,    1220,      -8,     118,      -8,     -47,      79,  100.0,   12.2,   47.2,    0.0,   81.8,   50.3,   94.0,   97.5,    6.0,    2.5,  100.0,   12.2,   47.2,    0.0,   81.8,   50.3,   94.0,   97.5,    6.0,    2.5,    0.0,    0.0,    0.0,    0.0,    0.0,    0.0,    0.0,    0.0,    0.0,    0.0,     22,      3,      2,      0,      9,      8,     12,     10,     22,      3,      2,      0,      9,      8,     12,     10,      0,      0,      0,      0,      0,      0,      0,      0,    76.3,    87.1,    88.0,    95.5,    76.3,    87.1,    88.0,    95.5,    76.3,    87.1,    88.0,    95.5,    76.3,    87.1,    88.0,    95.5,     0.0,     0.0,     0.0,     0.0,     0.0,     0.0,     0.0,     0.0,"(RUSSELL 1000 VALUE INDEX x $50)","239744","CME ","239 "
"MICRO E-MINI RUSSELL 2000 INDX - CHICAGO MERCANTILE EXCHANGE",260106,2026-01-06,239747,CME ,00,239 ,   22658,    3769,    2382,      25,   10222,       0,   14016,    2407,    8642,   20251,   22658,    3769,    2382,      25,   10222,       0,   14016,    2407,    8642,   20251,       0,       0,       0,       0,       0,       0,       0,       0,       0,       0,.,.,.,.,.,.,.,.,.,.,  100.0,   16.6,   10.5,    0.1,   45.1,    0.0,   61.9,   10.6,   38.1,   89.4,  100.0,   16.6,   10.5,    0.1,   45.1,    0.0,   61.9,   10.6,   38.1,   89.4,    0.0,    0.0,    0.0,    0.0,    0.0,    0.0,    0.0,    0.0,    0.0,    0.0,     23,      6,      6,      1,     11,      0,     18,      6,     23,      6,      6,      1,     11,      0,     18,      6,      0,      0,      0,      0,      0,      0,      0,      0,    35.6,     8.6,    48.9,    10.6,    35.6,     8.5,    48.9,    10.5,    35.6,     8.6,    48.9,    10.6,    35.6,     8.5,    48.9,    10.5,     0.0,     0.0,     0.0,     0.0,     0.0,     0.0,     0.0,     0.0,"(RUSSEL 2000 INDEX X $0.5)","239747","CME ","239 "
"NIKKEI STOCK AVERAGE YEN DENOM - CHICAGO MERCANTILE EXCHANGE",260106,2026-01-06,240743,CME ,00,240 ,   30635,    6506,    2835,     222,   17397,   12105,   24125,   15162,    6510,   15473,   30635,    6506,    2835,     222,   17397,   12105,   24125,   15162,    6510,   15473,       0,       0,       0,       0,       0,       0,       0,       0,       0,       0,     600,     574,      48,     136,    -505,     602,     205,     786,     395,    -186,  100.0,   21.2,    9.3,    0.7,   56.8,   39.5,   78.7,   49.5,   21.3,   50.5,  100.0,   21.2,    9.3,    0.7,   56.8,   39.5,   78.7,   49.5,   21.3,   50.5,    0.0,    0.0,    0.0,    0.0,    0.0,    0.0,    0.0,    0.0,    0.0,    0.0,     47,     13,      7,      3,     16,     14,     31,     22,     47,     13,      7,      3,     16,     14,     31,     22,      0,      0,      0,      0,      0,      0,      0,      0,    38.6,    29.3,    51.3,    37.1,    38.4,    28.7,    51.0,    36.0,    38.6,    29.3,    51.3,    37.1,    38.4,    28.7,    51.0,    36.0,     0.0,     0.0,     0.0,     0.0,     0.0,     0.0,     0.0,     0.0,"(NIKKEI INDEX X JPY 500)","240743","CME ","240 "
"MSCI EAFE - ICE FUTURES U.S.",260106,2026-01-06,244041,ICUS,01,244 ,  413528,   48453,   36970,    1747,  350138,  370277,  400338,  408994,   13190,    4534,  413528,   48453,   36970,    1747,  350138,  370277,  400338,  408994,   13190,    4534,       0,       0,       0,       0,       0,       0,       0,       0,       0,       0,   -3016,    3732,    8489,     421,   -6805,  -11071,   -2652,   -2161,    -364,    -855,  100.0,   11.7,    8.9,    0.4,   84.7,   89.5,   96.8,   98.9,    3.2,    1.1,  100.0,   11.7,    8.9,    0.4,   84.7,   89.5,   96.8,   98.9,    3.2,    1.1,    0.0,    0.0,    0.0,    0.0,    0.0,    0.0,    0.0,    0.0,    0.0,    0.0,    192,     29,     15,      7,    116,     73,    149,     91,    192,     29,     15,      7,    116,     73,    149,     91,      0,      0,      0,      0,      0,      0,      0,      0,    24.9,    37.1,    38.5,    55.4,    21.6,    37.1,    35.1,    55.2,    24.9,    37.1,    38.5,    55.4,    21.6,    37.1,    35.1,    55.2,     0.0,     0.0,     0.0,     0.0,     0.0,     0.0,     0.0,     0.0,"(MSCI EAFE INDEX X $50)","244041","ICUS","244 "
"MSCI EM INDEX - ICE FUTURES U.S.",260106,2026-01-06,244042,ICUS,01,244 , 1145107,  200738,   98026,   12638,  899124, 1024535, 1112500, 1135199,   32607,    9908, 1145107,  200738,   98026,   12638,  899124, 1024535, 1112500, 1135199,   32607,    9908,       0,       0,       0,       0,       0,       0,       0,       0,       0,       0,    7805,   12702,   14310,     940,   -4568,   -9115,    9074,    6135,   -1269,    1670,  100.0,   17.5,    8.6,    1.1,   78.5,   89.5,   97.2,   99.1,    2.8,    0.9,  100.0,   17.5,    8.6,    1.1,   78.5,   89.5,   97.2,   99.1,    2.8,    0.9,    0.0,    0.0,    0.0,    0.0,    0.0,    0.0,    0.0,    0.0,    0.0,    0.0,    400,     92,     34,     19,    229,    115,    328,    161,    400,     92,     34,     19,    229,    115,    328,    161,      0,      0,      0,      0,      0,      0,      0,      0,    13.7,    36.2,    23.0,    52.8,    13.1,    36.2,    21.7,    52.8,    13.7,    36.2,    23.0,    52.8,    13.1,    36.2,    21.7,    52.8,     0.0,     0.0,     0.0,     0.0,     0.0,     0.0,     0.0,     0.0,"(MSCI Emerging Markets Index x $50)","244042","ICUS","244 "
"EURO FX/BRITISH POUND XRATE - CHICAGO MERCANTILE EXCHANGE",260106,2026-01-06,299741,CME ,00,099 ,   38628,    8238,    4889,       0,   15344,   30247,   23582,   35136,   15046,    3492,   38628,    8238,    4889,       0,   15344,   30247,   23582,   35136,   15046,    3492,       0,       0,       0,       0,       0,       0,       0,       0,       0,       0,   -1124,    -690,   -1203,       0,     -15,      -7,    -705,   -1210,    -419,      86,  100.0,   21.3,   12.7,    0.0,   39.7,   78.3,   61.0,   91.0,   39.0,    9.0,  100.0,   21.3,   12.7,    0.0,   39.7,   78.3,   61.0,   91.0,   39.0,    9.0,    0.0,    0.0,    0.0,    0.0,    0.0,    0.0,    0.0,    0.0,    0.0,    0.0,     28,     10,      3,      0,     11,      8,     21,     11,     28,     10,      3,      0,     11,      8,     21,     11,      0,      0,      0,      0,      0,      0,      0,      0,    20.8,    81.8,    36.9,    90.2,    20.1,    81.8,    35.2,    88.0,    20.8,    81.8,    36.9,    90.2,    20.1,    81.8,    35.2,    88.0,     0.0,     0.0,     0.0,     0.0,     0.0,     0.0,     0.0,     0.0,"(CONTRACTS OF EUR 125,000)","299741","CME ","099 "
"E-MINI S&P 400 STOCK INDEX - CHICAGO MERCANTILE EXCHANGE",260106,2026-01-06,33874A,CME ,00,138 ,   43617,    6441,    2260,     241,   26975,   35049,   33657,   37550,    9960,    6067,   43617,    6441,    2260,     241,   26975,   35049,   33657,   37550,    9960,    6067,       0,       0,       0,       0,       0,       0,       0,       0,       0,       0,    -280,      40,     215,      42,    -744,    -710,    -662,    -453,     382,     173,  100.0,   14.8,    5.2,    0.6,   61.8,   80.4,   77.2,   86.1,   22.8,   13.9,  100.0,   14.8,    5.2,    0.6,   61.8,   80.4,   77.2,   86.1,   22.8,   13.9,    0.0,    0.0,    0.0,    0.0,    0.0,    0.0,    0.0,    0.0,    0.0,    0.0,     66,      5,      5,      3,     42,     25,     48,     32,     66,      5,      5,      3,     42,     25,     48,     32,      0,      0,      0,      0,      0,      0,      0,      0,    23.4,    37.8,    35.8,    60.8,    23.2,    37.8,    35.6,    60.6,    23.4,    37.8,    35.8,    60.8,    23.2,    37.8,    35.6,    60.6,     0.0,     0.0,     0.0,     0.0,     0.0,     0.0,     0.0,     0.0,"(S&P 400 INDEX X $100)","33874A","CME ","138 "
"2 YEAR ERIS SOFR SWAP - CHICAGO BOARD OF TRADE",260106,2026-01-06,342603,CBT ,00,342 ,   90475,   69123,   62111,   20539,     813,    7790,   90475,   90440,       0,      35,   90475,   69123,   62111,   20539,     813,    7790,   90475,   90440,       0,      35,       0,       0,       0,       0,       0,       0,       0,       0,       0,       0,     585,     467,   11753,     118,       0,     104,     585,   11975,       0,  -11390,  100.0,   76.4,   68.6,   22.7,    0.9,    8.6,  100.0,  100.0,    0.0,    0.0,  100.0,   76.4,   68.6,   22.7,    0.9,    8.6,  100.0,  100.0,    0.0,    0.0,    0.0,    0.0,    0.0,    0.0,    0.0,    0.0,    0.0,    0.0,    0.0,    0.0,     43,     11,     27,      3,      2,      4,     15,     32,     43,     11,     27,      3,      2,      4,     15,     32,      0,      0,      0,      0,      0,      0,      0,      0,    95.1,    64.4,    98.8,    81.4,    73.8,    46.7,    76.6,    61.6,    95.1,    64.4,    98.8,    81.4,    73.8,    46.7,    76.6,    61.6,     0.0,     0.0,     0.0,     0.0,     0.0,     0.0,     0.0,     0.0,"(100,000 USD notional principal)","342603","CBT ","342 "
"10 YEAR ERIS SOFR SWAP - CHICAGO BOARD OF TRADE",260106,2026-01-06,343603,CBT ,00,343 ,  176002,   95361,  120541,   38641,   41983,   16802,  175985,  175984,      17,      18,  176002,   95361,  120541,   38641,   41983,   16802,  175985,  175984,      17,      18,       0,       0,       0,       0,       0,       0,       0,       0,       0,       0,     220,      20,     220,       0,     200,       0,     220,     220,       0,       0,  100.0,   54.2,   68.5,   22.0,   23.9,    9.5,  100.0,  100.0,    0.0,    0.0,  100.0,   54.2,   68.5,   22.0,   23.9,    9.5,  100.0,  100.0,    0.0,    0.0,    0.0,    0.0,    0.0,    0.0,    0.0,    0.0,    0.0,    0.0,    0.0,    0.0,     47,     26,     14,      4,      4,      4,     33,     19,     47,     26,     14,      4,      4,      4,     33,     19,      0,      0,      0,      0,      0,      0,      0,      0,    47.5,    88.0,    70.8,    98.2,    32.6,    66.6,    49.0,    68.2,    47.5,    88.0,    70.8,    98.2,    32.6,    66.6,    49.0,    68.2,     0.0,     0.0,     0.0,     0.0,     0.0,     0.0,     0.0,     0.0,"(100,000 USD notional principal)","343603","CBT ","343 "
"5 YEAR ERIS SOFR SWAP - CHICAGO BOARD OF TRADE",260106,2026-01-06,344605,CBT ,00,344 ,  119654,   92162,   67011,   15400,   12082,   37167,  119644,  119578,      10,      76,  119654,   92162,   67011,   15400,   12082,   37167,  119644,  119578,      10,      76,       0,       0,       0,       0,       0,       0,       0,       0,       0,       0,    3477,    3340,    6652,     -23,     160,    3180,    3477,    9809,       0,   -6332,  100.0,   77.0,   56.0,   12.9,   10.1,   31.1,  100.0,   99.9,    0.0,    0.1,  100.0,   77.0,   56.0,   12.9,   10.1,   31.1,  100.0,   99.9,    0.0,    0.1,    0.0,    0.0,    0.0,    0.0,    0.0,    0.0,    0.0,    0.0,    0.0,    0.0,     58,     23,     25,      5,      3,      9,     28,     37,     58,     23,     25,      5,      3,      9,     28,     37,      0,      0,      0,      0,      0,      0,      0,      0,    62.8,    59.7,    79.8,    75.1,    57.6,    54.8,    69.9,    67.2,    62.8,    59.7,    79.8,    75.1,    57.6,    54.8,    69.9,    67.2,     0.0,     0.0,     0.0,     0.0,     0.0,     0.0,     0.0,     0.0,"(100,000 USD notional principal)","344605","CBT ","344 "
"3 YEAR ERIS SOFR SWAP - CHICAGO BOARD OF TRADE",260106,2026-01-06,344606,CBT ,00,344 ,   64392,   56133,   34680,    8249,      10,   21423,   64392,   64352,       0,      40,   64392,   56133,   34680,    8249,      10,   21423,   64392,   64352,       0,      40,       0,       0,       0,       0,       0,       0,       0,       0,       0,       0,.,.,.,.,.,.,.,.,.,.,  100.0,   87.2,   53.9,   12.8,    0.0,   33.3,  100.0,   99.9,    0.0,    0.1,  100.0,   87.2,   53.9,   12.8,    0.0,   33.3,  100.0,   99.9,    0.0,    0.1,    0.0,    0.0,    0.0,    0.0,    0.0,    0.0,    0.0,    0.0,    0.0,    0.0,     20,      2,     12,      3,      1,      6,      5,     19,     20,      2,     12,      3,      1,      6,      5,     19,      0,      0,      0,      0,      0,      0,      0,      0,   100.0,    83.2,   100.0,    97.3,    87.2,    75.7,    87.2,    85.1,   100.0,    83.2,   100.0,    97.3,    87.2,    75.7,    87.2,    85.1,     0.0,     0.0,     0.0,     0.0,     0.0,     0.0,     0.0,     0.0,"100,000 USD notional principal","344606","CBT ","344 "
"EURO FX/JAPANESE YEN XRATE - CHICAGO MERCANTILE EXCHANGE",260106,2026-01-06,399741,CME ,00,099 ,   17876,    4803,    4445,       0,    3287,    9049,    8090,   13494,    9786,    4382,   17876,    4803,    4445,       0,    3287,    9049,    8090,   13494,    9786,    4382,       0,       0,       0,       0,       0,       0,       0,       0,       0,       0,     466,     545,     401,       0,     -23,      98,     522,     499,     -56,     -33,  100.0,   26.9,   24.9,    0.0,   18.4,   50.6,   45.3,   75.5,   54.7,   24.5,  100.0,   26.9,   24.9,    0.0,   18.4,   50.6,   45.3,   75.5,   54.7,   24.5,    0.0,    0.0,    0.0,    0.0,    0.0,    0.0,    0.0,    0.0,    0.0,    0.0,     23,      6,      4,      0,      8,      9,     14,     13,     23,      6,      4,      0,      8,      9,     14,     13,      0,      0,      0,      0,      0,      0,      0,      0,    25.8,    40.4,    37.5,    63.6,    25.8,    39.9,    37.5,    63.1,    25.8,    40.4,    37.5,    63.6,    25.8,    39.9,    37.5,    63.1,     0.0,     0.0,     0.0,     0.0,     0.0,     0.0,     0.0,     0.0,"(CONTRACTS OF EUR 125,000)","399741","CME ","099 "
"PGP PROPYLENE (PCW) CAL - NEW YORK MERCANTILE EXCHANGE",260106,2026-01-06,406651,NYME,01,406 ,    7557,    2738,    4285,     971,    3760,    2211,    7469,    7467,      88,      90,    7557,    2738,    4285,     971,    3760,    2211,    7469,    7467,      88,      90,       0,       0,       0,       0,       0,       0,       0,       0,       0,       0,   -2087,    -662,   -1304,    -145,   -1247,    -638,   -2054,   -2087,     -33,       0,  100.0,   36.2,   56.7,   12.8,   49.8,   29.3,   98.8,   98.8,    1.2,    1.2,  100.0,   36.2,   56.7,   12.8,   49.8,   29.3,   98.8,   98.8,    1.2,    1.2,    0.0,    0.0,    0.0,    0.0,    0.0,    0.0,    0.0,    0.0,    0.0,    0.0,     22,      6,      5,      2,      7,      8,     14,     14,     22,      6,      5,      2,      7,      8,     14,     14,      0,      0,      0,      0,      0,      0,      0,      0,    59.2,    68.4,    88.3,    90.9,    57.8,    62.9,    79.4,    78.6,    59.2,    68.4,    88.3,    90.9,    57.8,    62.9,    79.4,    78.6,     0.0,     0.0,     0.0,     0.0,     0.0,     0.0,     0.0,     0.0,"(CONTRACTS OF 100,000 POUNDS)","406651","NYME","406 "
"S&P 500 ANNUAL DIVIDEND INDEX - CHICAGO MERCANTILE EXCHANGE",260106,2026-01-06,43874A,CME ,00,438 ,  280819,  108794,   37793,   10332,  156988,  231629,  276114,  279754,    4705,    1065,  280819,  108794,   37793,   10332,  156988,  231629,  276114,  279754,    4705,    1065,       0,       0,       0,       0,       0,       0,       0,       0,       0,       0,    1112,     791,      46,     174,     279,     705,    1244,     925,    -132,     187,  100.0,   38.7,   13.5,    3.7,   55.9,   82.5,   98.3,   99.6,    1.7,    0.4,  100.0,   38.7,   13.5,    3.7,   55.9,   82.5,   98.3,   99.6,    1.7,    0.4,    0.0,    0.0,    0.0,    0.0,    0.0,    0.0,    0.0,    0.0,    0.0,    0.0,     87,     29,      7,     13,     43,     29,     74,     47,     87,     29,      7,     13,     43,     29,     74,     47,      0,      0,      0,      0,      0,      0,      0,      0,    25.9,    57.0,    40.9,    77.7,    25.8,    54.8,    40.4,    75.3,    25.9,    57.0,    40.9,    77.7,    25.8,    54.8,    40.4,    75.3,     0.0,     0.0,     0.0,     0.0,     0.0,     0.0,     0.0,     0.0,"(S&P 500 ANNUAL DIVIDEND INDEX X $250)","43874A","CME ","438 "
"S&P 500 QUARTERLY DIVIDEND IND - CHICAGO MERCANTILE EXCHANGE",260106,2026-01-06,43874Q,CME ,00,438 ,   35818,   21709,   14873,    1208,   12881,   19710,   35798,   35791,      20,      27,   35818,   21709,   14873,    1208,   12881,   19710,   35798,   35791,      20,      27,       0,       0,       0,       0,       0,       0,       0,       0,       0,       0,    2055,     329,     935,     286,    1440,     834,    2055,    2055,       0,       0,  100.0,   60.6,   41.5,    3.4,   36.0,   55.0,   99.9,   99.9,    0.1,    0.1,  100.0,   60.6,   41.5,    3.4,   36.0,   55.0,   99.9,   99.9,    0.1,    0.1,    0.0,    0.0,    0.0,    0.0,    0.0,    0.0,    0.0,    0.0,    0.0,    0.0,     28,      4,      3,      2,     16,     17,     21,     21,     28,      4,      3,      2,     16,     17,     21,     21,      0,      0,      0,      0,      0,      0,      0,      0,    76.9,    60.0,    93.7,    89.3,    73.3,    53.1,    81.6,    75.0,    76.9,    60.0,    93.7,    89.3,    73.3,    53.1,    81.6,    75.0,     0.0,     0.0,     0.0,     0.0,     0.0,     0.0,     0.0,     0.0,"(S&P 500 QUARTERLY DIVIDEND INDEX X $100","43874Q","CME ","438 "
"GULF JET NY HEAT OIL SPR - NEW YORK MERCANTILE EXCHANGE",260106,2026-01-06,86465A,NYME,01,864 ,   17936,    1230,       0,       0,   16525,   17936,   17755,   17936,     181,       0,   17936,    1230,       0,       0,   16525,   17936,   17755,   17936,     181,       0,       0,       0,       0,       0,       0,       0,       0,       0,       0,       0,   -3515,    -340,       0,       0,   -3240,   -3485,   -3580,   -3485,      65,     -30,  100.0,    6.9,    0.0,    0.0,   92.1,  100.0,   99.0,  100.0,    1.0,    0.0,  100.0,    6.9,    0.0,    0.0,   92.1,  100.0,   99.0,  100.0,    1.0,    0.0,    0.0,    0.0,    0.0,    0.0,    0.0,    0.0,    0.0,    0.0,    0.0,    0.0,     31,      2,      0,      0,     21,     13,     23,     13,     31,      2,      0,      0,     21,     13,     23,     13,      0,      0,      0,      0,      0,      0,      0,      0,    55.7,    72.2,    77.8,    90.8,    53.6,    68.2,    72.0,    83.8,    55.7,    72.2,    77.8,    90.8,    53.6,    68.2,    72.0,    83.8,     0.0,     0.0,     0.0,     0.0,     0.0,     0.0,     0.0,     0.0,"(CONTRACTS OF 42,000 GALLONS)","86465A","NYME","864 "
"GULF # 6 FUEL OIL CRACK - NEW YORK MERCANTILE EXCHANGE",260106,2026-01-06,86565A,NYME,01,865 ,   15751,       0,    3616,    1803,   13903,   10287,   15706,   15706,      45,      45,   15751,       0,    3616,    1803,   13903,   10287,   15706,   15706,      45,      45,       0,       0,       0,       0,       0,       0,       0,       0,       0,       0,   -1235,       0,   -1955,     325,   -1605,     350,   -1280,   -1280,      45,      45,  100.0,    0.0,   23.0,   11.4,   88.3,   65.3,   99.7,   99.7,    0.3,    0.3,  100.0,    0.0,   23.0,   11.4,   88.3,   65.3,   99.7,   99.7,    0.3,    0.3,    0.0,    0.0,    0.0,    0.0,    0.0,    0.0,    0.0,    0.0,    0.0,    0.0,     25,      0,      6,      3,     16,     16,     19,     22,     25,      0,      6,      3,     16,     16,     19,     22,      0,      0,      0,      0,      0,      0,      0,      0,    63.7,    46.3,    85.1,    72.9,    32.4,    24.1,    39.3,    34.3,    63.7,    46.3,    85.1,    72.9,    32.4,    24.1,    39.3,    34.3,     0.0,     0.0,     0.0,     0.0,     0.0,     0.0,     0.0,     0.0,"(CONTRACTS OF 1,000 BARRELS)","86565A","NYME","865 "
